loan_id,gender,borrower_count,group_or_individual,sector,loan_amount,lender_repayment_term_months,field_partner_id,field_partner_name,raised_date,description,local_brwr_female,local_brwr_male,local_use,label,raised_year,funding_speed_days,funding_window_days,sector_group,pct_pictured,q1,q2,q3,q4,q5,q6,q7
96764,female,1,individual,Arts,1125.0,14,97,FAPE,2009-03-26T02:34:17Z,"Teresa T. C. is 24 years old. About a year ago she was widowed with three young children. Teresa lives in the city of Tecpan and works with her family in weaving güipiles (traditional clothing). Teresa is a strong and enterprising woman and says that although it has been hard since her husband died, she is not afraid. Teresa is the leader of their small family business and she works closely with her father and siblings. The business needs more capital in order for them to purchase thread for the güipiles and for the labor that is invested in creating each one. They also have started making sweaters for babies and hope to grow this business as well. Teresa’s dream is to have enough capital and to be a successful business owner. She also wants her children to have better food, housing and education throughout their lives. 


*********************************************************************************************
Translated from Spanish by Andrea Bouch, Kiva Fellow.
*********************************************************************************************


Doña Teresa T. C. es ahora de 24 años de edad, hace un año se quedo viuda, con tres hijos, de edad pequeña, Vive en el Municipio de Tecpan, desde pequeña a trabajado en elaboración de Güipiles, ella no le teme que esta sola, porque es una mujer emprendedora, su papá es parte de su trabajador, sus hermanos, creen que ella es la líder, por lo que  necesita un capital mas para, comprar, mas hilo para los güipiles, capital para mano de obra; tienen una producción de suéteres para bebes; su sueño es tener el capital propio para salir adelante, cuando crezcan sus hijos puedan tener mejor alimentación, casa, estudios mínimos, ser una microempresaria exitosa.

",1.0,0.0,Thread and materials for weaving,1,2009,0.1140046296296296,,Production & Construction,1.0,No,No,Yes,Yes,No,No,No
129559,female,1,individual,Retail,1025.0,14,110,Emprender,2009-09-26T23:00:22Z,"Lydia D. N. is an old client; in her credit history she has had no delayed payments, which indicates that she is a responsible and committed person. She dedicates herself to purchasing stuffed animals wholesale, to sell retail at the popular market of the 16 D. Julio area in the city of El Alto. She runs her business alone. She does not have a husband, and has one daughter that is currently studying.  <br /><p><strong>Translated from Spanish by Mariela Cedeno, Kiva Volunteer</strong></p>",1.0,0.0,She will invest the loan in the purchase of more bundles of stuffed animals.,1,2009,25.166597222222222,,Food & Trade,1.0,No,No,No,No,No,No,No
156081,female,1,individual,Clothing,725.0,9,110,Emprender,2009-12-27T20:46:01Z,"Doña Martha is 37 years old.  She lives at her mother’s house with her husband, Don Bernardo, and their three children.  They have their own separate living quarters.  Her husband is a blacksmith who works with forged iron to make his finished products.  He operates his business out of their home while she works as a traveling street vendor (without a permanent location).  
<p>
Martha is requesting a loan to buy more merchandise, such as undergarments and toys, before prices go up.  She plans to acquire these products in the city of Oruro where a large fair is held for the Christmas and New Year’s seasons.  
			
				
				
				
				
<br /><p><strong>Translated from Spanish by Ronan Reodica, Kiva Volunteer</strong></p>",1.0,0.0,Purchase undergarments & toys for the holiday season,1,2009,26.03116898148148,,Food & Trade,1.0,No,No,No,No,No,No,No
172580,female,1,individual,Retail,725.0,9,110,Emprender,2010-02-09T02:26:02Z,"

Ana is a responsible, dynamic, very hard-working person.  Her family is made up of herself and her five, school-age, children.  She is currently separated from her husband; a situation that has been very difficult for her but that she is overcoming gradually.

Ana has a small, neighborhood grocery store in the Sopocachi neighborhood where she sells all kinds of household items.  Her store is well-stocked and the store produces her main source of income to support her household; she has to work very hard to support her 5 children.

She will use this loan to buy items to stock her store, especially during the Christmas season, because she will have high demand during this time.

Ana is grateful to Emprender and Kiva for trusting her enough to grant the loan.		.	
						
						
	<br /><p><strong>Translated from Spanish by Michael Bujazan, Kiva Volunteer</strong></p>",1.0,0.0,To buy stock inventory items.,1,2010,7.267835648148148,,Food & Trade,1.0,No,No,Yes,No,No,No,No
173825,male,1,individual,Housing,725.0,11,110,Emprender,2010-02-20T12:34:00Z,"Francisco came to the Institution by recommendation from a long time client.  He is a young person who is married to Francisca.  They have two school-age children.  They take care of the house and prepare their food when they get home from school.

Francisco works as a mechanic during the day, and at night he transports passengers.  His route is in the southern area.  He belongs to the Trufis 1 Union.  He lives with his family in the Villa Concepción area in Achumani Alto.  His wife works all day as a household employee in the Achumani region.  The neighbors say that they recommend him as a client because they know that he is a responsible and very hard-working person.

The loan is to repair and expand his house.  He wants to make his family more comfortable and improve their quality of life.

One of is wishes is to be able to see his children become professionals.  The other is to see his house completed.

He is grateful to Emprender and Kiva for the confidence shown in granting the loan.

 						
						
						
						
						
						
						
						
						
						
						
						
						
						
<br /><p><strong>Translated from Spanish by Ginny Kalish, Kiva Volunteer</strong></p>",0.0,1.0,Repair his house,1,2010,16.176319444444445,,Production & Construction,1.0,No,No,Yes,Yes,No,No,No
177995,female,10,group,Retail,2025.0,8,110,Emprender,2010-03-27T20:36:19Z,"The board of directors for the PRIMAVERA communal bank group is composed of: 

Antonia, the president, works selling coca by the taque and raleo (units of measure).  She lives in her parent's house and currently is responsible for the family's expenses.  She is single and a student;  her wish is to become a professional in order to improve her quality of life.  The money from the loan is for the purchase of bags of coca with the goal of selling them at a higher price.

Maria Esther is the treasurer and sells food in the coca market.  Currently, she is providing the family's income.  She is a single mother of two children that she is raising alone.  She is very hardworking and with the loan money she wants to buy ingredients for the preparation of her food dishes.  

Nancy is the secretary and works selling new clothing and shoes by order in her house.

These three are the board of directors of the PRIMAVERA communal bank group, which is composed of 10 people that mutually guarantee each other's loans because they know each other and know that it is an indivisible community bond.  They all live in the Delicias zone located three blocks from Villa Fátima.  They are mothers of responsible families and are ready to push ahead their families and businesses.

All of the members are grateful to Emprender and Kiva for the confidence shown by the granting of the loan.<br /><p><strong>Translated from Spanish by Donald Allen, Kiva Volunteer</strong></p>",10.0,0.0,Purchase of merchandise,1,2010,26.066770833333333,,Food & Trade,1.0,No,No,Yes,No,Yes,Yes,No
182928,female,1,individual,Clothing,700.0,12,110,Emprender,2010-04-19T09:22:04Z,"

Rosa lives in La Gurdia, which is 20 kilometers from the city of Santa Cruz.  She is married and has just one son under her care; the others are all adult, married and independent.

Rosa works selling clothing because her husband's income is insufficient to meet all household needs.

She hopes to have a fixed sales location inside the central market so that she doesn't have to peddle in the streets anymore.

She will use the funds to buy merchandise to increase her working capital.  She is a responsible, dynamic, very hard-working person.

She is grateful to Emprender and to Kiva for the trust placed in her by granting the loan.<br /><p><strong>Translated from Spanish by Michael Bujazan, Kiva Volunteer</strong></p>",1.0,0.0,To buy clothing.,1,2010,18.098553240740745,,Food & Trade,1.0,No,No,No,No,No,No,No
183836,male,1,individual,Housing,975.0,26,98,AFODENIC,2010-03-25T14:22:38Z,"Lucas, age 32, has worked for nine years as a nurse’s aide in the Health Center of the Talolinga neighborhood, 37 kilometers from Nueva Guinea. He is married and has two children, 5 and 2 years old. His wife is also a nurse’s aide, working in the Jacinto Baca neighborhood. Lucas and his wife share the household expenses.

Lucas is seeking his third loan with AFODENIC to invest in the construction of a bedroom in his house. This will provide more comfort and better living conditions for the family.

Currently, Lucas is studying on weekends at UNAN in Managua for a career as a dental surgeon. He is grateful to AFODENIC, as the previous loans have greatly improved his house. His dream is to have good health and steady work.
<br /><p><strong>Translated from Spanish by jeffrey hersk, Kiva Volunteer</strong></p>",0.0,1.0,Build a new bedroom,1,2010,14.147638888888888,,Production & Construction,1.0,No,No,Yes,Yes,No,No,Difficult to tell
184377,female,1,individual,Arts,725.0,9,110,Emprender,2010-04-02T22:12:43Z,"Teodora is married and has children that are still young.  She makes and sells regional handicrafts, which she sells on Sagarnaga Street, a picturesque street that is popular among tourists.  They come in search of Bolivian souvenirs that are sold in abundance.  Articles maD. from the yarn of llamas, alpacas and vicuñas are among the most coveted.  There are also a great variety of items maD. from silver.  The finer the work is, the more costly the pieces are.  There are original pewter articles, from matchboxes to luxurious cutlery.  Pewter, finely worked, has an elegant presence and, unlike silver, it does not tarnish over time.  Woodcarving, previously the predominant handicraft in Sagarnaga, is no longer as prevalent.  It takes time and effort to find such original work any more.

With the aim of attracting more potential customers, a number of tourist bureaus have opened in Sagarnaga offering a variety of specialty travel packages:  from a basic tour such as “Tiwanaku Complex – Lake Titicaca”, to adventure excursions on the “Camino D. la Muerte”.  Each year, there are less and less “traditional tourists”, while those seeking “risk and adventure” tours are growing.  

The photographic mosaic from Sagarnaga Street shows tourists visiting Bolivia only a remote idea of the treasures hidden within its shops.  Teodora carries out her business with the help of family members, who work with her to make blouses, purses, and other items, creating the only source of income for the family.  The loan would be used to buy raw materials to make her handicrafts, in order to increase her production and generate more income.

She is very thankful to Emprender and Kiva for the confidence they show through the granting of a loan.  If you want to learn more about Sagarnaga Street and see pictures of some of the handicrafts sold there, visit the following link: http://www.tiwy.com/pais/bolivia/la-paz/sagarnaga/esp.phtml
<br /><p><strong>Translated from Spanish by Mary Lynn Malaby, Kiva Volunteer</strong></p>",1.0,0.0,Credit to buy raw materials.,1,2010,1.1336574074074075,,Production & Construction,1.0,No,No,No,No,Yes,No,No
185720,male,1,individual,Agriculture,1750.0,14,100,CJSC Bank Imon International,2010-03-23T22:44:46Z,"Nazirjon S. is a hard-working man who goes to cultivate his fields every morning with great care. Along with that, he tends to his calves, taking them to feed in the mornings. His work demonstrates his dedication to his cows, since one way or another they help solve his household expenses. Early in the morning, his wife milks them and sells the milk at nearby places. 

Most recently, Nazirjon wants to invest in purchasing another cow so that his wife can take more milk to the cities to sell, helping his business to continue growing economically. He is requesting a loan of 7,500 Somoni for this purpose.  

<b>More about Tajikistan and IMON International</b>

Tajikistan is known for its rich history, which includes being a key post along the Silk Road, and for the end of Alexander the Great's rule. It has also produced great thinkers, philosophers, scientists and poets, including Rudaki, Avicenna, Ferdowsi, Omar Khayyam, Jomi and Rumi. The country is home to communities that still speak the ancient Sogdian language, epic mountain passes, and a civilization that dates back to the 4th millennium BC. And, even today, it is a complex mixture of the Islamic faith, Soviet culture, New West culture and Central Asian traditions.

But Tajikistan is also the poorest of the former Soviet republics. The civil war, which ignited soon after its independence from the U.S.S.R., further damaged the already weak economy. In addition, 93% of the country is mountainous and only 7% of the land is arable. These conditions have resulted in high levels of unemployment and have forced hundreds of thousands to seek work in other countries, mainly Russia. While the people of Tajikistan are working to improve its agricultural production and manufacturing sector, nearly two-thirds of the population still live in abject poverty.

<b>IMON's History</b>

Since December 2007, IMON International has worked closely with Kiva and Kiva lenders to ensure that poor and low-income clients represent a viable business proposition. Funds raised through Kiva have already been distributed to thousands of IMON International's clients and will continue to provide thousands more with permanent access to the varied financial services they need. To learn more about IMON International's work, please visit: www.imon.tj
",0.0,1.0,Purchasing small cattle for developing business,1,2010,5.12130787037037,,Agriculture,1.0,No,No,No,No,Yes,No,No
185723,male,1,individual,Agriculture,1750.0,14,100,CJSC Bank Imon International,2010-04-14T22:46:32Z,"S. Valijon is a young married man and the father of two children. He travels to different markets in the region in search of heads of cattle to purchase, which he then sells both at retail in the market and wholesale to butchers. 
<p>
Valijon now needs a loan of 7500 TJS, which he plans to use to purchase more heads of cattle. His dreams are to improve his business, establish his own wealth and improve his home.
<p>
About Tajikistan:
<p>
Tajikistan is known for its rich place in history, which includes a key post along the Silk Road and the farthest reach of Alexander the Great's rule. It has also produced great thinkers, philosophers, scientists and poets, including Rudaki, Avicenna, Ferdowsi, Omar Khayyam, Jomi, and Rumi. The country is home to communities that still speak the ancient Sogdian language, epic mountain passes and a civilization that dates back to the 4th millennium BC. Today, it is a complex mixture of the Islamic faith, Soviet culture, New West culture and Central Asian traditions.
<p>
But Tajikistan is also the poorest of the former Soviet republics. The civil war, which ignited soon after its independence from the U.S.S.R., further damaged its already weak economy. In addition, 93% of the country is mountainous, and only 7% of the land is arable. These conditions have resulted in high levels of unemployment and have forced hundreds of thousands to seek work in other countries, mainly Russia. While the people of Tajikistan are working to improve their agricultural production and manufacturing sector, nearly two-thirds of the population still live in abject poverty.
<p>
About IMON International: 
<p>
Since December 2007, IMON International has worked closely with Kiva and Kiva lenders to ensure that poor and low-income clients have access to reasonable financial services. Funds raised through Kiva have already been distributed to thousands of IMON International's clients and will continue to provide thousands more with permanent access to the varied financial services they need. To learn more about IMON International's work, please visit: www.imon.tj
",0.0,1.0,To purchase cattle to resell both in retail and wholesale markets.,1,2010,27.10168981481481,,Agriculture,1.0,No,No,No,No,Yes,No,No
191860,female,8,group,Retail,2325.0,7,110,Emprender,2010-05-15T23:47:59Z,"The “Hormiguitas” Enterprise Bank is new.  It is made up of six women and two men, most of whom have small businesses, where they sell beauty products, clothing, food, and make sweaters and backpacks.

Silvia is a young woman who serves as the president of the group.  She sells clothing, is single and is also a student.  She is anxious to get ahead and complete her studies in order to improve her family’s quality of life.  She lives with her mother and sisters, and maintains her own household.  She will use the money from this loan to buy jackets and blouses in order to increase her income and working capital.

Mabel, who serves as the group’s secretary, sells beauty products and ladies’ hosiery.  She is single and studies at the university.  She will use the money from this loan to buy products in quantity, now that they are being offered at reduced prices.  She will be able to resell them at retail prices and make a good profit.  This will allow her to save up her money to be able to continue to cover the cost of her studies.

Celia serves as the bank’s treasurer.  She is married and has two school-aged children.  She makes and sells “silpanchos” in the Tejar zone.  She will use the money from this loan to buy tables and chairs for her business and be able to make her customers more comfortable.  She plans to save up to buy a rental contract.

All of the members are very grateful to Emprender and Kiva for the trust they have placed in them in granting this loan.
					
						
				
						
<br /><p><strong>Translated from Spanish by Hugo Reyes, Kiva Volunteer</strong></p>",6.0,2.0,Inventory,1,2010,14.199780092592592,,Food & Trade,1.0,No,No,No,No,No,Yes,No
198059,male,1,individual,Transportation,1000.0,14,110,Emprender,2010-06-26T18:51:45Z,"Luis is a young man whose job is to offer transportation services with his taxi. He is married with Rosa and has two young children, a girl of 3 and boy of 2 years of age. They live in the San Antonio district, 20 minutes from the city centre. Luis wakes up very early in the morning to go working with his taxi: he prefers working during this time of the day because there is hardly ever any traffic and he can answer to and accept more rides. He returns home at noon for his lunch, then later on he gets back on the roads and keeps on working till 8 pm. He has been a taxi driver since he was 18. He initially drove his father’s minibus, but he has been saving money and has recently bought his own vehicle; however, he still needs a lot of money to complete the payment of his car, and this is the reason why he is requesting a loan. Rosa’s job is to sell flowers: she travels along the Yungas, and then brings the flowers back to the city. This is a young, hard-working family, thankful to Emprender and Kiva for the faith shown in granting the loan.
						
						
						
						
						
						
						
						
						
						
						
						
<br /><p><strong>Translated from Spanish by Emanuela Villa, Kiva Volunteer</strong></p>",0.0,1.0,To pay the loan of his vehicle.,1,2010,24.99420138888889,,Services,1.0,No,Yes,Yes,No,No,No,No
198074,female,1,individual,Services,1000.0,12,110,Emprender,2010-06-09T16:29:00Z,"Brigida is a hard-working and cheerful person who runs a seven-passenger minibus service, which is part of the transport system in Miraflores, Bolivia. Her husband Orlando is a print technician in a small business.  They live thirty minutes from the center of town and have two school-age children.  Brigida and her husband have decided to start their own printing business to capitalize on his vast experience. They will make signboards, lighted signs, keyrings and other stamped products. Brigida has worked with Emprender for many years and has always been responsible and hard-working.  She will use the loan to buy a computer for their printing business.  She thanks Emprender and Kiva for their support.						
						
	<br /><p><strong>Translated from Spanish by Ross Forman, Kiva Volunteer</strong></p>",1.0,0.0,To buy a computer,1,2010,8.395046296296297,,Services,1.0,No,No,No,No,No,Yes,No
213800,male,1,individual,Food,1375.0,14,100,CJSC Bank Imon International,2010-07-10T20:34:13Z,"S. Ehrom is 33 years old. Together with his wife they have 4 children. Ehrom is an experienced bread baker. He has been doing this business for more than 12 years. He bakes the traditional bread “lepeshka” at his home. His family helps him with his business. Having many customers, Ehrom is selling the majority of his products right from his home. However, he is also running a retail shop in the central local market for selling the”lepeshka”. 

Now Ehrom is requesting a loan of 6000 Somoni. He is planning to purchase flour from a wholesaler. Ehrom is grateful for all those supporting him and promises to manage the loan prudently.  


More about Tajikistan and IMON International

Tajikistan is known for its rich history, which includes a key post along the Silk Road and the end of Alexander the Great's rule. It has also produced great thinkers, philosophers, scientists and poets, including Rudaki, Avicenna, Ferdowsi, Omar Khayyam, Jomi, and Rumi. The country is home to communities that still speak the ancient Sogdian language, epic mountain passes, and a civilization that dates back to the 4th millennium BC. And, even today, it is a complex mixture of the Islamic faith, Soviet culture, New West culture and Central Asian traditions.

But Tajikistan is also the poorest of the former Soviet republics. The civil war, which ignited soon after its independence from the U.S.S.R., further damaged the already weak economy. In addition, 93% of the country is mountainous and only 7% of the land is arable. These conditions have resulted in high levels of unemployment and have forced hundreds of thousands to seek work in other countries, mainly Russia. While the people of Tajikistan are working to improve its agricultural production and manufacturing sector, nearly two-thirds of the population still live in abject poverty.

IMON's History

Since December 2007, IMON International has worked closely with Kiva and Kiva lenders to ensure that poor and low income clients represent a viable business proposition. Funds raised through Kiva have already been distributed to thousands of IMON International's clients and will continue to provide thousands more with permanent access to the varied financial services they need. To learn more about IMON International's work, please visit: www.imon.tj

",0.0,1.0,Purchasing flour for baking the traditional bread “lepeshka”.,1,2010,0.9264930555555556,,Food & Trade,1.0,No,Yes,No,No,No,No,No
215143,female,1,individual,Food,500.0,14,167,PADECOMSM,2010-07-19T23:40:25Z,"Martha  María is 41 years old. She lives in San Miguel and is a single mother of two children, aged 6 and 7. She sells hotdogs as a street vendor. 

She is from Nicaragua and immigrated with the dream of staring her own business and to send money to her parents who live in her native country. She sells hotdogs as as a street vendor in a cargo bike. She travels the streets of San Miguel to get better sales. She is asking for a loan to invest in purchasing two bicycles and raw material to make hotdogs (hotdog buns, ketchup, mayonnaise). This will help to improve her business and generate work.   

Her aspirations are to improve her parents' quality of life, since they depend on her financially, and for her children to be able to go to school so they can have better opportunities in life. <br /><p><strong>Translated from Spanish by Ellen Donohue, Kiva Volunteer</strong></p>",1.0,0.0,"To purchase two bicyles, hotdog buns, ketchup, mayonnaise.",1,2010,0.0419212962962963,,Food & Trade,1.0,No,Yes,Yes,Yes,No,No,No
219390,male,1,individual,Agriculture,725.0,17,98,AFODENIC,2010-08-17T03:58:36Z,"Santos Emilio R. J. is 37 years old, and he lives in the San Jose neighborhood.  He is married, and his wife does the housework.  They have a little boy who is one month old.  They are farmers, and they have been growing coffee for 18 years.

They live in a humble house where they need to make some repairs to the infrastructure.  That way they will live in a decent and secure space.

One of the main problems with the harvest has been the proliferation of pests, which decreases the production of the crops.  This causes financial problems for the family.  

That is the reason he is requesting a loan.  He will buy farming materials like organic and chemical fertilizer and pesticides.  These will allow for better maintenance, which will provide the financial stability that they are looking for.  They are looking for future projects that will provide better economic conditions for the family. 
<br /><p><strong>Translated from Spanish by Ginny Kalish, Kiva Volunteer</strong></p>",0.0,1.0,By farming materials like organic and chemical fertilizer and pesticides,1,2010,14.20732638888889,,Agriculture,1.0,No,Yes,Yes,No,Yes,No,No
228249,male,1,individual,Transportation,1200.0,22,61,MAXIMA Microfinance,2010-09-06T17:23:33Z,"Mr. Sinet C., 35, and his wife, Mrs. Savoeun Neang, 36, have been married since 1990 and have three children: two sons and one daughter. They are pictured together above. They are living along national road number one approximately 20 kilometers from Phnom Penh City.

Sinet has been driving a motor remoque taxi for six years, and his wife is a garment factory worker. A remoque is a motorcycle with a trailer attached at the back that is used to carry goods and people. Unhappily, his remoque is old and breaks down. It has disrupted his business, and he spends a lot of money to repair it very often. Hence, Sinet is asking for his first loan of $1,200 to buy a new remoque. ",0.0,1.0,To buy a new motorbike and trailer,1,2010,3.689884259259259,,Services,1.0,No,Yes,No,No,No,No,No
233571,female,1,individual,Food,1000.0,20,167,PADECOMSM,2010-10-04T08:06:52Z,"Francisca is a 58 year old lady who dedicates her time to the sale of tortillas, tamales [a local dish made from maize stuffed with meat or vegetables, and cooked in banana leaves] and firewood. She lives in San Francisco Gotera, Morazán, where she lives with her mother and a grandson, who depend upon her financially. 

She sells tortillas morning and evening, the tamales three times per week, and the firewood everyday, selling it from her home. Today Francisca is seeking a loan to purchase what she needs to make her products, including maize, firewood, chicken and vegetables. With this loan she will buy  stock up on ingredients, because when she buys in quantity she can get things cheaper - especially maize-flour and firewood, which will not spoil. This will help improve her earnings so that she can feed her family. Francisca's goal is to be able to give her grandson an education, so that he can do well for himself and have a better quality of life.<br /><p><strong>Translated from Spanish by Rosa Oswald, Kiva Volunteer</strong></p>",1.0,0.0,To purchase materials - maize and firewood,1,2010,3.046180555555555,,Food & Trade,1.0,No,No,Yes,Yes,Yes,No,Difficult to tell
234927,male,1,individual,Transportation,775.0,11,163,HOFOKAM,2010-09-29T18:22:42Z,"Fenehasi is a 30-year-old man living in Fort Portal, Uganda. He is the father to two children, 4 and 2 years old. He lives in a rented house and dreams of having stable family finances one day.

Fenehasi operates a motorcycle transport business and has been in the business for the last three years. He says it is sometimes difficult for his business with bad weather and theft fears being hindering factors.

Fenehasi intends to use the loan to buy another motorcycle for his transport business.
",0.0,1.0,To buy another motorcycle for his transport business,1,2010,0.6615046296296296,,Services,1.0,No,Yes,Yes,No,Difficult to tell,No,No
242738,male,1,individual,Transportation,900.0,12,163,HOFOKAM,2010-10-28T21:19:13Z,"Patrick is a young man of 26, married with two children aged 4 and 2 years old. He lives with his family of four people in Fort Portal, Uganda. He says he hopes to have a better standard of living in the future for his family. 

Patrick is in the transport business and has been in it for the last seven years starting right after school. This is Patrick’s first cycle loan from HOFOKAM and he intends to use the loan proceeds to buy a car for transport business for income generation.



",0.0,1.0,Buying a car for transport business,1,2010,0.0,,Services,1.0,No,Yes,No,No,No,No,No
243604,male,1,individual,Food,250.0,8,167,PADECOMSM,2010-10-30T08:10:33Z,"Mr. Oscar is 44 years old, lives in the Jiquilisco department of Usulután and makes a living selling seafood.  He lives with his wife, his children and two nephews.  His children are between the ages of 15 and 25.  Don Oscar has been in the shrimp and fish business for 3 years, working at this on weekends.  During the week he is a painter and his wife sells tamales every day of the week. These are the sources of income for this household.

He is wanting to invest in his business and for this is requesting a loan.  He wants to buy large quantities of seafood because the upcoming season is good for sales and he wants to make sure that he can meet the demand.  This way he will increase his sales and improve the income for his family.
He dreams of growing his business day by day and improve the opportunities for his family.
",0.0,1.0,Purchase seafood for resale.,1,2010,1.0141666666666669,,Food & Trade,1.0,No,Yes,No,No,Yes,No,No
251895,female,1,individual,Food,1125.0,13,97,FAPE,2010-11-26T20:01:32Z,"Sra. Martha Angelina S. García is 24 years old and has three young children.  She says that she started an ice cream business six years ago.
<p>
Doña Martha plans to buy more ingredients for making her own ice cream since she produces what she sells.  She hopes to move forward with this loan since this business is her only source of income.  Martha is able to support her family since her husband’s income is not enough.  She is grateful for the support from FAPE and Kiva.      ",1.0,0.0,Purchase ingredients used in making ice cream,1,2010,1.653761574074074,,Food & Trade,1.0,No,Yes,Yes,No,Difficult to tell,No,No
252791,male,1,individual,Retail,525.0,10,163,HOFOKAM,2010-11-29T01:28:45Z,"Peter is twenty years old and a hard-working man living in his own house in Fort Portal, Uganda, with a dream of seeing his siblings educated. He has a retail shop and drugstore with an experience of two years in these businesses which have facilitated his earning money for the family. Peter intends to use the loan to buy soap, sugar and tea leaves to sell in his shop. ",0.0,1.0,"Purchasing soap, sugar and tea leaves for sale",1,2010,2.186516203703704,,Food & Trade,1.0,No,Yes,No,No,No,No,No
254040,male,1,individual,Housing,575.0,14,98,AFODENIC,2010-12-27T02:13:46Z,"Bernardino, 65, lives in Puerto Díaz, an area 15 kilometers outsider of Juigalpa, with his wife and his three adult children who help him with the daily chores.  He is a lake fisherman.  He sells his catch in Juigalpa and also earns income as a bricklayer.  He owns a power saw that he also uses cutting lumber to earn still more income to support his family and move his wife and children ahead in life.

He is asking for a Kiva loan to replace the zinc metal sheeting on his kitchen’s roof to prepare for next year’s winter that is approaching.

He dreams with providing his family with better living conditions.
",0.0,1.0,To buy zinc metal sheeting to replace his kitchen's roof.,1,2010,25.259016203703705,,Production & Construction,1.0,No,No,No,No,Yes,No,Difficult to tell
255207,male,1,individual,Transportation,675.0,11,163,HOFOKAM,2010-12-24T18:26:23Z,"James is a thirty-two-year-old man living in Fort Portal, Uganda, married with five children and living in his own semi-permanent house, with the desire to own a permanent house for residence before the age of forty. He has been in the motorcycle transport business for seven years now and he still finds it worth dealing in. Nevertheless he wishes to own at least five motorcycles on the road. James needs the loan to buy a motorcycle.",0.0,1.0,Buying a motorcycle,1,2010,17.99738425925926,,Services,1.0,No,Yes,No,No,No,No,No
256421,female,1,individual,Clothing,400.0,12,167,PADECOMSM,2010-12-17T00:01:16Z,"Yolanda sells beach clothing and beach balls. She is 28 years old and lives in San Miguel where she lives with her aunt. She is a single mother of one daughter. She works on her own from 7:00 a.m. until 6:00 p.m. At the time being she does not have other competition to her business and she wants to invest in merchandise to offer her customers. 

She needs a loan to invest in merchandise such as shorts, shirts and beach balls because after the holidays after Christmas people visit the beaches and for Yolanda it is advantageous to have adequate clothing items to sell during these days. Her goals are to have the inventory to serve her customers in a good way, to generate income to help her daughter and to some day be able to build her own home. ",1.0,0.0,"Purchase shorts, shirts and beach balls.",1,2010,7.229907407407407,,Food & Trade,1.0,No,No,Yes,No,Yes,No,No
258261,female,1,individual,Retail,350.0,10,163,HOFOKAM,2010-12-16T16:29:36Z,"Annet is a thirty-two-year-old single mother of two children.  She lives in a rented house in Fort Portal Uganda.  She has aspirations of building a permanent house for her residence and educating her children. She sells fire wood and has been in this business for three years, reaping commendable profits amidst challenges in transport costs.  Annet intends to use the loan to buy firewood for sale.",1.0,0.0,To buy firewood for sale,1,2010,1.117662037037037,,Food & Trade,1.0,No,Yes,No,No,Yes,No,No
261058,male,1,individual,Retail,1000.0,14,167,PADECOMSM,2011-01-16T19:51:28Z,"José lives in Santiago de María, in the Usulután department. He lives with his family, and he has three children, aged 18, 14 and 7, who depend on him economically. José runs a shop and a bakery, an activity he started at 17 years old; he works there Mondays to Sundays from very early in the morning. José is 57 years old.
The loan he is requesting at the moment will be used to buy products such as rice, oil, beans, sugar, soda drinks, bread, juices, soap and milk: these are the items his customers request the most, and this loan will precisely help him buying and offering them to his customers, thus increasing his business potential.
He aims to own a large shop and to have a good customers turnout; he also wishes for his children to continue their studies and do better in life.
",0.0,1.0,"To buy rice, oil, beans, sugar, soda drinks, bread, juices, soap and milk.",1,2011,14.993842592592593,,Food & Trade,1.0,No,No,Yes,Yes,No,No,No
262333,male,1,individual,Services,1000.0,14,110,Emprender,2010-12-30T23:26:01Z,"Marcial lives in his parents' home in Pacata Baja.  He is a painter.  He started in this business at a very young age as an assistant.  He is now an expert painter and contractor who provides interior and exterior decorating services.  This is his main source of income.

Marcial needs this loan to increase his capital so that he can do his work and buy new scaffolding.  Marcial is very satisfied with the institution and with his Kiva loan.  He is a very hard-working and responsible man and in the future he would like to get married and start a family.  However, right now he is working to save so that he can start to hire staff to paint houses.",0.0,1.0,To buy scaffolding for painting buildings,1,2010,0.0,,Services,1.0,No,Yes,No,No,No,No,No
265339,female,1,individual,Food,800.0,14,110,Emprender,2011-01-15T20:30:13Z,"Mrs. Jeanette has worked in the production and selling of bread for a year. She is currently single but contributes to her family's household costs, and also to her siblings' education costs. She currently lives in her parents' home. The bread is baked by a baker whom she hires, and she personally attends to the sales. Previously she did the baking and did not have much time for selling. Now she has many customers. She is requesting this loan to purchase supplies for baking bread, as the prices are continually increasing. Thus, she wants to stock up on these items and buy in bulk. She is a very hard-working youth and is profoundly grateful for the support offered.",1.0,0.0,the purchase of tools for making bread,1,2011,0.0,,Food & Trade,1.0,No,Yes,No,No,No,No,No
265505,female,1,individual,Health,850.0,14,163,HOFOKAM,2011-01-17T16:45:19Z,"Enid, a 28-year-old married mother of two children, rents a house in Kasese, Uganda. In the drug shop business for three years, she started her enterprise with capital of one million shillings and eventually expanded to five million. Her main hardship is debtors, and her vision is to have a pharmacy. Enid needs the loan to purchase additional drugs for the business.",1.0,0.0,To purchase drugs for her business,1,2011,0.0660648148148148,,Services,1.0,No,Yes,No,No,No,No,No
266838,male,1,individual,Retail,225.0,8,163,HOFOKAM,2011-01-20T22:38:22Z,"Bright, 31 years old, is a hard-working married man with two children. The family lives in their own house in Fort Portal, Uganda. 
<p>
Bright has been selling firewood for four years now, and with this business he has been able to provide the basics for his family. Bright is requesting a loan to purchase more firewood to sell.
",0.0,1.0,To purchase firewood to sell,1,2011,0.0889467592592592,,Food & Trade,1.0,No,Yes,No,No,No,No,No
268850,male,1,individual,Education,675.0,14,163,HOFOKAM,2011-01-27T19:20:37Z,"Stephen is a 31-year-old married man and a father of four children. He lives in a rented house in Kyenjojo, Uganda. He is a teacher  by profession and his dream is to become a principal of an institution. He is currently studying at the university. Stephen needs the loan to pay school fees for himself and his children.",0.0,1.0,Paying school fees,1,2011,0.0,,Services,1.0,No,No,Yes,Yes,No,No,No
268864,female,1,individual,Clothing,875.0,10,163,HOFOKAM,2011-01-27T23:10:54Z,"Rehema is a thirty-three year-old married woman, with six children.  She owns a house in Kasese, Uganda.  She has been dealing in secondhand clothes for the last eight years.  She saved money from goat-rearing and started the clothes business. Her hardships include losses during the rainy season and high rent.   Rehema needs the loan to buy more clothes to sell.",1.0,0.0,To buy clothes to sell.,1,2011,0.0,,Food & Trade,1.0,No,Yes,Yes,No,No,No,No
269424,female,1,individual,Retail,775.0,14,97,FAPE,2011-02-05T02:43:23Z,"Sonia Elizabeth is married.  She has three children, two of whom live with her in her own home.  They live in a very quiet community.  Sonia started out selling shoes as she inherited that business from her family when she was 15 years old.  She later set up a beauty salon and gave classes in a private school.  Sonia also had a store but she closed it because it was more convenient to travel to the border with Mexico and buy Mexican products.  She currently sells shoes on a weekend in her local market.  Sonia is requesting a loan from FAPE because she has a lot of orders this season but doesn't have enough merchandise to fill her orders.",1.0,0.0,To buy footwear wholesale,1,2011,3.2797453703703705,,Food & Trade,1.0,No,Yes,No,No,No,No,No
269433,female,1,individual,Food,775.0,14,97,FAPE,2011-02-02T18:15:03Z,"Maritza is 36 years old, is separated, and lives with her two children in a house she owns. She has ten years of experience selling Mexican products which she sells in her home and as a street vendor. Martiza also has a cleaning a multi-services business (cleaning, electricity, and construction) and works at city hall in Puerto D. San Jose. Her goal is to expand her business of Mexican products which is why she is asking for this loan as she would like to buy groceries. Her dream is to give her children a good education and be able to see them become professionals.",1.0,0.0,Compra de productos comestibles,1,2011,0.926724537037037,,Food & Trade,1.0,No,Yes,Yes,Yes,No,No,No
270038,female,1,individual,Clothing,325.0,10,163,HOFOKAM,2011-02-03T19:14:42Z,"Edreda is a 39-year-old married woman with seven children. She owns a house in Kasese, Uganda. She has been in the clothing business for the last seven years. She began by selling door-to-door but later put up her own stall. Her hardship is the high taxes and her vision is to create a wholesale business. Edreda needs the loan to buy clothes for resale.",1.0,0.0,to buy clothes for resale,1,2011,1.8642476851851848,,Food & Trade,1.0,No,Yes,No,No,No,No,No
270091,female,1,individual,Food,600.0,14,167,PADECOMSM,2011-02-04T13:29:51Z,"Marleni lives in Corinto of the Morazan department. She sells fruits. She is 37 years old and the single mother of Rosaura, 17, Blanca, 16, Luis Antonio 15, Teresa, 14, Maribel, 13, Jose Maria 9, and Sandra, 7.

Marleni's business is to sell fruits and vegetables. She has several years in the business and it provides her with a source of income to provide her children with what they need. She looks after them every day in the city of Corinto. Currently she requires a loan to purchase fruits and vegetables with the goal of strengthening her business. 

Her dream is to support her many children, to send them to school, and to manage her business every day. She hopes to make many sales to be able to save and to not have her family want for anything.",1.0,0.0,To purchase fruits and vegetables.,1,2011,1.8400578703703705,,Food & Trade,1.0,No,No,Yes,Yes,Yes,No,No
270623,female,1,individual,Services,300.0,6,119,Asociación Arariwa,2011-02-04T23:02:46Z,"Mirian is an enterprising, hard working woman living in Cusco.  She’s 41 years old, married and has three children.  She is a manual arts teacher and works at “Pukllasuchis” School.  She’s been working at the school for three years now.  She also has a small business selling crafts for social events like weddings, baptisms and confirmations.  She tells us that she makes her crafts in a small workshop she set up at home. Mirian also has a small business selling chickens.

Mirian has been a member of Asociación Arariwa’s “Inti” communal bank for several years.  She needs the loan to buy chickens.  (Inti is a Quechua work that means Sun).

Mirian is grateful for the opportunity provided by this means and commits to repay in a timely fashion.
",1.0,0.0,To buy chickens.,1,2011,0.1198263888888888,,Services,1.0,No,No,No,No,Yes,No,No
270766,female,1,individual,Services,350.0,11,163,HOFOKAM,2011-02-05T05:26:29Z,"Morine is a single mother of three children living in Hioma, Uganda. She is the only breadwinner in the family. She lives in a rented home and her family goal is to buy a house for her children.  

For three years Morine has been running a beauty salon business that she started from savings she had made from selling food items. She faces the challenge of customers who don’t pay. Her business dream is to own a beauty parlor. 

Morine needs the loan to buy synthetic hair and hair sprays for her salon.",1.0,0.0,To purchase synthetic hair and hair sprays for the salon.,1,2011,1.1780208333333333,,Services,1.0,No,Yes,Yes,No,No,No,No
272196,male,1,individual,Retail,350.0,9,163,HOFOKAM,2011-02-20T00:27:09Z,"Jonathan is a 31-year-old, hard-working man looking after 2 dependents living in a rented house in Fort Portal, Uganda. For 5 years he has been riding a motorcycle (taxi) and operating a retail shop. With the income generated, he has been able to support the family. He started with riding customers and later bought a motorcycle. His future plan is to own a wholesale business. Jonathan needs the loan to buy sugar, soap and salt for his shop.",0.0,1.0,"To buy sugar, soap and salt to sell",1,2011,7.852164351851852,,Food & Trade,1.0,No,Yes,No,No,No,No,No
272203,female,1,individual,Food,400.0,9,163,HOFOKAM,2011-02-12T23:44:06Z,"Jackline is a thirty-year-old married woman with three children living in her own  permanent house in Fort Portal, Uganda. She is charged with the responsibility of looking after her children with the help of her husband and her desire is to educate them up to university. For five years she has been in the retail trade and she got her initial capital from her husband. Jackline needs the loan to buy cassava flour, cooking oil and maize flour to sell.",1.0,0.0,"Buying cassava flour, cooking oil and maize flour to sell",1,2011,0.8014467592592592,,Food & Trade,1.0,No,No,No,No,Yes,No,No
272860,male,1,individual,Agriculture,825.0,20,98,AFODENIC,2011-03-07T10:24:05Z,"Orlando is a hard-working man, honest and responsible. He is married and his wife works as a merchant. He has been a farmer for a long time and started with the support of his parents. They taught him how to cultivate the land.

The main problem he faces is the price increase of agricultural inputs which he needs to maintain and protect his crop. His business plan is to improve the soil of his farm with the incorporation of fertilizers. He is requesting a loan for the purchase of fertilizers to yield a better harvest. 
",0.0,1.0,The purchase of fertilizers,1,2011,6.099930555555556,,Agriculture,1.0,No,No,No,No,Yes,No,No
273199,male,1,individual,Services,1050.0,26,167,PADECOMSM,2011-02-18T21:25:17Z,"Oscar is 27 years old, and he lives with his wife and children in the Jiquilisco department of Usultan.  Oscar manages a cyber cafe, where he offers computerized services; he has been doing this work for two years since he finished his studies in computing.  He now has many clients, and he is recognized for his work by many members of the community.

Oscar is applying for this loan to purchase more computer equipment, materials such as CDs, USB cables, and also furnitre.  With this investment, Oscar will be able to better receive his clients, and he will have new machines available so that during times when he has a lot of clients he will be able to keep up with the work.  His goals are to improve his service to his clients, expand the physical space where his cafe is located, and maintain the equipment in the best possible condition. These improvements will strengthen his business and in turn will increase his family's income.",0.0,1.0,"Purchase of equipment, CD, USB cables, and furniture.",1,2011,4.045289351851852,,Services,1.0,No,Yes,No,No,No,No,No
273281,female,1,individual,Food,275.0,12,167,PADECOMSM,2011-02-16T05:10:25Z,"Edith lives in Usulután. She is 43 years old and lives with her daughter and grandchildren. She works selling tortillas. She has had this business for 12 years and with her daughter's help has been able to maintain this business. At this time, she needs to invest in purchasing corn, gas and firewood. That is why she is asking for a loan to make this investment. 

With this help, she will have raw material to get ahead in sales. She can also increase production, thus improving her income for her home. Edith's dreams are to stay active and enthusiatic with the business, and guaranteeing her daughter a better future for her grandchildren to grow. 
",1.0,0.0,"To purchase corn, gas and firewood",1,2011,1.1321990740740742,,Food & Trade,1.0,No,Yes,No,No,Yes,No,No
273444,female,1,individual,Retail,350.0,10,163,HOFOKAM,2011-02-16T17:24:11Z,"Pisi is a thirty-year-old married woman with four children and owns a house in Kasese. She has been in charcoal sales for two years starting with a capital of 500,000 shillings but now it has reached 1,200,000 shillings. Her hardship is lack of enough customers and her vision is business expansion. Pisi intends to use the loan to buy charcoal for resale.",1.0,0.0,Buying charcoal for resale,1,2011,0.9889699074074074,,Food & Trade,1.0,No,Yes,Yes,No,No,No,No
275423,male,25,group,Food,4300.0,7,162,Turame Community Finance,2011-04-02T14:07:06Z,"Perpetue M. is a 32-year-old business woman whi lives in the center of Nyanza in the commune Nyanza-Lac in the Makamba province in the south of Burundi. She sells food products such as fruits and vegetables, beans and fresh fish from the lake. She has done this for the past 8 years. She completed primary school up to 6th grade. She is married with 3 children, one of whom goes to school. She is on her 9th credit cycle with Turame Community Finance. 

She is asking for this Kiva loan in order to increase her capital and buy a lot of food products to sell to her clients in the hopes of increasing her savings et grow her business. She thanks Turame for giving loans to poor people since she has seen improvement in her quality of life since starting this business. She is a member of the Komezimbere Group.",12.0,13.0,accroitre son capital  en achetant beaucoup de produits alimentaires,1,2011,1.296574074074074,,Food & Trade,1.0,No,Yes,No,No,Yes,No,No
275938,female,1,individual,Retail,650.0,12,163,HOFOKAM,2011-02-23T17:30:05Z,"Joyless is a thirty five year old divorced woman with seven children. She owns a house in Kasese,Uganda. She has been in a retail shop for five years. Her difficuty is limited capital and her vision is to become a wholesale trader. Joyless has requested the loan to buy supplies of sugar, salt , soap and rice.",1.0,0.0,"To buy sugar, salt, soap and rice",1,2011,0.201412037037037,,Food & Trade,1.0,No,Yes,Yes,No,No,No,No
278861,female,1,individual,Construction,725.0,8,119,Asociación Arariwa,2011-03-10T04:54:04Z,"Frizelma is 32 years old, has a live-in partner and two children. She is a nurse by profession but has put her career on hold to look after her children who are still young and depend on her. She makes a living renting out her small house in the province of Apurímac. She would now like to do some work on her home in Cusco, where she actually lives, and this is why she is requesting a loan.<br>
She is requesting a loan to do construction on her home.<br>
She is grateful for the loan and is committed to making her payments on time.

",1.0,0.0,Construction on her home,1,2011,5.030567129629629,,Production & Construction,1.0,No,No,Yes,No,No,No,No
280176,male,1,individual,Retail,700.0,17,167,PADECOMSM,2011-04-15T18:32:00Z,"Eris, 35, lives in Delicias de Concepción, Morazán Department, with his wife, Rut Elisa and two daughters who are 11 and 6 years of age.  He works for a telephone company repairing and installing cable and posts.  

He is asking for a loan to buy work equipment like shovels, bars, micro presses, drills and sanders.  These are the types of tools he needs for his daily work and having them at his disposal will make it possible for him to do his work better.

Eris’ goals are: to work hard in order to do some home improvements, to help his daughters with their schooling, to buy a car for personal and work use, and to stay together as a family striving toward self improvement.


",0.0,1.0,to buy work tools.,1,2011,13.008310185185184,,Food & Trade,1.0,No,No,Yes,No,No,No,No
281246,female,1,individual,Retail,700.0,12,148,Association for Rural Development (ARD),2011-03-15T19:06:46Z,"This is 26-year-old Bilkisu. She is single, and has one child aged seven years. She has three additional dependents: her younger brothers and sister. In 2007, Bilkisu established her plastic slippers business. She began her business because she told by her friend that the slippers business is very interesting and profitable. She opens her business six days a week and 10 hours a day. She would like a loan of Le 3,000,000. Bilkisu needs this loan in order to purchase more plastic slippers. She thanks you for your support.",1.0,0.0,To buy more plastic slippers for her business.,1,2011,4.000949074074074,,Food & Trade,1.0,No,No,No,No,No,No,No
281935,male,1,individual,Agriculture,300.0,11,163,HOFOKAM,2011-03-16T16:34:02Z,Paul is a hardworking married man with two children living in his own semi-permanent house in Fort Portal Uganda. For two years he has been into poultry farming and the business has facilitated him in running the family. He has a challenge in the high cost of feed. His dream is to set up a shop of poultry feed. Paul needs the loan to buy poultry feed.,0.0,1.0,to buy poultry feed,1,2011,1.4541087962962962,,Agriculture,1.0,No,Yes,No,No,Yes,No,No
281973,male,1,individual,Agriculture,425.0,8,163,HOFOKAM,2011-03-20T13:57:20Z,"Peter is a fifty-four-year-old married man with nine children living in Fort Portal, Uganda. He is involved in a number of activities such as farming, marketing, and training which have helped him in educating his children and meeting the family needs. He has challenges in raising sufficient funds to run his businesses and his desire is to become a commercial farmer. Peter needs the credit facility to cultivate land.",0.0,1.0,to use for cultivating land.,1,2011,5.255034722222222,,Agriculture,1.0,No,No,Yes,Yes,Yes,No,No
282365,female,1,individual,Retail,500.0,12,163,HOFOKAM,2011-03-17T02:24:41Z,"Rukia is a 36-year-old widow and a mother of four children living in her house in Hioma, Uganda. Her family goal is to pay fees for her children to attain a degree as a minimum qualification. For 6 years she has been operating a retail shop. The business is at its boom-stage despite challenges in price fluctuations. Rukia needs the loan to buy sugar and fresh foods to sell.",1.0,0.0,to buy sugar and fresh foods to sell,1,2011,0.2254050925925926,,Food & Trade,1.0,No,Yes,Yes,Yes,No,No,No
282700,male,19,group,Health,2475.0,8,163,HOFOKAM,2011-03-24T10:04:05Z,"Sedrack is a 30-year-old married man with four children living in his own house in Fort Portal, Uganda. For six years, he has been operating a drug shop and with the proceeds he was able to buy land. He has challenges of limited drugs due to limited finances and his desire is to own a pharmacy. Sedrack needs the loan to buy drugs.",9.0,10.0,To buy drugs.,1,2011,5.752789351851852,,Services,1.0,No,Yes,No,No,No,No,No
283001,male,1,individual,Manufacturing,400.0,14,167,PADECOMSM,2011-04-03T15:15:24Z,"Manuel, 39, lives in the Santa Elena Department of Usulután.  He lives with his wife and their children, who are 13 and 8.  They have their own house, and Manuel has a metal-structures workshop that he opened four years ago, although he's got sixteen years of experience.  He works from his own house, so he doesn't have a fixed work schedule.  

At present Manuel is seeking a loan to buy iron, electrodes, and spare parts for a soldering machine.  The investment will help him do faster, higher-quality work, providing better service to his clients.

Manuel's aspirations for the business are to make it bigger, and able to serve more customers, so he can improve his family's economic conditions.
",0.0,1.0,"to buy iron, electrodes, and spare parts for a soldering machine.",1,2011,1.9342592592592596,,Production & Construction,1.0,No,Yes,No,No,No,No,No
285937,female,1,individual,Services,300.0,8,163,HOFOKAM,2011-03-28T14:21:42Z,"Sudat is 27 years old and a single mother of one child living in her own house in Hioma, Uganda. 

She has no other dependents and her family goal is to be able to provide basic needs for her child. 

For three years she has been running a salon business and hopes that her salon will grow bigger and that she can relocate it to a better place. 

She needs the loan for buying weaves and a hair drier for her salon.",1.0,0.0,to pay for weaves and a hair drier for her salon,1,2011,0.0566898148148148,,Services,1.0,No,Yes,Yes,Yes,No,No,No
286159,female,1,individual,Food,300.0,9,167,PADECOMSM,2011-04-02T16:08:55Z,"Reina is a 23 year old young woman who lives in San Francisco Gotera, Morazán with her husband and two children.  She sells tortillas and fish four times a week in a mobile cart.  She has requested a loan to invest in fish as she wants to stay in business but does not have enough cash to make the purchase.  She dreams of her children growing up healthy, to work hard and provide for a more hopeful future so that they can study to better themselves.
",1.0,0.0,To purchase fish,1,2011,0.061724537037037,,Food & Trade,1.0,No,No,No,No,Difficult to tell,No,No
286616,female,1,individual,Services,800.0,14,110,Emprender,2011-04-06T21:36:37Z,"Mrs. Ysabel is 44 years old, single and has a 10 year old son. She works in dressmaking and handicrafts. She does different kinds of work with fabrics and the embroidery of slippers. She is also a cook at the hospital which provides some extra money.

She needs the loan from our institution to buy a new sewing machine because her old one broke recently. She has good credit history, is an old member with on time payments and resides at a known address. She is a hard working person who appreciates the support given by the institution.
	",1.0,0.0,to buy sewing machine and increase capital,1,2011,0.1712384259259259,,Services,1.0,No,No,No,No,No,No,No
287061,male,1,individual,Transportation,400.0,11,110,Emprender,2011-04-07T02:35:35Z,"Constantino's business is providing an urban transport service.  He has been in this business for eight years.  Constantino is 44 years old and lives in Plan 3000 neighborhood.  He has two school-age children in his care as he separated from his wife five years ago and he supports his family.  One of his children is in high school and the other helps him with the jobs that he acquires throughout the month.

Constantino's work hours are from 7.00pm to 8.00am.  During the day he supervises his children's education and also makes weights which he delivers to gyms near his home.  Constantino currently needs a loan to buy new tires for his vehicle which is his main work tool.  He is a very responsible person who is grateful to the institution for the support they have offered him.",0.0,1.0,to buy tires,1,2011,6.260798611111111,,Services,1.0,No,Yes,Difficult to tell,No,No,No,No
288383,male,1,individual,Retail,300.0,8,167,PADECOMSM,2011-04-21T15:29:10Z,"Carlos is a CD and DVD salesman.  He lives in Santiago de María, in Usulután department, with his wife and two children aged 14 and 6.  He owns his own business which he set up 10 years ago.  His business is located in the town market and he works there from 7.00am to 5.00pm.

Right now, Carlos would like to invest in his business, buying a variety of CDs and DVDs.  He is requesting a loan to cover this expense and he will work and make all his loan repayments.  This investment is very much needed.  His business must remain well stocked so that his customers can find what they need.

Carlos aspires to expand his business, gain more skills and become more financially solvent.  He take care of his children's needs and prepare them for the future.",0.0,1.0,to buy a variety of CDs and DVDs,1,2011,1.0341087962962965,,Food & Trade,1.0,No,Yes,No,No,No,No,No
288399,female,1,individual,Retail,600.0,14,167,PADECOMSM,2011-04-25T00:08:01Z,"38-year old Ana Luz and her children aged 2 and 8 live in the department of Berlín in Usulután. She earns her living selling footwear. The business is her own and is located in the municipal market of Berlín. She started it four years ago and works there from 7am to 4pm.

Ana Luz is seeking a loan so she can put her business on a stronger footing. She wishes to buy a batch of children’s and adults’ shoes of different types such as dress shoes, runners, and sandals. 

This loan is very important to her as she will have what her customers need and thus increase sales. Her goal as a businesswoman is to serve her customers well and attend to their needs so that she can be sure of having enough income to support her family.

",1.0,0.0,"to buy dress shoes, runners, and sandals.",1,2011,3.845810185185185,,Food & Trade,1.0,No,Yes,No,No,No,No,No
289815,female,1,individual,Reuse & Recycle,450.0,10,163,HOFOKAM,2011-04-17T10:05:16Z,"Irene is a twenty-nine-year-old married woman with four children and  she owns a house in Kasese,Uganda. She has been dealing in second-hand clothes for six years and the business is growing steadily. Her hardship is thieves who often break into the shop and  her vision is to relocate to a more secure arcade and become a wholesaler. Irene needs the loan facility to buy clothes for resale.",1.0,0.0,To buy used clothes for resale.,1,2011,5.170289351851852,,Production & Construction,1.0,No,Yes,Yes,No,No,No,No
290660,female,1,individual,Agriculture,175.0,8,163,HOFOKAM,2011-04-15T20:02:44Z,"Slyvia is a twenty-five year old married woman with three children, and she owns a house in Kasese, Uganda. She has been dealing in produce for the last three years and with income generated she has been able to pay school fees for her children. Her hardship is lack of enough capital and her plan is to grow food on a large scale, build a  permanent house and educate her children. Sylvia needs a loan to buy beans and firewood to sell.",1.0,0.0,to buy beans and firewood to sell.,1,2011,0.0435300925925925,,Agriculture,1.0,No,Yes,Yes,Yes,Yes,No,No
290839,female,1,individual,Health,1000.0,14,110,Emprender,2011-04-18T07:35:27Z,"Roxana diagnoses and treats diabetes with natural medicine.  She and her husband patented these natural products and have been treating people for more than eight years.  Their children also work in this field.  Their eldest son is in his final year of medical school and he is a great help to the business, which generates an income.  They have plenty of documentation that accredits their products.  They live in their own home.

They will use the money from this loan to buy supplies and some plants to make their treatments.  She is grateful to the institution for its backing.
		",1.0,0.0,to buy supplies,1,2011,0.6565393518518519,,Services,1.0,No,Yes,No,No,Difficult to tell,No,No
291453,female,1,individual,Retail,250.0,14,167,PADECOMSM,2011-04-22T19:09:49Z,"Zoila owns a business where she sells household essentials.  She lives with her husband and two children in Concepción Batres, in Usulután department.  Zoila set up her business, together with her husband, through her own initiative.  She works from 6.00am to 7.00pm and her children help her out in the store.

Zoila is requesting a loan to buy merchandise, especially pasta, sauces, rice, beans and oil.  This purchase will allow her to increase her stock and have available the merchandise her customers need.

Zoila's goals are to stock her business with the merchandise that is in most demand, to better serve her customers and to guarantee financial solvency for her family.",1.0,0.0,"to buy pasta, sauces, rice, beans and oil",1,2011,0.7498263888888889,,Food & Trade,1.0,No,No,No,No,No,No,No
294870,female,1,individual,Reuse & Recycle,675.0,11,97,FAPE,2011-05-07T21:15:27Z,"Maria Olivia is 23 years old.  She is a single mother and has two dependent children.  Maria Oliva started selling spare parts in her home in the mornings.  She then decided to buy a bundle of used clothing.  She gradually increased her profits.  She bought a 100 pound bundle and managed to hire a sales location near her home from which she currently sells her products.  She tells us that she has been in this business for four years.  She is requesting this loan to buy a bundle of used clothing and to hire an additional sales location.  In this way, she will be able to provide her children with what they need so that, they will enjoy a future of opportunities and become professionals.",1.0,0.0,to buy a bundle of used clothing and to hire a sales location,1,2011,4.81625,,Production & Construction,1.0,No,Yes,Yes,Yes,No,No,No
295533,female,1,individual,Housing,500.0,14,167,PADECOMSM,2011-05-03T18:50:09Z,"Ruth lives in Delicias de Concepción in the department of Morazán.  She makes and sells hammocks.  She is 30 years old, and lives with her husband and two children who are 4 and 11 years old.  She makes hammocks and wallets and embroiders blankets.  The business is 5 years old.  She is asking for a loan to make improvements to her house.  With the money, she will pay off the introduction of potable water.  This will be of great help in improving the quality of life of her and her family.  Ruth's aspiration is to improve her house so that her children can apply themselves to studying and become professionals.",1.0,0.0,to pay for the introduction of potable water in her house.,1,2011,0.0,,Production & Construction,1.0,No,No,No,Yes,No,No,No
295537,male,1,individual,Food,700.0,17,167,PADECOMSM,2011-05-28T08:10:39Z,"Elvin lives in San Francisco Gotera in Morazán Department.  He sells beverages.  He’s single living with his mother and works to help his parents with household costs.  He sells natural beverages and soft drinks.

He started this business with the aim of helping his parents.  To date, the business has been profitable and he only has to continuously invest the necessary resources in it for the natural beverages.

He needs a loan to buy fruit like melon, apples and pineapple and to buy sugar and soft drinks.  This investment will help him to produce natural beverages always.

His dream is to continue growing in his business as a micro businessman until achieving a well established business.
",0.0,1.0,"to buy fruit like melon, apples and pineapple and to buy sugar and soft drinks.",1,2011,25.104594907407407,,Food & Trade,1.0,No,No,No,No,Yes,No,No
295875,female,1,individual,Food,150.0,8,167,PADECOMSM,2011-05-08T01:05:11Z,"Blanca lives in Usulután. She produces and sells tortillas and tamales. She lives in her own house with her husband and two nephews aged 15 and 8. She sells tortillas every day, while she sells tamales four times a week only.
She is requesting a loan to buy basic ingredients such as maize, chicken, dressings, vegetables and firewood. This purchase will help her buying the necessary goods to keep on producing tortillas and tamales.
The improvement of her activity is paramount for Blanca, as her family is economically dependent on her job.
",1.0,0.0,"To buy basic ingredients such as maize, chicken, dressing, vegatable and firewood.",1,2011,0.1285879629629629,,Food & Trade,1.0,No,No,Yes,Yes,Yes,No,No
296377,female,1,individual,Retail,1200.0,20,110,Emprender,2011-05-20T05:40:08Z,"

Valeria is a longstanding client of the institution and has shown good willingness to pay and kind and courteous behavior during the evaluation that was done on her.

She sells comforter and blankets on Saturdays and Sundays in the heavily populated 16 de Julio zone of El Alto, Bolivia.  She starts work around 5pm.  She delivers her products on credit to party centers that are common in this area and collects payment the next day for completed sales.

From Monday through Friday she works sewing comforters for a private micro firm; she’s been doing this for about 5 years.  Because of this, Valeria has the necessary experience to start this new activity.  Her spouse is employed at a cured meats firm so he contributes to family income.

The loan money will be used to buy fabric because Valeria wants to make comforters to sell.  The efforts they put into having better living conditions is constant.  The family’s greatest wish is to have a stable patrimony so that their children can have professional careers.  They struggle daily to attain this end.
	",1.0,0.0,to buy fabric and fleece to make comforters.,1,2011,12.715358796296297,,Food & Trade,1.0,Yes,Yes,No,No,No,Yes,Yes
300196,female,1,individual,Food,425.0,8,163,HOFOKAM,2011-05-23T07:09:59Z,"Bibisha is a thirty-four-year-old divorced woman with four children, and she rents a house in Kasese, Uganda. The responsibility to look after the family  rests solely on her. Her desire is to educate her children up to University. After divorcing from her husband she realized that the only way to support her family was to sell fish since it has a ready market, and she is proud of her decision. She has been selling dry fish for five years with minimal hardships. Her vision is to be a big supplier plus building her own house. Bibisha needs the loan to buy fish for resale.",1.0,0.0,to buy fish for resale.,1,2011,0.8263541666666666,,Food & Trade,1.0,Yes,Yes,No,No,No,Yes,Yes
300198,female,1,individual,Food,150.0,6,163,HOFOKAM,2011-05-23T01:10:24Z,"Jane, a 33-year-old divorced woman with four children, rents a house in Kasese, Uganda. She has been dealing in fresh foods for nine months. She started her business with 300,000 UGX and now has 600,000 UGX as working capital. Her hardship is low sales. Her vision is to own a food store and to buy a plot of land in town. Jane needs this loan to buy fresh foods to sell.",1.0,0.0,To buy fresh foods to sell.,1,2011,0.0558101851851851,,Food & Trade,1.0,Yes,Yes,No,No,Yes,Yes,Yes
301050,female,1,individual,Food,350.0,14,167,PADECOMSM,2011-05-24T18:37:58Z,"Cándida is 36 years old.  She is a widow and has two children aged 18 and 12.  She runs a store in which she works full time because her customers come to buy her products at all hours.  She sells basic household products such as bread, snacks, cookies, drinks, etc.

Cándida is requesting a loan so that she can buy merchandise and thereby strengthen her inventory.  She will buy detergents, soap, sugar, corn, beans and rice.  This investment will strengthen her business and she will be able to offer her customers much needed products.

Cándida's goals are to expand her business and see her children become professionals.  She would also like to make some improvements to her home.  For this reason, she works hard to keep her business going.",1.0,0.0,"to buy merchandise: detergents, soap, sugar, corn, beans and rice",1,2011,0.0,,Food & Trade,1.0,Yes,Yes,No,No,No,Yes,Yes
301925,male,1,individual,Agriculture,1000.0,15,110,Emprender,2011-06-02T12:27:23Z,"Dibaldo is a young, single man who buys, raises, and sells livestock (pigs). It is very important to know that to our satisfaction he works to achieve his goals and he gets up whenever life sends an obstacle, all with the goal of acquiring enough of an income to help his parents. As a second source of income and to cover his personal expenses, Dibaldo works as a taxi driver in the afternoons. It is thanks to this loan granted by the institution that he will be able to purchase construction materials to put up a corral fence for his livestock. He is a very hardworking person and he is thankful to the institution for the support they provide.",0.0,1.0,to purchase construction material to set up a corral.,1,2011,7.310648148148148,,Agriculture,1.0,Yes,Yes,No,No,Yes,Yes,Yes
304437,female,1,individual,Services,600.0,17,167,PADECOMSM,2011-06-15T06:57:36Z,"Ana lives with her husband and their two children, who are 25 and 16 years old. Ana is a seamstress. She studied tailoring and then decided to set up her own business, which she runs from 6 in the morning till 7 in the evening.
Ana currently needs to do some maintenance on her sewing machines, and she's requesting a loan to cover the expense so her machines will be in perfect working order.
Ana's goal is to have her whole workshop in good condition, the machines and all her other tools, so she can offer her customers great service.",1.0,0.0,to pay for maintaining her sewing machines.,1,2011,8.039965277777778,,Services,1.0,Yes,Yes,No,No,No,Yes,Yes
306571,male,1,individual,Food,925.0,12,163,HOFOKAM,2011-06-20T22:12:30Z,"Edward is a thirty-seven year-old married man with five children.  He rents a house in Kasese, Uganda. He has been buying and selling coffee for ten years.  He started with capital of 300,000 shillings and now has 8,000,000 shillings. His challenge is bad quality of coffee, which normally leads to losses. His dream is to own a coffee store, to construct a house, and to educate his children.  Edward needs the loan to buy coffee to sell.",0.0,1.0,to buy coffee tosell,1,2011,6.835034722222222,,Food & Trade,1.0,Yes,Yes,No,No,Yes,Yes,Yes
307181,female,1,individual,Reuse & Recycle,850.0,14,163,HOFOKAM,2011-06-16T13:26:24Z,"Daphine is a thirty eight year old married woman with three children living in her own permanent house in Fort Portal, Uganda. For ten years she has been selling second hand clothes, which has facilitated her in paying school fees for her children. She has challenges of natural hazards since she operates in the open. Her desire is to rent a sheltered business premise. Daphine needs the loan to buy clothes for sale.",1.0,0.0,To buy clothes for sale,1,2011,0.3099652777777777,,Production & Construction,1.0,Yes,Yes,No,No,Yes,Yes,Yes
310294,female,1,individual,Reuse & Recycle,500.0,14,167,PADECOMSM,2011-06-27T18:25:50Z,"Sonia sells clothes and also scrap metal (iron and unusable sheets of metal).  She owns her own home and lives with her husband and her two children aged 14 and 4.  She started her scrap metal business four years ago, buying and selling.  She buys her products by traveling around requesting scraps of iron which she then sells on at a good price.  This business has allows her to make income for her family.

Sonia needs a loan to buy iron, brass, copper and aluminum.  This is the scrap that she buys and she needs to have cash available in order to obtain it.  This will help her to make more sales and sell at a good price.

Sonia's aspirations are to own a strong business, sell her products, make better profits and improve her family's way of life.",1.0,0.0,"to buy iron, brass, copper and aluminum",1,2011,2.9831944444444445,,Production & Construction,1.0,Yes,Yes,No,No,No,Yes,Yes
311269,female,1,individual,Services,425.0,13,163,HOFOKAM,2011-06-30T19:01:04Z,"Jael is a 30-year-old single woman with two children. She lives in Kasese, Uganda. Jael has been in the salon business for ten years. She dreams of having a high class salon and educating her children. As a single mother, she says it is always a difficult task bringing up the children alone. However, through her hard work, Jael feels that she can make it. She intends to use the loan facility to buy cosmetics for her salon business.
",1.0,0.0,To buy cosmetics,1,2011,3.6882291666666656,,Services,1.0,Yes,Yes,No,No,No,Yes,Yes
311309,female,1,individual,Retail,825.0,12,163,HOFOKAM,2011-07-07T05:20:08Z,"Tinah is 27 years old and married with three children. Tina has four dependents that she takes care of. She lives in a house with nine people in Hoima, Uganda.  For three years, Tinah has been running a retail shop selling cosmetics and hair braids. The shop was opened for her by her husband and from it, she has been able to educate her children and earn a living for the family. Tinah faces the challenges of the business being seasonal and a high rate of default from her clients, but hopes for a wholesale bridal and cosmetics shop. Tinah is requesting a loan to purchase hair weaves, braids, cosmetics, bags and shoes to sell.",1.0,0.0,"To purchase cosmetics, hair braids, weaves and bags",1,2011,9.812569444444444,,Food & Trade,1.0,Difficult to tell,Yes,No,Yes,Yes,Yes,Yes
312377,male,1,individual,Agriculture,425.0,10,163,HOFOKAM,2011-07-08T19:35:29Z,"George is a 51-year-old Ugandan who hails from Kyenjojo, Uganda. He is a coffee farmer who is married with six children aged between 25 and 16 years. He lives in a semi-permanent house. He faces a problem of pests and diseases – and expensive pesticides. George has been in this business for 20 years. He began by planting coffee on a small scale – working around one acre. From that he accumulated capital to start a local brew business. In the future, he wants to sell better coffee and have a good nursery bed.
<br>George wants a loan to buy manure and spray his coffee plantation.",0.0,1.0,to buy manure and spray his coffee plantation.,1,2011,4.969050925925926,,Agriculture,1.0,Yes,Yes,No,No,Yes,Yes,Yes
312379,female,1,individual,Food,375.0,11,163,HOFOKAM,2011-07-04T21:12:04Z,"Violet is a 37-year-old single woman with two children living in Fort Portal, Uganda. She has been in the restaurant business for eight years. Having started with meager resources, Violet notes that her business has registered some growth over the years. Her main challenge in the business is price fluctuations of foodstuffs, which, in turn, affects her yield from the business. Violet's dream is to build rental houses so as to boost her income. 
<br>Violet needs a loan facility in order to buy more crates of beers and sodas to sell at her restaurant.",1.0,0.0,to buy crates of soda and beer to sell at her restaurant.,1,2011,1.0222337962962964,,Food & Trade,1.0,Yes,Yes,No,No,Yes,Yes,Yes
312792,female,1,individual,Retail,1000.0,17,151,Fundación Mujer,2011-07-16T19:05:43Z,"Señora Virginia is a 63-year-old woman and she is a very enterprising person. She lives with two of her children. A year ago she lost her husband and has had to move forward. She is a very active person.

With this loan she will invest in the purchase of merchandise to supply her shop as the busy season is approaching and she needs to stock up. She has had several loans with the foundation, maintaining a good payment history with each of them.

Her goal is to expand her business and install a photocopier. She gets up at six in the morning and does her household tasks after which she opens the shop at 8 and closes at 8. With this loan she will be able to supply her shop and have more working capital to continue working and subsidize her expenses. 

",1.0,0.0,"to buy articles for the home, jewelry, and school supplies.",1,2011,4.865069444444444,,Food & Trade,1.0,Yes,Yes,No,No,No,Yes,Yes
314341,male,1,individual,Food,325.0,8,163,HOFOKAM,2011-07-10T13:07:08Z,"Wilson is a 40-year-old married man with five children living in his own house in Fort Portal, Uganda. He has a dream of educating his children up to university. Wilson deals in the sale of fresh foods and has operated this business for seven years now. His main challenge is the ever increasing transport costs and his desire is to own more food stalls in different markets. Wilson intends to use this loan to buy bananas to sell.",0.0,1.0,to buy bananas to sell.,1,2011,2.1785069444444445,,Food & Trade,1.0,Yes,Yes,No,No,Yes,Yes,Yes
315358,female,1,individual,Services,500.0,14,167,PADECOMSM,2011-07-16T15:06:23Z,"Natividad lives with her husband and 24-year old son. She has a sewing business which she runs from her house. She learned about sewing in a dressmaking workshop. Natividad’s hours of work are from 7am to 6pm, and even longer when she has a lot of orders.

She is seeking a loan so she can buy different kinds of material in a range of colours, and notions such as buttons, zippers, and snap fasteners. She also needs spare parts for her sewing machines. With the loan money she will be able to buy what is needed for her business and better respond to her customers’ requests.

Natividad’s main goals are to expand her business, be self-sufficient, and succeed in paying off her loans so that she can earn more money and help her family.

",1.0,0.0,"to buy material and notions such as buttons, zippers, and snap fasteners",1,2011,1.9974421296296296,,Services,1.0,Yes,Yes,No,No,No,Yes,Yes
315392,female,1,individual,Food,800.0,14,167,PADECOMSM,2011-07-17T14:28:59Z,"
María sells tortillas.  She’s 31 years old and lives with her mother and siblings.  She’s been selling for the last five years.  She works every day of the week.  The business has made it possible for her to cover all her needs.

At present, she requests a loan to buy corn.  This loan will be of great help to her because she’ll be able to buy the basic grains for her sales at wholesale and being able to get them at wholesale means a better price.  María’s objective is to work as much as possible to save up in order to form her own family.


",1.0,0.0,to buy corn to make tortillas.,1,2011,3.339537037037037,,Food & Trade,1.0,Yes,Yes,No,No,No,Yes,Yes
315932,male,1,individual,Food,325.0,8,163,HOFOKAM,2011-07-16T16:38:54Z,"Rodgers is a 33-year-old Ugandan man who needs a loan to buy timber and bananas to sell. He is from Kyenjojo district and is married with four children aged between 13 and 6 years. He lives in a semi-permanent house with 6 people and his dream is to educate his children and buy land to farm. He deals in timber and banana trading and got his start-up capital from growing beans and maize. He is faced with the problem of banana price fluctuations. In future he wants to acquire machines to cut timber and start up a carpentry workshop. 

",0.0,1.0,To buy timber and bananas to sell,1,2011,2.2978125,,Food & Trade,1.0,Yes,Yes,No,No,Yes,Yes,Yes
316048,male,1,individual,Food,775.0,12,163,HOFOKAM,2011-07-29T04:00:03Z,"Ezra, 38, is a married man with four children who owns a house in Kasese, Uganda. He has been in the coffee business for fifteen years and having started with 100,000 shillings, he now has 10,000,000 shillings in working capital. His hardship is prolonged in the rainy season, as it affects the drying period. His dream is to own a coffee store so as to export to other countries. Ezra needs the loan to buy coffee for resale.",0.0,1.0,to buy coffee for resale.,1,2011,14.270833333333334,,Food & Trade,1.0,Yes,Yes,No,No,Yes,Yes,Yes
316241,female,1,individual,Food,650.0,14,97,FAPE,2011-08-08T15:32:46Z,"Melany is married and has 4 adult children.  She is 40 years old.  Six years ago she began selling food from her home.  She then rented space to sell snacks, breakfast, and lunch, and later decided to sell basic foodstuffs as well.  She requests this loan to buy basic foodstuffs.  Her dream is to give her children a better future and be financially well off. ",1.0,0.0,to buy food products.,1,2011,7.355833333333333,,Food & Trade,1.0,No,Yes,No,Yes,Yes,No,No
316785,male,1,individual,Reuse & Recycle,200.0,6,163,HOFOKAM,2011-07-17T04:32:51Z,"Robert is a 27-year-old married man with two children living in a rented house in Fort Portal, Uganda. His dream is to buy land to build a commercial house. Robert sells used clothing. He has been doing so for four years now. His main challenge is irregular sales and constant price increases. Despite this, he longs to set up a boutique in town. He needs a loan to buy used clothing to sell.",0.0,1.0,To buy used clothing to sell,1,2011,1.0644328703703705,,Production & Construction,1.0,Yes,Yes,No,No,Yes,Yes,Yes
317507,male,1,individual,Agriculture,325.0,10,163,HOFOKAM,2011-07-20T12:39:40Z,"Eric is a 41-year-old married man with five children living in a residential permanent house in Fort Portal, Uganda.

His family dream is to buy a plot in a town so that he can build and expand his foods store.

Eric has been a farmer for 10 years, and the sector has been beneficial since it has facilitated him in paying school fees for his children. His main challenge is the high cost of transporting his agricultural products and a lack of modern equipment to handle fresh products; nonetheless, he dreams of becoming the leading supplier of fresh foods in the region.

Eric needs the loan to clear land for next season's planting.
",0.0,1.0,To clear for next season's planting.,1,2011,0.8746990740740741,,Agriculture,1.0,Yes,Yes,No,No,Yes,Yes,Yes
318571,female,1,individual,Arts,500.0,14,167,PADECOMSM,2011-07-23T00:33:52Z,"Concepcion is 28 years old and she lives together with her three children and her husband. She sells hammocks and she has been in business for 8 years. It is a permanent source of income for the household. 

She requests a loan to purchase silk threads in various colors to make hammocks. This investment will be a great help to help her increase the production volume and sales.

Her aspiration is to increase the sale of hammocks to generate more income. This will help to offer her children with greater comfort and to one day have a house of her own.
",1.0,0.0,to purchase silk threads of different colors to make hammocks.,1,2011,0.2526388888888889,,Production & Construction,1.0,Yes,Yes,No,No,No,Yes,Yes
320405,female,1,individual,Clothing,600.0,8,163,HOFOKAM,2011-07-27T15:48:57Z,"Doreen is a 26-year-old single mother of two children living in a rented house in Fort Portal, Uganda.The responsibility for looking after the family rests on her and her dream is to see her children attain degrees since she did not have a chance to do that.

She owns a boutique and she has been in business for five years. Her desire is to own a wholesale textile shop despite challenges with limited funds and  high cost of rent.

Doreen intends to use the loan to buy clothes for resale.
",1.0,0.0,To buy clothes for resale.,1,2011,2.290891203703704,,Food & Trade,1.0,Yes,Yes,No,No,Yes,Yes,Yes
321268,female,1,individual,Food,300.0,8,163,HOFOKAM,2011-07-27T21:04:12Z,"Mary is a thirty-three-year-old married woman with four children. She owns a house in Kasese, Uganda. 

She has been selling cassava flour for seven years, starting the business with the money she had saved from farming. Her hardships are high transport costs and bad debtors. Her vision is to diversify and trade in maize and beans, and to educate her children.",1.0,0.0,To buy cassava flour,1,2011,0.0,,Food & Trade,1.0,Yes,Yes,No,No,Yes,Yes,Yes
321274,female,1,individual,Retail,400.0,8,163,HOFOKAM,2011-07-31T07:15:39Z,"Joan is 34 years old, single and has four children who range in age from two to 18. She owns a home in the town of Hioma, Uganda and has for the last three years earned a living by selling cosmetics. She started her business with 2.5 million Ugandan shillings but her business is now worth more than six million. Her main challenge is high rents, which is why she is determined to eventually own her own store. She is applying for this loan to buy more cosmetics to sell to her customers.",1.0,0.0,to buy more cosmetics to sell to her customers.,1,2011,3.64275462962963,,Food & Trade,1.0,Yes,Yes,No,No,Yes,Yes,Yes
322205,female,1,individual,Clothing,775.0,12,163,HOFOKAM,2011-08-02T18:14:09Z,"Grace is a 39 year-old single lady with 3 children, living in her own house in Fort Portal, Uganda.  Grace deals in selling both new and used clothes and has been in this business for three years now. Her major challenge is the untrustworthy customers who fail to pay for clothes taken, and her dream is to own a boutique.

Grace needs the loan to buy new clothes for resale.  Her dream is to get her children into good schools to get the best education.",1.0,0.0,To buy new clothes for resale.,1,2011,3.634768518518519,,Food & Trade,1.0,Yes,Yes,No,No,Yes,Yes,Yes
322494,female,1,individual,Clothing,350.0,8,187,MicroStart,2011-07-29T19:08:00Z,"Mrs Djénéba is married and a mother of four. Her eldest is 18 and her youngest is four. Three of the children attend school. She has seven dependents in total.

She has been selling children's clothing, clutch bags for ladies and chains with pendants for three years. In parallel, she sells condiments. She gets her supplies from the sector 10 market. Her customers are her friends, some neighbors, and local service agents.

She wants to purchase 1 bundle of clothing for children, three dozen of chains with pendants and one dish of dried okra.

With her profits, she wants to help her husband with the family's expenses. She ambitions to open a department store and to contribute to her children's schooling.",1.0,0.0,"buy one bundle of children's clothes, three dozen of chains with pendants and one dish of dried okra.",1,2011,0.0,,Food & Trade,1.0,Yes,Yes,No,No,No,Yes,Yes
324372,female,1,individual,Personal Use,300.0,14,167,PADECOMSM,2011-08-16T03:39:40Z,"Iveth lives with her son and is married.  She receives support from her husband, who is a policeman.  Iveth has worked as an employee of the local city hall for the past 17 months.  She is hardworking and committed to supporting her son.  Iveth seeks this credit in order to pay off debts that she simply cannot pay off with her monthly salary alone.  This will allow her to achieve financial solvency and live with peace of mind.",1.0,0.0,to cover personal expenses and pay off debts,1,2011,3.4094444444444445,,Food & Trade,1.0,Difficult to tell,Yes,No,No,No,Yes,No
325599,female,1,individual,Clothing,575.0,10,163,HOFOKAM,2011-08-19T03:29:56Z,"Justine is 28 years old and she is the sole bread winner for a family of three living in Hioma, Uganda. For three years she has been selling new clothes. With the income generated she has been able to increase her stock and pay school fees for her younger sister. 

She has limited funds to meet the different tastes of her customers and her desire is to own a boutique. Justine needs a loan to buy clothes to sell.",1.0,0.0,To buy clothes to sell.,1,2011,7.117939814814815,,Food & Trade,1.0,Yes,Yes,No,No,Yes,Yes,Yes
325610,male,1,individual,Food,450.0,8,163,HOFOKAM,2011-08-27T03:31:16Z,"Obita is a trader who sells produce. He has eight children, aged between 16 to 35 and lives in his own house with six rooms in Hioma, Uganda. For five years, Obita has been dealing in the sale of rice and groundnuts. His ambition is to buy a vehicle and run a mobile business. He faces a challenge in the high transport costs to market centers. Obita needs this loan to buy rice and groundnuts for resale.",0.0,1.0,to buy rice and groundnuts for resale.,1,2011,9.382766203703705,,Food & Trade,1.0,Yes,Yes,No,No,Yes,Yes,Yes
325613,male,1,individual,Clothing,750.0,13,163,HOFOKAM,2011-09-09T14:25:03Z,"Alex, 31, is a married man with four children living in a permanent house with his family in Fort Portal, Uganda. His dream is to buy a big piece of land and start up a ranch. He operates a boutique which mainly sells suits. He has been in business for four years. His major challenge is the high rate of inflation which affects demand. His dream is to set up a fashion house. Alex needs the loan to buy clothes for resale.",0.0,1.0,to buy clothes for resale.,1,2011,26.18402777777778,,Food & Trade,1.0,Yes,Yes,No,No,Yes,Yes,Yes
328165,male,1,individual,Agriculture,600.0,14,167,PADECOMSM,2011-08-25T16:02:33Z,"Fidel lives with his wife and two children, ages 10 and 8. He is employed but also grows corn and beans. He works as a promoter of social projects for his municipality but he is also a farmer in his free time and does agricultural tasks. 
He wants to use his loan to buy fertilizer thereby strengthening his fields and guaranteeing good development and production.
His goal is for his children to feel they have his support so they will do well in their studies and excel in the future. 
",0.0,1.0,to buy fertilizer for his crops.,1,2011,3.4600347222222223,,Agriculture,1.0,Yes,Yes,No,No,Yes,Yes,Yes
329117,male,1,individual,Services,700.0,14,167,PADECOMSM,2011-09-29T20:42:13Z,"José lives with his wife and two dependent children.  He sells tires for vehicles and metal structures.  José started this business after he studied auto mechanics and learned everything about the trade.  His business is open from 8am to 5pm and he has been providing his services for the past three years.  
<p>
This loan will be invested in the purchase of an order of tires to help resolve this situation.  As a result, José will be able to offer better service to his customers.  His aspiration is to see his children learn the business and specialize in a trade so that they can fend for themselves by having a job.  

",0.0,1.0,to pay for an order of tires.,1,2011,26.05011574074074,,Services,1.0,Yes,Yes,No,No,No,Yes,Yes
330474,male,16,group,Construction,1850.0,8,163,HOFOKAM,2011-08-29T20:09:59Z,"Selvesta is a Ugandan male, age 67 years, who needs a loan to buy timber for his workshop. He hails from Kyenjojo district, is the father of eight children, and he lives in his own house. He is a carpenter who dreams of acquiring a well furnished carpentry workshop and educating his children. Selvesta is a member of the above mentioned group where by policy each member guarantees the others in accessing credit facilities.",7.0,9.0,To buy timber for his workshop.,1,2011,0.9582523148148148,,Production & Construction,1.0,Yes,Yes,No,No,Yes,Yes,Yes
332116,male,1,individual,Food,375.0,7,163,HOFOKAM,2011-09-16T17:01:56Z,"Paul wants a loan to buy alcohol for resale. He is a Ugandan male, aged 29 years, and hails from the Kyenjojo district. He lives in a semi-permanent house. The responsibility of looking after the family solely rests on him, and his desire is to diversify and set up a wholesale shop.",0.0,1.0,To buy alcohol for resale.,1,2011,10.876284722222222,,Food & Trade,1.0,Yes,Yes,No,No,No,Yes,Yes
334764,male,1,individual,Retail,550.0,12,163,HOFOKAM,2011-09-28T03:14:18Z,"Isaac is a 30-year-old married man with five children, and he owns a house in Kasese, Uganda. The responsibility of looking after the family is vested in him, and his desire is to educate his children up to university. 

He has been operating a retail shop for three years, and business is still booming. His hardships are debtors and high transport costs and his vision is having a large-scale retail shop and a poverty-free and educated family.

Isaac needs the loan to buy salt, sugar, soap and soda for resale.",0.0,1.0,"To buy salt, sugar, soap and soda for resale.",1,2011,15.051527777777778,,Food & Trade,1.0,Yes,Yes,No,No,Yes,Yes,Yes
335362,female,1,individual,Retail,300.0,10,163,HOFOKAM,2011-09-16T03:54:06Z,"Brenda is a 26-year-old married woman with one child and she rents a house in Kasese, Uganda. She takes care of the family with the help of her husband who is a businessman. She has been in the retail shop business for two years and she used her monthly salary as a teacher to start up her current business. Her hardship is bad debtors and her vision is a wholesale business plus educating children. Brenda wants the loan to buy sugar and soap to sell.",1.0,0.0,To buy sugar and soap to sell.,1,2011,1.4402893518518518,,Food & Trade,1.0,Yes,Yes,No,No,Yes,Yes,Yes
335423,male,1,individual,Food,375.0,8,163,HOFOKAM,2011-09-16T18:31:59Z,"Julius is a thirty-year-old married man with four children and he owns a house in Kasese, Uganda. The responsibility to look after the family is vested in him and his dream is to educate all his children up to University. He has been in the bakery business for one year  and he got his initial capital from the profits he had made from his retail shop. His hardship  is limited funds to meet the different tastes of his customers and his dream is a modern bakery. Julius needs the loan facility to buy wheat and baking powder.",0.0,1.0,To buy wheat and baking powder.,1,2011,2.008298611111111,,Food & Trade,1.0,Yes,Yes,No,No,Yes,Yes,Yes
337217,male,1,individual,Agriculture,375.0,10,163,HOFOKAM,2011-09-20T10:53:55Z,"Ivan wants a loan to mulch his banana plantation. He is a Ugandan male aged 33, living in Kyenjojo, Uganda. He is a banana grower and he started with an acre of banana plantings, and now has five acres.

The responsibility to look after the family rests on him, and his dream is to buy a pickup to transport his matooke (green bananas) and educating his children.",0.0,1.0,to mulch his banana plantation,1,2011,0.1137962962962963,,Agriculture,1.0,Yes,Yes,No,No,Yes,Yes,Yes
338966,male,1,individual,Retail,150.0,8,163,HOFOKAM,2011-09-26T18:57:14Z,"Steven is a 35-year-old man with three children living in his own house in Fort Portal, Uganda. The responsibility of looking after the family falls on him and his desire is to educate his children up to university. For six years he has been operating a retail shop despite the challenges of the current inflation rate, and his dream is to trade in wholesale. Steven needs the loan to buy soap and sugar to sell.",0.0,1.0,to buy soap and sugar to sell.,1,2011,1.6508217592592591,,Food & Trade,1.0,Yes,Yes,No,No,Yes,Yes,Yes
339555,female,1,individual,Food,425.0,8,187,MicroStart,2011-09-22T17:22:05Z,"Mme Paul Eva is married and the mother of three children. The oldest is 16 and the youngest is 13. All three go to school. She is responsible for four persons. 

She has been selling ""bissaps"" (hibiscus flowers), iced water, and ""teedo"" (a local drink in Burkina) for 10 years. She buys her supplies in Yaar de Pissy (a neighborhood in Ouagadougou). She sells in schools and churches. 

She wants to buy one sack of ""bissaps"",  one sack of ""teedo"" (monkey bread) and 50 kg of sugar. 

With her profit, she will help pay the water and electricity bills, and she plans to save the rest. She would like to be able to be responsible for her children's school fees and expand her business. ",1.0,0.0,"to buy one sack of ""bissaps"" (dried hibiscus flowers used to flavor drinks), one sack of ""teedo"" (monkey bread) and 50 kg of sugar.",1,2011,0.0,,Food & Trade,1.0,Yes,Yes,No,No,Yes,Yes,Yes
344175,male,1,individual,Transportation,500.0,14,167,PADECOMSM,2011-11-16T15:29:05Z,"Javier lives with his wife and 3 children who are 6, 12 and 15 years of age. He works as school minibus driver, picking up school students from 6:00 am until 12:00 noon, Mondays to Fridays. He has been doing this work for several years and the students' parents have monthly contracts with him.

He will use the loan for the maintenance of his minibus, paying the mechanic for installing shocks, making an oil change and a number plate change. This loan will be very useful to Javier as with the funds he can count on a form of transport that has been fully reviewed by a mechanic and he will have his papers in order for the change of number plates.

Javier's dream is to have several minibuses in order to make more income so that his family can have a better life and a better quality of life.

",0.0,1.0,to pay a mechanic for installing shocks and an oil change.,1,2011,36.99236111111111,,Services,1.0,Yes,Yes,No,No,No,Yes,Yes
344216,female,1,individual,Food,300.0,8,167,PADECOMSM,2011-10-15T12:48:43Z,"Fátima is a single mother.  She has three children aged 5, 8 and 13.  She runs a pupuseria where she sells chicken and pork <a href=""http://en.wikipedia.org/wiki/Pupusa"">pupusas</a>, 'pupusas revueltas' (pupusas filled with cheese, beans and chopped pork), soda, hot chocolate and soft drinks.  She sells her products every afternoon and also sells tortillas on Saturdays and Sundays.

Fátima will use this loan to buy the basic products she needs (raw materials such as corn, soft cheese, chopped pork and cacao).  She will also buy firewood.  This will enable her to always have what she needs available so that she can keep her business running.

Fátima's dream is to grow and increase her business so that she has what she needs in order to for her family to live more comfortably and peacefully.",1.0,0.0,"to buy corn, soft cheese, chopped pork, cacao and firewood",1,2011,5.269872685185185,,Food & Trade,1.0,Yes,Yes,No,No,No,Yes,Yes
344729,female,1,individual,Food,300.0,8,167,PADECOMSM,2011-10-15T21:09:40Z,"María is a single mother of two, ages 21 and 27. She sells chicken and bean tamales in her neighborhood every day, since her customers await her Sunday through Saturday. She needs the loan in order to purchase basic supplies (leaves for wrapping, corn, chicken, seasonings, and firewood). In this way she will recoup more profits and keep her business going. María's dream is to have a more profitable business and give her children the best, since they depend on her and are continuing their studies so they can better themselves.",1.0,0.0,"to purchase chicken, corn, seasonings, and firewood, for preparing tamales",1,2011,4.103865740740741,,Food & Trade,1.0,Yes,No,No,No,Yes,Yes,Yes
345050,female,1,individual,Clothing,325.0,12,167,PADECOMSM,2011-10-14T11:06:02Z,"Zoila lives in her family home.  She sells clothing for women, men, and children: shorts, skirts, pants, blouses.  Her business is in the city center.  She has been doing this work for five years.  In her spare time, she also sews clothes with her own machine.

She needs the loan to buy more merchandise to stock her business and buy more clothing: pants, shirts, and blouses.  In this way she will increase her profits because she will have more variety to offer her customers.

Zoila's dream is to have a better quality of life and for her daughter to study and be a professional in the future.
",1.0,0.0,"to buy pants, shirts, and blouses for her business.",1,2011,3.073587962962963,,Food & Trade,1.0,Yes,No,No,No,No,Yes,Yes
345089,male,1,individual,Retail,325.0,14,167,PADECOMSM,2011-11-21T01:01:44Z,"José lives with his wife and 6 month old child. He sells mattresses, pillows, cushions, chairs and hammocks. He started the business due to lack of employment and the need to work every day. He doesn't have a fixed schedule. He takes his goods to the towns where he already has customers. He needs the loan to increase his inventory and buy (chairs, mattresses, pillows) wholesale as in this way he will have more products and be able to offer his clients variety.

José's goal is to get ahead with his family and offer his daughter a good lifestyle growing up.

",0.0,1.0,"to buy chairs, mattreses and pillows.",1,2011,19.208773148148147,,Food & Trade,1.0,Yes,Yes,No,No,No,Yes,Yes
345437,male,24,group,Agriculture,3850.0,8,163,HOFOKAM,2011-10-24T06:41:03Z,David requests another loan to plant soya beans.  He used the previous loan to pay workers who cleared land that was used to grow maize.David harvested thirty sacks of grain from the land.  He says that the whole group benefited from the previous loans.  David wants to buy more land for farming.,9.0,15.0,to buy soya beans to plant.,1,2011,1.979849537037037,,Agriculture,1.0,Yes,No,No,No,Yes,Yes,Yes
345999,male,1,individual,Wholesale,700.0,10,163,HOFOKAM,2011-10-22T14:48:49Z,"William is a 45-year-old married man with seven children living in a permanent residential house in Fort Portal, Uganda with a family goal of educating his children up to university. He has a wholesale shop dealing in general merchandise, which he has been operating for the last 15 years. He is faced with a challenge of limited funds to meet the demand and his dream is to own a warehouse. William needs the loan to buy soap, sugar and rice to sell. ",0.0,1.0,"to buy soap, sugar and rice to sell",1,2011,2.950509259259259,,Food & Trade,1.0,Yes,Yes,No,No,Yes,Yes,Yes
346203,male,1,individual,Retail,475.0,12,163,HOFOKAM,2011-11-18T20:54:36Z,"Patrick is married with 2 children, aged 5 and 9, living in his own house in Hoima, Uganda. For 9 years he has been operating an electronics shop and this has facilitated him in providing the basics to his family. He is requesting a loan to buy a new music system. He has the challenge of bad debtors, and his dream is to own a big shop. Patrick needs the loan facility to buy music systems to sell. ",0.0,1.0,to buy music systems to sell.,1,2011,29.80871527777778,,Food & Trade,1.0,Yes,Yes,No,No,Yes,Yes,Yes
346629,female,1,individual,Retail,225.0,8,163,HOFOKAM,2011-10-22T04:40:39Z,"Sylvia wants a loan to buy sugar and braids to resell. She is a 32-year-old married woman with two children living in her own house in Masindi, Uganda. She has been operating a retail shop for the last three years and her dream is to have a wholesale shop and educate her children.
",1.0,0.0,to buy sugar and braids to resell.,1,2011,2.3753819444444444,,Food & Trade,1.0,Yes,Yes,No,No,No,Yes,Yes
347674,female,1,individual,Retail,400.0,14,167,PADECOMSM,2011-11-28T03:39:10Z,"Reina will use her new loan to buy more merchandise (gold-plated jewelry, bread, and men's and women's clothes) as she now has more customers and would like to continue increasing her profits.

Reina's previous loan helped her to strengthen her business.  Now, with this new loan, she will be able to increase her profits, support her children, continue working with the institution and always have a good credit record.",1.0,0.0,"to buy gold-plated jewelry, bread and clothes",1,2011,26.31685185185185,,Food & Trade,1.0,Yes,Yes,No,No,No,Yes,Yes
348112,female,1,individual,Food,400.0,14,167,PADECOMSM,2011-11-18T13:22:52Z,"Karina is a single mother with a 2-year-old daughter.  She owns a store selling basic products (rice, beans, sugar and corn).  She started this business on her own initiative and works every day.  She does not work fixed hours.

Karina will use her loan to further grow her store and buy more merchandise such as <a href=""http://en.wikipedia.org/wiki/Churro""><i>churros</i></a> (fried-dough snack), cookies, rice, beans, soda and sweet treats.  This will enable her to make better income.

Karina's dream is to increase her sales, to have a greater variety of products and to cover her daughter's daily needs.",1.0,0.0,"to buy churros, cookies, rice, beans, soda and sweet treats",1,2011,2.842094907407408,,Food & Trade,1.0,Yes,Yes,No,No,No,Yes,Yes
349697,male,1,individual,Food,350.0,10,163,HOFOKAM,2011-11-30T01:53:05Z,"Musa is a 26-year-old married man and a father of two children between 3 and 4 years old. He lives in his own permanent residential house at Hoima in Western Uganda. 

Musa has been running a butchery shop for the past seven years. He started with a small amount of capital but now it has now grown considerably. He says he has been able to achieve this with the help of credit from Hofokam. 

He faces a challenge of price fluctuations for goats and cows. Musa is requesting a loan to buy cows and goats for sale at his butcher shop. ",0.0,1.0,To buy cows and goats for sale at his butcher shop.,1,2011,33.884027777777774,,Food & Trade,1.0,Yes,Yes,No,No,Yes,Yes,Yes
350151,male,1,individual,Agriculture,1075.0,8,163,HOFOKAM,2011-11-10T13:13:10Z,"Having gotten a loan, Saidi was able to grow his business, a thing he feels will make him realize his dream of acquiring a vehicle to enable him to transport his cattle to the city markets. He wants a loan to buy more cattle to resell at a profit",0.0,1.0,to buy more cattle to resell at a profit.,1,2011,13.96744212962963,,Agriculture,1.0,Yes,Yes,No,No,Yes,Yes,Yes
350165,male,1,individual,Retail,725.0,14,163,HOFOKAM,2011-11-02T21:20:05Z,"Julius is a 40-year-old married man with four children. He has been in the electronics business for eight years. He started with 3 million shillings and now has 5 million shillings. His hardship is customers not paying on time, building a permanent house and expanding to new markets. Julius needs a loan to buy solar panels to sell.",0.0,1.0,to buy solar panels to sell.,1,2011,5.847164351851852,,Food & Trade,1.0,Yes,Yes,No,No,No,Yes,Yes
350198,male,1,individual,Retail,250.0,12,189,VisionFund Indonesia,2011-10-28T03:34:14Z,"Lendi is a widower with two children. His children are seven and six years old. He has rented out retail space for the past year to supplement his income as a driver. This is his first loan with VisionFund Indonesia and he will use it for renovations to his rental spaces. He also will use some of it to pay school fees for his two children. His business is going well so far but there is other competition for retail space. Therefore his space needs repairs in order for him to keep renting it. 

He hopes that by having income from the rental business and being a driver, he can create a better life for his children.",0.0,1.0,to pay for renovations for the retail spaces that he rents to shopkeepers,1,2011,0.0,,Food & Trade,1.0,Yes,Yes,No,No,No,Yes,Yes
350200,female,5,group,Food,575.0,12,189,VisionFund Indonesia,2011-10-30T16:40:43Z,"Iyus is 39 years old and married with one child. His child is two years old but lives in the village away from Jakarta with his extended family. 

Iyus and his wife have been producing and selling krupuk (Indonesian chips) for five years. His favorite part of the business is that he gets to work with his wife. The business has been going well and enables him to send money to the village where his child lives. 

He now wants to expand the business and open another kiosk to sell krupuk out of. His long-term goal for his business is to someday have his own krupuk factory. He hopes that with the income from his expanded business he and his wife can eventually save enough money to live together with their child. 

Some of the other members of the group will use their loans to buy and resell electronics on credit and for their rice and food stalls. 

",5.0,0.0,to pay for more ingrediants and have enough capital to open another kiosk to sell krupuk (Indonesian chips),1,2011,3.0072800925925924,,Food & Trade,1.0,Yes,Yes,No,No,Yes,Yes,Yes
350221,male,1,individual,Agriculture,375.0,12,163,HOFOKAM,2011-10-28T16:43:00Z,"Nelson is 40 years old, married, and has four children.  He lives in Kasese, Uganda. He has been a farmer for eight years, focusing on coffee, vanilla, and bananas.  He also raises goats.  He started with a small piece of land but now has three acres. Nelson also does carpentry to supplement his income for the well-being of his family. 

Nelson is requesting for a loan, which he will use to buy more land for his coffee plantation. His hardship is limited capital; his vision is to have more acres of land so that his plantation will be able to generate high levels of produce leading to higher income. ",0.0,1.0,To purchase land for his coffee plantation.,1,2011,0.9950810185185184,,Agriculture,1.0,Yes,Yes,No,No,Yes,Yes,Yes
350392,female,1,individual,Retail,350.0,17,189,VisionFund Indonesia,2011-10-28T13:05:10Z,"Rohani is 31 years old and married with two children. They are eight and three years old. The older one, Krisna, is going to school. From Rohani's house, she sells things such as clothes, sandals and Tupperware on credit.  She has been doing this for seven years and her business is going well. By doing this business, she can help her husband to pay for her child's school fees. Now, she gets more orders for Tupperware. With this loan, she will buy more Tupperware to sell on credit. She enjoys promoting her business in her neighborhood.

Her future plan is to begin selling electronic goods on credit. The main problem with this is having enough starting capital. Over time, with her savings and another loan, maybe she can achieve this. Her hopes for her family are that they'll continue to have enough savings to invest in their children's education.",1.0,0.0,to buy more tupperware to sell,1,2011,1.0451736111111112,,Food & Trade,1.0,Yes,Yes,No,No,No,Yes,Yes
350401,female,1,individual,Agriculture,300.0,10,163,HOFOKAM,2011-10-28T02:20:25Z,"Resty is a 51-year-old married woman with four children. She lives in her own house in Kasese,Uganda. Resty has been in the farming and poultry business for eight years. She began with a small garden of pineapples, twenty coffee trees and  ten chickens but now has two acres of land for pineapples, three hundred coffee trees and two hundred chickens. Resty's hardship is limited financial resources. Her goal is to have five acres of land, to complete her house and to educate her children. Resty needs this loan to buy coffee seedlings for planting.",1.0,0.0,To buy coffee seedlings for planting.,1,2011,0.0905324074074074,,Agriculture,1.0,Yes,Yes,No,No,Yes,Yes,Yes
353339,male,1,individual,Food,600.0,14,163,HOFOKAM,2011-12-22T00:31:28Z,"Robert is a thirty-eight-year-old married man with three children, living in a semi-permanent house in Fort Portal, Uganda. His dream is to educate all his children and see them get jobs. He started with farming and later opened a produce store which he has been operating for the last two years. In this business he has faced a challenge of lack of capital to meet the high demand and his dream is a big food store that can supply the whole region. Robert needs the loan to buy maize, cassava and millet flour to sell.",0.0,1.0,"to buy  maize, cassava and millet flour  to sell.",1,2011,43.945405092592594,,Food & Trade,1.0,Yes,Yes,No,No,Yes,Yes,Yes
354413,male,1,individual,Food,575.0,10,163,HOFOKAM,2011-12-24T13:53:48Z,"Saidi wants a loan to buy a local brew for resell. Age 29, he hails from the Kyenjojo district and is a father of five children between the ages of 1 and 11. He wants to see his children get a good education. Having inherited land from his father, he planted tomatoes from which he accumulated capital to start his current business, which he has been operating for two years.
",0.0,1.0,to buy a local brew for resell.,1,2011,44.20381944444444,,Food & Trade,1.0,Yes,Yes,No,No,No,Yes,Yes
354455,male,1,individual,Housing,275.0,8,163,HOFOKAM,2011-11-12T22:27:51Z,"Frank is a 35-year-old married man with three children living in Kasese, Uganda. He has been in the transport business for one year. He was formerly working as a mechanic. His hardships are high fuel, high transport costs and increased capital. His personal goals are educating his children and building a permanent house. His business goal is expanding his business to new markets. Frank needs the loan to buy land.

",0.0,1.0,to buy land,1,2011,1.1441898148148149,,Production & Construction,1.0,Yes,Yes,No,No,Yes,Yes,Yes
354940,male,9,group,Agriculture,1150.0,8,163,HOFOKAM,2011-11-17T06:51:51Z,"Beatrice, age 58, has been a farmer for 12 years. She started as a food vendor and now plants and harvests maize to earn a living. 

Beatrice wants to acquire a motorcycle to ease the challenge of transporting her produce. She aspires toward fully educating her seven children. She is a member of a group where each member guarantees the other in accessing their loans.

She is requesting a loan in order to weed her maize garden.",2.0,7.0,to weed her maize garden,1,2011,4.660821759259259,,Agriculture,1.0,Yes,Yes,No,No,Yes,Yes,Yes
354947,male,1,individual,Food,400.0,8,163,HOFOKAM,2011-11-24T02:49:21Z,"Eric, age 31, is a maize farmer in Kyenjojo, Uganda. He saved money to start his business and it has grown over the past two years. He and wife have three children.

Eric is requesting a loan to buy maize produce to offer for resale. 

His dream is to educate his children, build a permanent home, and eventually to acquire a motorcycle to ease the challenges of transportation.",0.0,1.0,to purchase maize produce to offer for resale,1,2011,10.97855324074074,,Food & Trade,1.0,Yes,Yes,No,No,Yes,Yes,Yes
355350,female,1,individual,Transportation,925.0,14,163,HOFOKAM,2011-11-17T21:18:30Z,"Elizabeth is a thirty-year-old married woman living in Fort Portal, Uganda. She used her locally generated savings from her monthly salary to start her transportation business. She faces the hardships of price fluctuation and inflation plus high fuel costs. However, her personal goals are educating her children and building a permanent home. Elizabeth needs the loan to buy another motorcycle for her transport business.",1.0,0.0,to buy a motorcycle for her transport business.,1,2011,4.707094907407408,,Services,1.0,Yes,Yes,No,No,Yes,Yes,Yes
355576,male,1,individual,Agriculture,275.0,14,167,PADECOMSM,2011-11-16T14:21:17Z,"Jairo decided to acquire another loan because he wants to stay in business and to do so he needs to buy more raw materials like clay, firewood and nacazcol [a black dye] that he needs to make his earthenware.  The previous loan helped him because he bought farm supplies for his basic grain crops and he was able to earn higher income from the sale of the harvest; this allowed him to support his family.",0.0,1.0,"to buy firewood, clay and nacazcol.",1,2011,7.06207175925926,,Agriculture,1.0,Yes,Yes,No,No,Yes,Yes,Yes
355585,male,1,individual,Clothing,300.0,14,167,PADECOMSM,2011-11-22T14:43:15Z,"
Manuel is a clothing merchant.  He’s single living with his family in a red house.  He’s 19 years old.  He sells clothes and has been in this occupation for four years.  His mother taught him how to work selling clothes and he works every day full-time.

He is currently asking for a loan to buy shirts, blouses, dresses and skirts for men and women.  With this investment he will be able to help himself increase sales and offer new merchandise to his customers.

His goal is to improve each day and to gradually stabilize his condition as a merchant. In the same way, his experience will grow and so will his income.
",0.0,1.0,to buy clothes.,1,2011,12.307141203703704,,Food & Trade,1.0,Yes,Yes,No,No,No,Yes,Yes
355621,female,1,individual,Retail,550.0,14,167,PADECOMSM,2011-12-27T14:49:18Z,"Ruth has decided to request a new loan because she needs to restock her store.  She plans to buy oil, pork, beef, milk, corn cereal, eggs, and soups.  This will help her have on hand a wider variety of products for customers.

She paid back her previous loan and has kept her business in good shape and improved its economic situation.

",1.0,0.0,"To buy corn, eggs, soup, oil, pork, beef and milk.",1,2011,47.31101851851852,,Food & Trade,1.0,Yes,Yes,No,No,No,Yes,Yes
356007,female,1,individual,Clothing,500.0,14,167,PADECOMSM,2011-12-12T04:41:56Z,"
Flor lives with her daughter.  She’s a clothing merchant and also provides corn milling service.  She started both businesses on her own initiative and with help from her mother.  She’s been in both these businesses for two years and works from 6am until 4pm.

She is asking for this loan to buy an assortment of clothes for the Christmas season: party dresses, blouses, skirts and pants.  This purchase will help her strengthen the business and earn good profits that will make it possible for her to help out her family even more.

Flor’s goal is to see her daughter grow up with adequate schooling until she completes a university career.


",1.0,0.0,"to buy party dresses, blouses, skirts and pants.",1,2011,31.21645833333333,,Food & Trade,1.0,Yes,Yes,No,No,No,Yes,Yes
357163,female,1,individual,Retail,550.0,14,199,CrediCampo,2012-01-04T08:08:32Z,"Maria is twenty years old and has a daughter. 

She has worked selling lotions, creams and beauty products for one year. This is how Maria helps her life partner with their household expenses. Previously, she prepared food in the school in her community. 

She takes the beauty products home because they come through orders. Later, she takes them out to sell to the surrounding communities. 

Maria is requesting the loan to invest it in purchasing more beauty products like lotions and creams, among others. During the Christmas season she sells them for better prices, which will help her to obtain a better income. As the products she offers sell sufficiently she can make better offers. Maria expresses that the income she receives she will save to construct her house out of adobe, as the one she has now is made from cane and mud. This will provide a better quality of life for her daughter and will allow her to study. Likewise, she hopes to expand her business as it is profitable. 


",1.0,0.0,"to buy more beauty products, like lotions and creams, among others.",1,2012,34.005324074074075,,Food & Trade,1.0,Yes,Yes,No,No,No,Yes,Yes
358098,male,1,individual,Food,600.0,10,163,HOFOKAM,2011-12-30T07:32:26Z,"John is 27 years old. He is a married father of one child, aged 2 months. He lives in his own house in Hoima, Uganda. He is the only income earner in the family, and hence the responsibility of providing for the family rests on him. 

For the past three years he has been operating a produce business, which he started with 30,000 shillings in capital. Now he has 1,000,000 shillings in capital. He faces challenges of poor roads and inadequate capital. John needs a loan to buy rice, groundnuts, and sorghum to sell. He hopes to move his business to Hoima Town in the near future.",0.0,1.0,"to buy rice, groundnuts, and sorghum to sell.",1,2011,40.57797453703704,,Food & Trade,1.0,Yes,Yes,No,No,Yes,Yes,Yes
358859,male,1,individual,Retail,775.0,12,163,HOFOKAM,2012-01-16T06:37:32Z,"Agaba is a 28-year-old married man living in Bundibugyo, Uganda. He is currently operating a retail business where he sells sugar, salt and sodas to his customers. His hardships include limited capital to operate on a large scale, high transportation costs and inflation. His goal is to expand the business into new markets and diversifying the business. Agaba wants money to purchase salt, sodas, sugar, soap and beer to sell.",0.0,1.0,"to purchase salt, soda, sugar, soap and beer to sell.",1,2012,56.84546296296296,,Food & Trade,1.0,Yes,Yes,No,No,Yes,Yes,Yes
360903,male,1,individual,Housing,750.0,38,163,HOFOKAM,2011-12-31T20:10:23Z,"Willy wants a loan to buy materials to construct rental houses. 

He is a Ugandan male civil servant, age 34, living in Kyenjojo, Uganda.

He dreams of educating his four children and setting up rental houses from which he can earn an extra income to supplement his salary. 
",0.0,1.0,to buy materials to construct rental houses,1,2011,25.59744212962963,,Production & Construction,1.0,Yes,Yes,No,No,No,Yes,Yes
363352,female,7,group,Food,600.0,8,163,HOFOKAM,2011-12-04T23:53:20Z,"Vannie is a a 29-year-old single, hardworking young woman living in Fort Portal, Uganda. She has a fresh foods food stall that she started four years ago with capital worth fifty thousand shillings but now it is worth two hundred shillings. Her business challenges are price fluctuations and inflation. Her dream is to educate her children and expand her business into a pronounced food grocery in Fort Portal. Vannie needs the loan to buy fresh foods to sell.",7.0,0.0,to buy fresh foods to sell.,1,2011,8.835590277777778,,Food & Trade,1.0,Yes,Yes,No,No,Yes,Yes,Yes
363617,male,1,individual,Agriculture,1175.0,11,163,HOFOKAM,2011-12-25T08:50:30Z,"Bonny is a 39-year-old married man with five children living in Kyenjojo, Uganda. He is responsible for taking care of the family, and his dream is to build a permanent house as he currently lives in a semi-permanent house. He has been growing tea for eight months, and he has two acres of land so far. He has challenges of weeds which affect the output of his tea plantation and his dream is to eliminate these weeds and to have a ten-acre tea plantation. Bonny intends to buy herbicides for controlling weeds with the loan.",0.0,1.0,to buy herbicides for controlling weeds.,1,2011,20.11824074074074,,Agriculture,1.0,Yes,Yes,No,No,Yes,Yes,Yes
365114,male,1,individual,Education,800.0,10,163,HOFOKAM,2011-12-02T04:46:04Z,"Wilson lives in Masindi, Uganda. He is 50 years old, married and has two children. As a civil servant, Wilson saved some money and started up a school ten years ago.  He is requesting a loan to renovate his classrooms.   He dreams of educating his children and expanding his business into new markets.
",0.0,1.0,renovate the classrooms in his school,1,2011,0.15,,Services,1.0,Yes,Yes,No,No,No,Yes,Yes
365148,male,1,individual,Clothing,400.0,10,163,HOFOKAM,2012-01-16T17:20:14Z,"Johnbosco is a boutique owner who wants a loan to buy clothes for resale. Aged 28 years, he is the father of two children. He wants to see that they get a good education. 

He started this business with the money he acquired after harvesting and selling his maize produce. He faces a problem of price fluctuations. 

His business dream is to expand his business into new markets.
",0.0,1.0,to buy clothes for resale.,1,2012,46.152881944444445,,Food & Trade,1.0,Yes,Yes,No,No,Yes,Yes,Yes
366742,female,1,individual,Arts,375.0,14,167,PADECOMSM,2011-12-06T02:29:17Z,"Nidia is asking for a new loan because she needs to buy more supplies, like clay, nacazcol, firewood, straw, and transportation service for making her products.  She uses these materials daily to make pots, hotplates, and pans.

She considers her experience with these loans to have been good.  Now that the winter is approaching, it’s more difficult to obtain the supplies, but she was able to buy them with the loan and continues to produce.
",1.0,0.0,to buy supplies,1,2011,0.3258333333333333,,Production & Construction,1.0,Yes,Yes,No,No,Yes,Yes,Yes
367703,male,1,individual,Clean Energy,600.0,20,167,PADECOMSM,2011-12-30T12:01:38Z,"Walter has been working for the council for three years.  He lives together with his wife and two daughters in a house that they own.  Walter provides food for his family and also an education for his daughters.  He is currently requesting a loan because he would like to have electricity installed in his home.  He needs to make a payment to the company and doesn't have the money for this right now.

This loan will help Walter to cover his need for this service in his home.  It will help him to improve his living conditions and to enjoy better development alongside his family.  Walter's aspiration is to work well for the council and to work towards a better salary and a better future for his family.",0.0,1.0,to pay to install electricity in his home,1,2011,24.014953703703704,,Production & Construction,1.0,No,Yes,No,No,No,Yes,Yes
367783,female,1,individual,Agriculture,300.0,10,167,PADECOMSM,2011-12-08T01:56:27Z,"Yessica lives with her children and her husband.  She started a business on her own because of problems that she faced and works by herself with no regular schedule.  She raises pigs.
She is requesting a loan to buy pigs to fatten and to enlarge her farm, allowing the pigs to grow and get healthier there.
Her aspiration is to make her business stronger each day with the help from the loans, and to be punctual with the payments.
",1.0,0.0,to buy pigs,1,2011,0.1710763888888888,,Agriculture,1.0,No,Yes,No,No,Yes,Yes,Yes
368000,male,1,individual,Transportation,425.0,10,163,HOFOKAM,2012-01-02T00:22:42Z,"Fred is forty-two years old and a hardworking man with five children living in Kasese, Uganda. His goals are to help his family by educating his children, building a permanent home, and buying a car.

Fred has been running a motorcycle transport business for two years. The hardships of this work are seasonal weather changes and taxes and other fees. Nevertheless, Fred intends to buy another motorcycle and expand his business into new markets. The purpose of the loan is to buy a motorcycle.",0.0,1.0,to buy a motorcycle.,1,2012,25.14766203703704,,Services,1.0,Yes,Yes,No,No,Yes,Yes,Yes
368651,male,1,individual,Water,400.0,14,167,PADECOMSM,2011-12-22T16:43:46Z,"Mauricio, vive con su esposa y su hijo de 15 años de edad, él se dedica a vender agua embotellada, este oficio lo inicio hace diez años trabaja de 7: am a 5: pm de lunes a domingo. 
El préstamo lo utilizara para comprar una bicicleta, para poder repartir agua  embotellada y de esa forma podrá tener más facilidad y rapidez con la entrega de la venta.
El sueño de seguir trabajando,tener más clientes, mejorar su negocio y poder darles a su familia lo mejor.",0.0,1.0,Para comprar una bicicleta .,1,2011,13.419236111111111,,Services,1.0,Yes,Yes,No,No,Yes,Yes,Yes
371202,male,1,individual,Agriculture,850.0,9,163,HOFOKAM,2011-12-21T15:42:39Z,"Fred is a married man, aged 52 years, with eight children living in Kyenjojo, Uganda. With the previous loan, he was able to earn a profit and used it to construct a permanent house where he now lives with his family. The profits will also allow his children to pursue their education.
In his business he is faced with a challenge of price fluctuations. His business plan is to acquire a lorry truck for the transportation of his produce. Fred wants another loan to buy cattle to resell.",0.0,1.0,to buy cattle to resell at a profit,1,2011,4.9601041666666665,,Agriculture,1.0,Yes,Yes,No,No,Yes,Yes,Yes
375662,female,1,individual,Reuse & Recycle,425.0,10,163,HOFOKAM,2011-12-28T03:05:36Z,"Evelyn is a thirty-four-year-old hardworking lady with two children living in Kasese, Uganda. Her personal goal is to build a permanent house. She has been running a clothes-selling business for the last ten years after starting with capital of eighty thousand, and now the business has grown to over two million as working capital. Her major challenges are price fluctuations, inflation and customers not paying on time; however, she has a goal of expanding her business to new areas. Evelyn needs the credit facility to buy clothes for resale.",1.0,0.0,to buy clothes for resale.,1,2011,0.0941087962962963,,Production & Construction,1.0,Yes,Yes,No,No,Yes,Yes,Yes
375714,male,1,individual,Agriculture,425.0,10,163,HOFOKAM,2011-12-27T23:18:34Z,Abdul is a thirty-five-year-old married man with five children living in Kasese Uganda. His goal is to educate his children. He has been a poultry farmer for ten years. He started with capital of UGX one hundred thousand and now has over UGX one million five hundred thousand as his working capital. His major challenge is the high cost of feed. His dream is to have over 2000 birds. Abdul needs the loan to buy birds for poultry keeping.,0.0,1.0,to buy birds for poultry keeping.,1,2011,0.2072685185185185,,Agriculture,1.0,Yes,Yes,No,No,Yes,Yes,Yes
375718,male,1,individual,Retail,425.0,10,163,HOFOKAM,2012-01-23T15:08:04Z,"Hakim is a twenty-one year-old married man with three children living in Kasese,Uganda. His personal goal is to educate his children. He has been running a retail business for ten years which he started with capital of UGX one hundred thousand and now has capital of over UGX two million. 

His major challenge is high fuel and transportation costs. However, he has a vision of expanding his business into new areas. The purpose of the loan is to buy spare parts for resale.",0.0,1.0,to buy spare parts for resale.,1,2012,27.00547453703704,,Food & Trade,1.0,Yes,Yes,No,No,Yes,Yes,Yes
376357,male,1,individual,Retail,300.0,12,167,PADECOMSM,2012-01-14T13:03:12Z,"Oscar lives with his wife and his son.  He has a business selling staple products from his home.  Thanks to customer demand, he opens his store every day from Monday to Sunday.  

He is asking for this loan to increase his products and purchase more merchandise such as rice, beans, sugar, instant soups, and instant coffee.  He will be able to satisfy the needs of his customers and earn a better income.

Oscar's goal is to have a larger business with a variety of products and to be able to provide his family with everything they need.

",0.0,1.0,"to purchase rice, beans, sugar, instant soups, and instant coffee.",1,2012,17.099351851851853,,Food & Trade,1.0,Yes,Yes,No,No,No,Yes,Yes
377479,male,1,individual,Agriculture,425.0,8,163,HOFOKAM,2012-01-04T20:11:46Z,"Johnson is a forty-year-old hardworking man with four children living in Kasese, Uganda. His personal goals are to educate his children and build a permanent house.

He has been a farmer for the last two years after starting with two acres of land and now he has four and a half acres. His major hardship have been price fluctuations, inflation, high fuel and transportation costs. However, he has a goal of diversifying his farm to include cattle rearing. The purpose for this loan is to pay workers who are weeding his garden and for buying pesticides.",0.0,1.0,to weed and buy pesticides for his garden,1,2012,0.9039699074074076,,Agriculture,1.0,Yes,No,No,No,Yes,Yes,Yes
377482,female,1,individual,Food,625.0,11,163,HOFOKAM,2012-01-06T04:57:17Z,"Melida is a hardworking forty-one-year-old lady with three children. She lives in Kasese, Uganda. Her personal goals are to educate her children and buy a car. 

She has been running a food store for the last ten years. Her major hardships are price fluctuations, inflation and when customers do not pay on time. She has as a business goal to buy land to grow crops and expand her food store so as to serve a wider market.

The purpose of the loan is to buy cassava and maize flour to sell.",1.0,0.0,to buy cassava and maize flour to sell.,1,2012,2.1925,,Food & Trade,1.0,Yes,Yes,No,No,Yes,Yes,Yes
377649,female,1,individual,Food,300.0,11,167,PADECOMSM,2012-01-06T16:10:03Z,"Gilma wants to make a new investment, so she is requesting a loan to buy bushels of corn and firewood.  This will improve the condition of her business so that she will have better production and sales to her customers.  
<p>
Gilma believes her business has improved since her sales are higher and she is in a better condition to provide for her family’s daily needs.  
",1.0,0.0,to buy corn and firewood.,1,2012,2.2107060185185183,,Food & Trade,1.0,Yes,Yes,No,No,Yes,Yes,Yes
381321,female,1,individual,Food,625.0,10,163,HOFOKAM,2012-01-16T23:04:21Z,"Christine is  a 31-year-old  married woman living in a semi-permanent house in Fort Portal, Uganda. She owns a grain milling machine which she has operated for over six years.

Christine started with a stationery shop and after realizing that the benefits were not feasible she ventured into a grain milling business. Her goals are educating her children, building a permanent house, and buying herself a car. Her business dream is to buy three more machines since the demand is very high.

Christine needs the loan to purchase a another grain-milling machine.",1.0,0.0,to buy a new a grain milling machine.,1,2012,0.0,,Food & Trade,1.0,Yes,Yes,No,No,No,Yes,Yes
384206,male,1,individual,Agriculture,475.0,11,163,HOFOKAM,2012-01-24T19:21:14Z,"Charles is a hardworking 47-year-old living in Kasese, Uganda. He has been a farmer for the last twenty years, and his major hardships have been price fluctuations, inflation, and seasonal weather variations. He has a vision of venturing into mechanized agriculture and hiring employees to help expand his farm. Charles needs the loan to hire tractors for digging.",0.0,1.0,to hire tractors for digging.,1,2012,0.7924768518518519,,Agriculture,1.0,Yes,Yes,No,No,Yes,Yes,Yes
378293,male,1,individual,Retail,1200.0,20,167,PADECOMSM,2012-02-03T17:38:02Z,"Jose again needs a loan to invest in household items such as irons, wardrobes, fans, and dressers and in that way have what is necessary and the variety to offer his customers. The last loan helped him because he bought a vehicle to transport the products to sell and his business became more stable and it contributed to improve his economic stability.

",0.0,1.0,"to purchase irons, wardrobes, fans, and dressers.",1,2012,28.42908564814815,30.0,Food & Trade,1.0,Yes,Yes,No,No,No,Yes,Yes
382569,male,1,individual,Food,425.0,12,163,HOFOKAM,2012-02-02T02:47:01Z,"Tadeo is a twenty-eight-year-old, hardworking man living in Fort Portal, Uganda.  For a year he has been operating a bar, after having been a waiter for over six years.  He faces challenges of price fluctuation and high taxes levied on him.  His personal goal is to buy a motorcycle for himself and his business goal is to have a modern bar.  With this loan, Tadeo intends to buy a pool table for his bar.",0.0,1.0,to buy a pool table for his bar.,1,2012,13.345034722222222,30.0,Food & Trade,1.0,Yes,Yes,No,No,Yes,Yes,Yes
384199,male,1,individual,Retail,850.0,9,163,HOFOKAM,2012-02-15T17:49:16Z,"Johnson wants a loan to buy soft drinks for selling. He is a 28-year-old man living in Masindi, Uganda. He has been running a bar and with the proceeds, he has been able to look after his wife and children. Price fluctuations and inflation hinder his business and his dream is to own a hotel.

",0.0,1.0,to buy soft drinks for selling,1,2012,23.22859953703704,30.0,Food & Trade,1.0,Yes,Yes,No,No,No,Yes,Yes
385391,male,1,individual,Agriculture,650.0,9,163,HOFOKAM,2012-01-27T23:00:50Z,"Joseph is 34 years old, married and together the couple have four children. 

He is a farmer and has been doing it for three years. He started on a small scale and later expanded. However he faces the challenge of seasonal weather variations. 

His personal goal is to educate his children and his business goal is to own at least sixty acres of farm land. Joseph needs the loan facility to buy beans for planting.",0.0,1.0,to buy beans for planting.,1,2012,0.0561111111111111,30.0,Agriculture,1.0,Yes,Yes,No,Yes,Yes,Yes,Yes
386984,female,1,individual,Agriculture,450.0,12,163,HOFOKAM,2012-02-03T13:58:44Z,"Janet is a 39-year-old hard-working lady with three children living in Kasese, Uganda.  Her personal goals are to educate her children, build a permanent home and buy a car.  She has been in the agricultural sector for the last 20 years and her major hardships are price fluctuations, inadequate capital to purchase stock and seasonal weather changes.  However, she has a vision of buying land to grow more crops and hiring employees to help expand her business.  Janet needs a loan to buy beans and maize for planting.",1.0,0.0,to buy beans and maize for planting.,1,2012,0.089375,30.0,Agriculture,1.0,Yes,Yes,No,No,Yes,Yes,Yes
387475,male,1,individual,Agriculture,650.0,8,163,HOFOKAM,2012-02-04T16:19:54Z,"Moses is a fifty-eight-year-old married man with thirteen children living in Kasese, Uganda.  His personal goals are to educate his children and build a permanent house.  He has been in cotton farming for the last ten years.  After starting the business with a capital of one million UGX, it has grown to three million.  His major hardships are price fluctuations, inflation and inadequate capital to purchase stock.  Moses wants a loan to buy cotton to sell.",0.0,1.0,buy cotton,1,2012,1.041574074074074,30.0,Agriculture,1.0,Yes,Yes,No,No,Yes,Yes,Yes
387494,male,1,individual,Transportation,300.0,8,167,PADECOMSM,2012-02-15T21:10:15Z,"Julio is a taxi driver, he lives with his wife and 2 children who are 18 and 15 years old; they live in their own home.  His family depends on him; he works everyday scouring the streets looking for clients.  He solicits a loan in order to repair the vehicle which is giving him problems and he would like to send it to the mechanic for repairs and so it stays in working order; this way he can assure safety to his passengers.  His aspirations are to acquire a newer model for a taxi and with his earnings, be able to cover the family expenses.  
",0.0,1.0,to pay the mechanic and buy replacement parts.,1,2012,9.840405092592592,30.0,Services,1.0,Yes,No,No,No,No,Yes,Yes
389962,male,1,individual,Agriculture,350.0,9,163,HOFOKAM,2012-02-12T12:37:14Z,"Sedrack is a 30-year-old married man who has one child. He lives in a semi-permanent house in the district of Kyenjojo in Uganda. 

Sedrack is a farmer who started by doing subsistence farming but later began doing commercial farming. He dreams of building a permanent home and also wants to educate his child. 

Sedrack would like a loan to pay for the cost of mulching coffee and also to prepare his land.",0.0,1.0,to pay for the cost of mulching coffee and also to prepare his land.,1,2012,2.942488425925926,30.0,Agriculture,1.0,Yes,Yes,No,No,Yes,Yes,Yes
388674,female,1,individual,Agriculture,700.0,20,167,PADECOMSM,2012-02-15T16:28:30Z,"Rita has decided to continue investing in the pork industry, so she is asking for this new loan in order to buy pigs to fatten up. She hopes that this investment with allow her to generate good sales in the future. Through managing her business she has had improved success with her farm, and she has also been able to support her family.",1.0,0.0,To buy pigs.,1,2012,6.012835648148148,30.0,Agriculture,1.0,Yes,Yes,No,No,No,Yes,Yes
390302,male,1,individual,Food,675.0,11,163,HOFOKAM,2012-02-25T22:54:11Z,"Andrew is a 48-year-old married man with seven children living in Kasese, Uganda. His personal goals are to educate his children, build a permanent home, and buy a car. He has been running a bar business for the last 23 years, and his major hardships are price fluctuations, customers not paying on time, and inadequate capital to purchase stock. However, he has a vision of expanding his business to new areas and hiring employees to help expand the business. Andrew needs a loan to buy beers and sodas to sell.",0.0,1.0,to buy beers and sodas to sell,1,2012,14.773715277777775,30.04167824074074,Food & Trade,1.0,Yes,Yes,No,No,Yes,Yes,Yes
395903,male,1,individual,Food,450.0,9,163,HOFOKAM,2012-02-25T21:44:18Z,"John is a twenty-two-year-old married man living in a semi-permanent house in Kyenjojo, Uganda. His desire is to have a family business. He started as a farmer and later started selling produce, something he has done for three years now. 

John intends to invest the loan in buying maize to sell.",0.0,1.0,to buy maize to sell.,1,2012,0.8362384259259259,30.04167824074074,Food & Trade,1.0,Yes,Yes,No,No,Yes,Yes,Yes
395965,male,1,individual,Agriculture,525.0,11,163,HOFOKAM,2012-02-25T15:21:57Z,"William is 32 years old and has three children. He lives with his family in Hioma, Uganda. William is a farmer who faces price fluctuations and seasonal weather variations. 

William is requesting a loan to buy maize to plant. His business goal is to buy land and grow more crops to diversify his business so that he can sell produce. His family goal is to educate his children. 
",0.0,1.0,to buy maize to plant,1,2012,0.9874421296296296,30.041666666666668,Agriculture,1.0,Yes,No,No,Yes,Yes,Yes,No
395977,male,1,individual,Agriculture,525.0,11,163,HOFOKAM,2012-02-24T18:33:30Z,"Geoffrey is married with children living in Hioma, Uganda. For six years he has been farming despite challenges in price fluctuation and seasonal weather variations. His family goal is to educate his children and build a permanent house. His business goals are to diversify his business and buy land to expand his farm. Geoffrey intends to use the loan to pay workers and also buy farm inputs.",0.0,1.0,to pay workers and also buy farm inputs.,1,2012,0.0,30.041666666666668,Agriculture,1.0,Yes,Yes,No,No,Yes,Yes,Yes
396430,female,5,group,Food,575.0,10,189,VisionFund Indonesia,2012-02-25T15:23:28Z,"Hitayati is married with two children. She is pictured with one of her children. She has been selling fried snacks and ""lontong"" ( Indonesian food: rice cake made from steamed rice wrapped in banana leaf) since 2010. She sells fried snacks by distributing them to a store near to her house. Her business is running smoothly; now she can buy clothes for her children. 

Hitayati's husband is a security guard. She can contribute to her family by having this business. Even though sometimes it is hard to find banana leaf, she likes to run her business; she enjoys it. In the future she wants to have her own kiosk to sell her fried snacks. 

Other group members will be using their part of the loan to sell clothes on credit and to sell snacks.",4.0,1.0,"to pay for more ingredients such as flour, eggs, and sugar to make fried snacks to sell",1,2012,0.0440393518518518,30.041655092592592,Food & Trade,1.0,Yes,Yes,No,No,Yes,Yes,Yes
397832,female,3,group,Food,925.0,6,187,MicroStart,2012-02-27T17:33:02Z,"Mrs. BINTOU is the representative of Madjigui Group. She's married and the mother of one child, who is seven and attends school. She has one person to support.

She's been selling galettes (pancakes) for nine years. She gets her supplies at the Zeem Passego market. Her customers are her neighbors.

She wants to buy two sacks of millet, two 20-liter cans of oil, and two 50-kg sacks of sugar. She saves up her profits in order to stock up on millet.

She ambitions to open a grocery store and continue selling galettes, but also stock up sacks of millet, corn, etc.",3.0,0.0,"to buy two sacks of millet, two 20-liter cans of oil, and two 50-kg sacks of sugar",1,2012,0.3076273148148148,30.041655092592592,Food & Trade,1.0,Yes,Yes,No,No,No,Yes,Yes
398052,female,1,individual,Clothing,350.0,12,167,PADECOMSM,2012-02-29T21:02:41Z,"Orbelina is a saleswoman.  She owns her own home and is the mother of one child who is still dependent on her.  Her business is selling American clothing.  She started her business several years ago, buying clothes by the bundle.

Orbelina is currently requesting a loan to buy three bundles of American clothing including blouses, skirts, dresses and pants (trousers).  This loan will help her to improve her business, stocking it with more garments for her customers.

Orbelina's goal is to pull through in her business, make more profits and take care of her household's needs.",1.0,0.0,to buy three bundles of American clothing,1,2012,0.07125,30.04167824074074,Food & Trade,1.0,Yes,Yes,No,No,No,Yes,Yes
399018,female,1,individual,Education,175.0,8,163,HOFOKAM,2012-03-01T02:26:04Z,"Asiimwe used the previous loan to buy clothes to sell.  In her business, she faces two main hardships -- price fluctuations and inflation.  Her dream is to educate her children and diversify her business.   Asiimwe needs this loan to pay school fees for her children.",1.0,0.0,to pay school fees for her children.,1,2012,0.0388888888888888,30.04167824074074,Services,1.0,Yes,Yes,No,Yes,Yes,Yes,Yes
399222,male,1,individual,Food,425.0,8,163,HOFOKAM,2012-03-13T01:38:59Z,"John is a 28-year old married man with three children living in Kamwenge Uganda. He owns a produce store which he started nine years ago. He started with capital worth 300,000 shillings and now the business is worth two million. His hardship is price fluctuation and inflation. His dream is educating his children and expanding business into new markets. John needs this loan to buy ground nuts to sell. ",0.0,1.0,to buy ground nuts to sell.,1,2012,5.992291666666667,30.041655092592592,Food & Trade,1.0,Yes,Yes,No,No,Yes,Yes,Yes
399405,male,1,individual,Food,500.0,14,167,PADECOMSM,2012-03-13T21:11:28Z,"Jose is is requesting a new loan to buy more merchandise, such as fresh vegetables, carrots, potatoes, güisquiles (also known as chayote squash or vegetable pear)  this investment will help him improve what the business has to offer.
He thinks the previous loan had a positive impact in his business, that's why he is committed to work and position himself in the market. ",0.0,1.0,"To buy fresh vegetables such as carrots, squash and potatoes",1,2012,4.792650462962963,30.041666666666668,Food & Trade,1.0,Yes,Yes,No,No,Yes,Yes,Yes
402173,male,1,individual,Food,500.0,7,163,HOFOKAM,2012-03-13T22:11:05Z,"Edson wants another loan to buy maize to resell.  Having started by growing various crops, he saved money for the produce business that he now runs.  His dream is to export produce and educate his children.",0.0,1.0,to buy maize for resale.,1,2012,0.1117361111111111,30.0,Food & Trade,1.0,Yes,Yes,No,No,Yes,Yes,Yes
402898,female,1,individual,Agriculture,425.0,11,163,HOFOKAM,2012-03-15T20:26:36Z,"Enid is 28 years old and a single mother of two children. She lives in Hoima, Uganda. 

She is a farmer and specializes in growing rice and maize, which are very profitable. She has been farming for four years and she faces a challenge of price fluctuation. Her family goal is to work hard and educate her children. She dreams of buying her own land for growing crops, since she is currently  farming on her parents’ land.

Enid needs the loan to buy rice and maize for planting.
",1.0,0.0,to buy rice and maize for planting.,1,2012,0.0809143518518518,30.0,Agriculture,1.0,Yes,Yes,No,No,Yes,Yes,Yes
407356,male,1,individual,Services,825.0,12,163,HOFOKAM,2012-04-24T00:38:56Z,"Denes is a twenty-six-year-old married man with children. He lives in a permanent house in the district of Kyenjojo, Uganda. He wishes to have all the required gadgets for his salon and run a successful salon. He also has a personal goal of educating his children so that they can have a better future. 

Denes wants a loan to buy shaving machines for his salon.",0.0,1.0,to buy shaving machines for his salon,1,2012,29.24920138888889,30.0,Services,1.0,Yes,Yes,No,No,No,Yes,Yes
407587,male,1,individual,Clothing,425.0,10,163,HOFOKAM,2012-04-16T20:01:57Z,"Justus is a 30-year-old married man with three children living in Kasese, Uganda. His personal goal is to educate his children and build a permanent home. He has been selling clothes for five years and his major hardships are price fluctuations, inflation, inadequate capital to purchase stock and high fuel and transportation costs. However, he has a vision of diversifying his business to include farming and expanding his business to new areas. Justus needs a loan to buy clothes for resale.",0.0,1.0,to buy clothes for resale.,1,2012,20.85538194444445,30.0,Food & Trade,1.0,Yes,Yes,No,No,Yes,Yes,Yes
411655,male,1,individual,Services,300.0,8,167,PADECOMSM,2012-04-21T16:02:00Z,"Saul repairs tires and runs a scrapyard. He lives alone and has a 30-year-old son. He buys, sells, and repairs tires and deals in scrap metal. This business sustains him.

He is requesting a loan to buy tires, which will allow him to keep inventory in stock to meet his customers' needs. This investment will also make him more competitive and give him more profit opportunities. Saul's goal is to have a business that serves his customers well. This will ensure that he has enough income to live.
",0.0,1.0,to buy tires.,1,2012,3.1471875,30.0,Services,1.0,Yes,Yes,No,No,No,Yes,Yes
414983,female,19,group,Food,2550.0,6,163,HOFOKAM,2012-04-23T01:04:10Z,"John is a twenty eight year old married man with two children living in Kasese,Uganda. He has been in shop business for three years. His hardship is inadequate capital to purchase stock, personal goal is to educate children and business goal is to expand business to new markets. John wants the money to buy soap and sugar for sell.",11.0,8.0,to buy soap and sugar to sell.,1,2012,3.232037037037037,30.0,Food & Trade,1.0,Yes,Yes,No,No,Yes,Yes,Yes
423252,male,1,individual,Food,825.0,11,163,HOFOKAM,2012-06-07T04:18:07Z,"Juma is a 34-year-old married man with one child living in Kasese, Uganda. He has been in the coffee business for seven years. The business is very profitable. His hardships are price fluctuations, inflation, and inadequate capital to purchase inventory, as the demand for export is very high. His personal goals are educating his children and building a permanent house. His business goal is to expand the business into new markets. Juma wants money to buy coffee for resale.",0.0,1.0,to buy coffee for resale,1,2012,29.422280092592597,30.0,Food & Trade,1.0,Yes,Yes,No,No,Yes,Yes,Yes
423492,female,11,group,Food,1025.0,6,163,HOFOKAM,2012-05-16T12:46:02Z,"Julia is a 37-year-old married woman with five children who lives in Kasese, Uganda. She has been in the soda business for three years. She started with 50,000 shillings and now has 200,000 shillings as working capital. Julia's challenges are price fluctuations, inflation and customers not paying on time. 

Her personal goal is to educate her children and her business goal is to expand her business into new markets. Julia is a member of the above-mentioned group where each member guarantees the others when they access a loan. Julia wants the loan to buy sodas to sell.",7.0,4.0,to buy sodas to sell.,1,2012,6.101365740740741,30.0,Food & Trade,1.0,Yes,Yes,No,No,Yes,Yes,Yes
426105,female,1,individual,Reuse & Recycle,375.0,10,163,HOFOKAM,2012-05-16T17:46:13Z,"Kunihira needs another loan to add more clothes to sell.The forty-three-year-old hardworking woman is solely charged with the responsibility of looking after her eight children. She still sells clothes despite hardships of price fluctuation, theft and inadequate capital to purchase stock. However, she has a vision of expanding her business into new areas and moving her business to a more permanent location. Her personal goals are educating her children and building a permanent house.",1.0,0.0,to add more clothes in her business.,1,2012,0.9695370370370372,30.0,Production & Construction,1.0,Yes,Yes,No,No,No,Yes,Yes
427473,male,1,individual,Food,375.0,8,163,HOFOKAM,2012-05-26T19:46:55Z,"Emmanuel is a 43-year-old married man with eight children living in Kasese, Uganda. He has been in the coffee business for 17 years. His hardships are price fluctuation, inflation, and high transportation costs. His personal goals are to educate his children and to build a permanent home. His business goal is to buy land to grow crops and to export coffee to nearby countries. Emmanuel wants money to buy coffee for resale.",0.0,1.0,to buy coffee for resale,1,2012,7.636724537037037,30.0,Food & Trade,1.0,Yes,Yes,No,No,Yes,Yes,Yes
427479,male,1,individual,Food,375.0,8,163,HOFOKAM,2012-06-07T07:28:35Z,"JohnBosco is a 56-year-old married man with ten children living in Kasese, Uganda. He has been in the coffee business for seventeen years and the business is worth the venture. His biggest hardships are price fluctuations, inflation, and having inadequate capital to purchase stock since the demand is high. His personal goals are educating his children and building a permanent home. His business goal is to buy land to grow crops. JohnBosco wants money to buy coffee to sell.",0.0,1.0,to buy coffee to sell.,1,2012,19.617060185185185,30.0,Food & Trade,1.0,Yes,Yes,No,No,Yes,Yes,Yes
424530,male,1,individual,Agriculture,500.0,14,167,PADECOMSM,2012-06-17T01:21:14Z,"Oscar is requesting a new loan so he can keep working.  He will purchase hybrid seeds and fertilizers to start his new grain crop.  He makes his living in agriculture, and he hopes to have a good harvest.
Oscar had positive results from his previous loan.  He had a good harvest that provided food and income for his family.  Everyone in his home is well and enjoying good health.",0.0,1.0,to purchase hybrid seeds and fertilizers.,1,2012,29.13958333333333,29.999988425925928,Agriculture,1.0,Yes,Yes,No,No,Yes,Yes,Yes
428737,male,1,individual,Food,300.0,12,167,PADECOMSM,2012-06-05T13:31:47Z,"Oscar is requesting a new loan to make the most of his potential with his customers.  He would like to buy a supply of sorbets, sticks and frozen chocolate bananas, for which he has demand from his customers.

Oscar comments that his previous loan had a positive effect.  He bought a large quantity of frozen treats, increased his profits, and improved his family's living conditions.",0.0,1.0,"to buy sorbets, sticks and frozen chocolate bananas",1,2012,8.084525462962963,30.0,Food & Trade,1.0,Yes,Yes,No,No,No,Yes,Yes
431812,male,1,individual,Agriculture,625.0,12,163,HOFOKAM,2012-06-25T15:20:39Z,"Christopher is a 31-year-old married man with three children living in Fort Portal, Uganda. He has personal goals of educating his children and building a permanent house.

Christopher has been in the transportation and agriculture sectors for the last 10 years. He started by renting land to farm on and later on bought his own. He faces hardships of price fluctuation and inflation, high fuel and transportation costs, and seasonal weather changes. Despite these hardships, he has a vision of diversifying his business to include a retail shop and hiring employees to help him expand his business. Christopher needs a loan to buy cows for rearing.",0.0,1.0,to buy cows for rearing.,1,2012,24.34462962962963,30.0,Agriculture,1.0,Yes,Yes,No,No,Yes,Yes,Yes
444070,male,1,individual,Agriculture,450.0,14,167,PADECOMSM,2012-07-28T00:30:55Z,"Oscar is requesting a new loan, because he needs to buy farming supplies so he can begin sowing corn. He will purchase compost, insecticide and pesticide, which help him protect his crop from pests and increase his production.
He believes that the previous loan helped him improve production in his crop, because he had a good harvest. This has benefitted his family, who had what they needed for food and for covering some of their needs.",0.0,1.0,"to purchase compost, insecticide and pesticide.",1,2012,29.98672453703704,30.0,Agriculture,1.0,Yes,Yes,No,No,Yes,Yes,Yes
446840,male,1,individual,Health,500.0,14,167,PADECOMSM,2012-07-15T11:36:00Z,"Joel is requesting a new loan to invest in natural medicine to sell, acquiring a variety of medicinal products for different uses by his customers. With this loan he hopes to continue giving good service to his customers by offering products of quality. He says that with the previous loan he fulfilled a good investment with which he has received good earnings through his sales, maintaining a good portfolio of customers who are satisfied with the service. Through Kiva, he hopes to continue to prosper. ",0.0,1.0,to buy natural medicine.,1,2012,3.0386342592592595,30.0,Services,1.0,Yes,Yes,No,No,No,Yes,Yes
451012,female,1,individual,Reuse & Recycle,175.0,5,163,HOFOKAM,2012-08-03T12:33:53Z,"Asiimwe needs a loan to buy clothes to sell. She faces hardships of price fluctuations, inflation and inadequate capital for buying stock.

Asiimwe has a vision of buying land for growing crops and diversifying her business to include farming. Her dream is to educate her children up to university level.",1.0,0.0,to buy second-hand clothes to sell,1,2012,0.0165509259259259,30.0,Production & Construction,1.0,Yes,Yes,No,Yes,Yes,Yes,Yes
324807,female,1,individual,Food,700.0,12,148,Association for Rural Development (ARD),2011-08-15T14:13:54Z,"This is 35-year-old Jestina. She is married and has 4 children, ages 15, 12, 6, and 3 years old. 

In 2005, she established her food sales business. She sales items such as palm oil, Garie, foofoo, and pineapples. She began her business because she dropped out of school and needed to engage herself to avoid being idle at home. Working 6 days a week and 6 hours a day, she earns about 900,000 SLL every month from this business. She would like a loan in the amount of 3,000,000 SLL. Jestina requires a loan in order to buy more local food stuffs for her business. She hopes that this loan will enable her to increase her monthly profits by approximately 250,000 SLL. 

In the future, Jestina plans to have a store on her own and support her children through their university education. She thanks you for your support.

",1.0,0.0,to buy more local food items for her business,0,2011,5.176273148148148,,Food & Trade,1.0,Yes,Yes,No,No,No,Yes,Yes
356533,female,1,individual,Housing,550.0,15,98,AFODENIC,2011-11-17T08:41:31Z,"Irma is continuing to work, but no longer in her own general store business.  This is because her investment collapsed when she started to extend credit which wasn't repaid, causing the store to close. So she looked for a regular job. 

She has three children to educate and feed, as well as other expenses, as she doesn't have help from the children's father. She has been working as a domestic for almost a year, but her goal is to keep improving her small house. With this new loan, she will have a side wall built, providing more protection for her property, and keeping her children safe. ",1.0,0.0,To build a side wall to protect her property.,0,2011,4.917476851851852,,Production & Construction,1.0,No,Yes,No,No,No,Yes,Yes
315326,female,1,individual,Health,500.0,14,167,PADECOMSM,2011-07-14T22:02:57Z,"Marta is a widow and lives with her two daughters in her own home.  She sells medicines and owns a chicken farm.  She inherited the latter business from her husband five years ago.  She currently runs it very well and her daughters help her.  

Marta needs a loan to buy merchandise for her business selling medicines.  She will buy pills, syrups and injections for different illnesses and also vitamins and stimulants.  In addition, she would like to buy concentrated feed for her chicken farm.

Marta is a hard-working woman who is always looking for ways to make progress in her business and help her daughters.  Her goal is to own a profitable business.",1.0,0.0,"to buy syrups, injections, pills, and also concentrated feed for her chicken farm",0,2011,0.0,,Services,1.0,Yes,Yes,No,No,No,Yes,Yes
251331,male,1,individual,Food,225.0,8,163,HOFOKAM,2010-11-24T07:56:01Z,"Abel is a thirty-three-year-old enterprising father of two. He lives in his own house in Fort Portal, Uganda. He is responsible for caring for his children alone and his desire is to see them educated and employed. For three years, Abel has been operating a retail shop. His business has helped him to pay the school fees for his children. His ambition is to become a wholesaler in the next five years. With this loan, Abel intends to purchase sugar, salt, soap and cooking oil to sell in his shop.",0.0,1.0,"To buy sugar,salt,soap, and cooking oil  to sell",0,2010,0.7193287037037037,,Food & Trade,1.0,Yes,Yes,No,No,Yes,Yes,Yes
245628,female,1,individual,Retail,400.0,6,119,Asociación Arariwa,2010-11-15T07:13:44Z,"Justa belongs to the “Juntas y Unidas” (Together and United) Communal Bank, of the Arariwa Association, in the city of Cusco, and she lives in that city.  Cusco is an enchanting city that goes back to Inca times.  It is constructed on the base of the ancient Inca city.

Justa is 42 years old, married, and the fruit of this union is 2 children.  She alternates her household activities with her small business selling beauty products independently.  Justa has been dedicated to the business for various years and it is going well, thanks to the effort she puts into her work.  Justa is a hard-working and responsible woman who leads her family forward.  

With this loan, Justa hopes to receive $400 U.S.  At present, she wants to increase business and she is going to buy more cosmetics, including, for example, perfumes, and earrings, etc.  Justa is grateful for the opportunity offered by this means and, also, she is committed to complying with the payments as scheduled.",1.0,0.0,"BUYING MORE COSMETICS; FOR EXAMPLE, PERFUMES, AND ALSO EARRINGS, ETC",0,2010,7.898275462962963,,Food & Trade,1.0,Yes,Yes,No,No,No,Yes,Yes
199242,male,1,individual,Transportation,700.0,9,110,Emprender,2010-06-27T14:43:36Z,"Luis's main job is as a courier. He also sells shoes in Tumusla Street, one of the main commercial streets in the city of La Paz, and he has diversified into other areas. He would like to continue working with this field partner: he is a good customer and this will be his fifth loan with them. He is always on time and keeps careful track of his installments. 

He wishes to help his family, especially his children so that they can be good students and have a better life. The family always sticks together, and his wife helps out selling shoes when Luis is out working as a courier. He plans to invest the loan in buying tires for his car and adding to his stock of children's shoes. 

He is very grateful to the field partner Emprender, and to Kiva, for the confidence they have shown by granting the loan.
<br /><p><strong>Translated from Spanish by Rosa Oswald, Kiva Volunteer</strong></p>",0.0,1.0,Buying stock to sell,0,2010,26.32181712962963,,Services,1.0,Yes,Yes,No,No,No,Yes,Yes
121510,male,1,individual,Food,725.0,8,110,Emprender,2009-07-14T21:45:19Z,"Don Grover works as a bartender in the cafe ""La Terraza"" where a base salary and tips. Aside form his work at the cafe he works among society with his brother, selling capuccino and orange juice by renting stands in the different fairs that occur all over the country. This money will be directed to the buying of a larger coffee maker and a machine for making the foam necessary for capuccino.


				
				
				
				
<br /><p><strong>Translated from Spanish by Matt Capetola, Kiva Volunteer</strong></p>",0.0,1.0,increasing capital,0,2009,0.7675347222222222,,Food & Trade,1.0,Yes,Yes,No,No,No,Yes,Yes
317455,female,1,individual,Clothing,375.0,6,163,HOFOKAM,2011-07-20T02:32:06Z,"Beatrice, a 34-year-old single mother of four children ranging in age from 4 to14 years, lives in Hioma, Uganda where, for the last five years, she has been operating a textile business that she started with 500,000/= but now has inventory worth two million. Beatrice faces the challenge both of rain and too much sunshine but hopes to move into a sheltered premise and set up a boutique. She is now requesting a loan to buy clothes to sell.",1.0,0.0,to purchase clothes to sell.,0,2011,0.0708564814814814,,Food & Trade,1.0,Yes,Yes,No,No,Yes,Yes,Yes
291399,female,1,individual,Arts,1075.0,8,119,Asociación Arariwa,2011-04-20T03:06:40Z,"Gregoria belongs to the San Isidro de Yanahuara Communal Bank.  The bank is located in the Urubamba district, Urubamba province, Cusco department.

Gregoria, age 45, has a life partner and three children.  She alternates her daily activities with her business of selling handmade goods.  She sells scarves, gloves, and backpacks.  She sells in the Yanahuara district in the Casa Andina hotel.  She works from 5:00 a.m. until 10:00 p.m.

She wants to expand her business of selling handmade goods.  She is requesting the loan to buy handicrafts and materials to make handicrafts.  She is happy about the loan, and she pledges to make her payments on time.

",1.0,0.0,to buy handicrafts and materials to make handicrafts,0,2011,0.1920949074074074,,Production & Construction,1.0,Yes,Yes,No,No,Yes,Yes,Yes
306803,male,1,individual,Housing,1125.0,14,98,AFODENIC,2011-07-01T22:07:44Z,"Don Jose Abel is 32 years old and has worked the past 10 years at the National Institute of Technology, Center for Agricultural and Technical Education.  He teaches professional training classes.  According to his references, he is a humble man who is responsible with his obligations.  His wife takes care of the household duties and looks after their son.  
<p>
He is requesting his eighth loan so that he can add a room to his house, thereby gradually improving his living conditions.  In addition to improving his home, Jose Abel dreams of having good health and job stability.  
",0.0,1.0,to add a room to his house.,0,2011,16.817847222222223,,Production & Construction,1.0,No,Yes,No,No,Yes,Yes,No
330217,female,1,individual,Food,550.0,8,119,Asociación Arariwa,2011-08-27T17:39:58Z,"Ruth Mery was born in the city of Quillabamba in the province of La Convención in Cusco, Peru. She is 27 years old and currently lives in the city of  Urubamba with her two children. She works in construction in the municipality of Urubamba, and she also runs a small restaurant. Ruth Mery has been running this business for a number of years and it is going very well for her. She will use this loan to purchase supplies such as bags of rice and sugar. 

The community bank “Señor de los Milagros de Urubamba” (Lord of Miracles of Urubamba) meets every month in the city of Urubamba in Cusco, Peru. Cusco is known for being a very commercial and touristy area because of its traditional festival, Inti Raymi, and because it is home to the one of the seven wonders of the world, Machu Picchu.
",1.0,0.0,to purchase supplies,0,2011,0.0,,Food & Trade,1.0,Yes,Yes,No,No,Yes,Yes,Yes
165565,female,1,individual,Food,525.0,8,119,Asociación Arariwa,2009-12-28T17:47:55Z,"Our member Esther is 29 years old; she has a daughter who is 1 year and 4 moths old and her name is Azumi Nahomi. Esther is originally from the city of Urcos, province of Quispicanchis, department of Cusco and she belongs to the Community Bank “Qori Orcco” of the Arariwa Association. The city of Urcos is located 45 Km from the city of Cusco, approximately 45 minutes of travel time.

Esther gets up early to do her household activities such as preparing breakfast for her husband and tending to her daughter. After she is done with her household activities, Esther has to go sell bread at Plaza De Armas (parade grounds) in the city of Urcos. She and her business partners of 2 years now came up with the idea to create a special bread that they called “chuta navideña” which has similar characteristics to the chuta bread (a round, soft bread with a particular aroma and of giant size; traditional bread from the city of Urcos) but they added raisins and fruits. Esther and her business partners only make the “chuta navideña” bread for the Christmas festivities. She is requesting a loan to buy more consumables such as flour, sugar, lard, fruits and raisins to make “chutas navideñas” for this Christmas and New Year, since it is during this season when they sell the most.

Esther is grateful for the opportunity afforded by this channel and she is committed to make the payments according to the established time line. 
<br /><p><strong>Translated from Spanish by Carlos Morales, Kiva Volunteer</strong></p>",1.0,0.0,"Buy more consumables such as flour, sugar, lard, ruits and raisins.",0,2009,0.0538773148148148,,Food & Trade,1.0,Yes,Yes,No,Yes,No,Yes,Yes
266579,male,1,individual,Retail,800.0,14,167,PADECOMSM,2011-01-20T21:04:12Z,"José is 32 years old and lives in Usulután with his wife and five children.  He has his own home and sells household items out of his truck which he drives to nearby towns.  He also supplies to businesses in the city of Usulután.

This business activity is the sole income for his family, allowing them to cover monthly expenses.  He is requesting a loan to buy merchandise and maintain a high inventory.  The loan will help him strengthen and grow his business and will allow him to offer a variety of products to his customers.  He sells all kinds of sweets and kitchen products such as condiments, vinager, and detergent.

He aspires to improving his income so he can meet his family's priority needs.  He also wants to give his children the necessary education so they can be successful and have a quality lifestyle.


",0.0,1.0,To buy sweets and kitchen items,0,2011,0.0,,Food & Trade,1.0,Yes,Yes,No,No,Yes,Yes,Yes
435390,female,1,individual,Transportation,700.0,26,61,MAXIMA Microfinance,2012-06-20T00:00:31Z,"Savat (pictured here) is now a garment worker. Her husband, Chea, is a driver. He drives for a company. They live in a suburb of Phnom Penh and have one young son. 

Savat’s husband would like to stop working as a driver in order to become a Tuk Tuk taxi driver. Hence, Savat would like to request another loan of $700 to add to her own money to buy a Tuk Tuk for her husband. 
",1.0,0.0,To buy a Tuk Tuk for her husband.,0,2012,10.229479166666666,30.0,Services,1.0,Yes,Yes,No,No,No,Yes,Yes
354470,male,1,individual,Food,775.0,12,163,HOFOKAM,2011-12-30T18:35:13Z,"Simon is 38 years old and married with six children, ages 9-1, living in Karuguuza, Uganda. He has no [other] dependents and he lives in his own house. He has a retail shop and has been operating it for eight years. He started as a market vendor and later started a shop. He faces the challenge of bad debtors and hopes to improve his business to a wholesale business. Simon needs money to buy soap, sugar and millet to sell.


",0.0,1.0,"to buy soap, sugar and millet to sell.",0,2011,48.56589120370371,,Food & Trade,1.0,Yes,Yes,No,No,No,Yes,Yes
202666,female,1,individual,Construction,250.0,15,98,AFODENIC,2010-05-26T20:09:58Z,"Vilma A. lives with her life partner and their four adult children in one of the capital’s neighborhoods.  Her partner works as a purchasing agent and contributes to household income; all the children also contribute to the household’s monthly expenses.  For the last 33 years Vilma has sold clothes.  

She started her business with loans and financial help from her partner.  The house they currently inhabit needs some repairs so that they may live a bit more comfortably especially because winter is here and every day the rains threaten their security and create discomfort for the whole family.

For this reason she is asking for funds to buy building materials and supplies for this project.  It has been thanks to Kiva that she has managed to build her house and she is grateful for whatever help she can get now to make improvements to her humble abode because this provides her with much satisfaction as a parent for she knows that she is providing her children with the possibility of a better future for their lives.
<br /><p><strong>Translated from Spanish by Michael Bujazan, Kiva Volunteer</strong></p>",1.0,0.0,For home repairs.,0,2010,3.0138194444444446,,Production & Construction,1.0,Yes,Yes,No,No,No,Yes,Yes
421170,female,1,individual,Services,425.0,6,119,Asociación Arariwa,2012-05-07T04:33:36Z,"Silvia continues working as a seamstress, sewing pants, blouses, and skirts as well as other clothes. She also knits men's, women's, and children's sweaters. Because of this business, she can help her children succeed. Her dream is to have a place where she can sell clothes. She is asking for this loan in order to buy fabric and thread. Silvia is receiving an individual loan as a member of the village bank ""Solidaridad - Cachimayo,"" located in the Southern Andean region of Peru. The bank is in its 17th cycle with Asociación Arariwa.",1.0,0.0,to buy fabric and thread,0,2012,3.405173611111111,30.0,Services,1.0,Yes,Yes,No,No,No,Yes,Yes
309803,male,1,individual,Construction,225.0,10,98,AFODENIC,2011-07-06T03:01:26Z,Mr. Lenin lives in the Ticuantepe municipality with his wife who works in a private corporation. His future plans are to finish building his home; because of his financial situation he is not able to buy all of the materials at once (tiles) since his priority is his son’s health. His son has had allergy problems since birth. He is grateful for the trust given to him by Afodenic and Kiva to be able to improve his home and for the help that they give to low income people.,0.0,1.0,buy materials.,0,2011,10.313472222222222,,Production & Construction,1.0,No,Yes,No,Yes,Yes,No,No
249872,male,1,individual,Retail,600.0,6,119,Asociación Arariwa,2010-11-22T16:18:06Z,"Julio is a member of the “Los Diamantes” (Diamonds) community bank which is located in Huanchac district, in Cusco province, in Cusco department.

Julio is 45 years old.  He lives with his partner and has 3 children.  He has worked as a security guard since 2003.  He is also investing in a handicrafts business together with his spouse.  In parallel with his main job, he is also working independently in the handicraft business.  He buys and sells handicrafts.  Julio would like this loan to invest in buying merchandise for the Christmas season.  He is requesting the loan to invest in buying handicrafts.

He is grateful for the loan and appreciates it.  He also pledges to make his repayments in a timely manner.",0.0,1.0,To invest in buying handicrafts,0,2010,2.283240740740741,,Food & Trade,1.0,Yes,Yes,No,No,Yes,Yes,Yes
233116,male,1,individual,Agriculture,1975.0,14,100,CJSC Bank Imon International,2010-09-25T23:28:56Z,"H. Shermat is a hard-working man who is in agriculture. He has worked at this business for a long time and acquired his abilities in ranching and farming when he was very young. He is a married father with responsibilities for supporting his three children.

Shermat is known as being very responsible and hard-working since, every day, very early in the morning, he starts his job taking care of his fields while at the same time raising cattle in his own pen located at his house.

IMON International has been the backbone of Shermat’s business because of having granted loans which have allowed him to improve his standard of living through the acquisition of cattle and vegetables for planting. Today, once again, Shermat trusts that his credit will be approved so that he will be able to improve his business with the purchase of cattle and also farm supplies.
          

<b>More about Tajikistan and IMON International</b>
Tajikistan is known for its rich history, which includes a key post along the Silk Road and the end of Alexander the Great's rule. It has also produced great thinkers, philosophers, scientists and poets, including Rudaki, Avicenna, Ferdowsi, Omar Khayyam, Jomi, and Rumi. The country is home to communities that still speak the ancient Sogdian language, epic mountain passes, and a civilization that dates back to the 4th millennium B.C. And, even today, it is a complex mixture of the Islamic faith, Soviet culture, New West culture and Central Asian traditions.

But Tajikistan is also the poorest of the former Soviet republics. The civil war, which ignited soon after its independence from the U.S.S.R., further damaged the already weak economy. In addition, 93% of the country is mountainous and only 7% of the land is arable. These conditions have resulted in high levels of unemployment and have forced hundreds of thousands to seek work in other countries, mainly Russia. While the people of Tajikistan are working to improve its agricultural production and manufacturing sector, nearly two-thirds of the population still live in abject poverty.

<b>IMON's History</b>
Since December 2007, IMON International has worked closely with Kiva and Kiva lenders to ensure that poor and low income clients represent a viable business proposition. Funds raised through Kiva have already been distributed to thousands of IMON International's clients and will continue to provide thousands more with permanent access to the varied financial services they need. To learn more about IMON International's work, please visit: <a href=""http://www.imon.tj"" target=""_blank"">www.imon.tj</a>.
",0.0,1.0,"To purchase seeds, fertilizer and cattle in order to expand his business",0,2010,1.9366898148148148,,Agriculture,1.0,Yes,Yes,Yes,No,Yes,Yes,Yes
352161,female,1,individual,Health,1150.0,8,148,Association for Rural Development (ARD),2011-10-31T07:26:11Z,"This is 52-year-old Magdalene. She is a widow and has five children, aged 22, 18, 14, 10 and 7 years. She has three additional dependents who live with her because they help her with her business and they are her relatives. In 2009, Magdalene established her patient drugs business. Working six days a week and 12 hours a day, she earns about 950,000 Sierra Leone leones (Le) every month from this business. 

She would like a loan in the amount of Le 5,000,000. Magdalene has already received and successfully repaid two loans, and now requires a new loan in order to buy essential patient drugs for her business. She hopes that this loan will enable her to increase her monthly profits by approximately Le 250,000. In the future, Magdalene plans to build a dwelling and educate her children. She thanks you for your support.",1.0,0.0,To pay for additional essential patient drugs.,0,2011,0.7125694444444445,,Services,1.0,Yes,Yes,No,No,Yes,Yes,Yes
398577,female,1,individual,Retail,125.0,8,119,Asociación Arariwa,2012-03-01T13:45:54Z,"This member belongs to the communal bank ""HACIA EL TRIUNFO” [Towards Triumph]; This bank is located in the district of Huanchac, in the province of Cusco, department of Cusco.

The member is Angelica. She alternates her daily activities with her jam making business. She makes all sorts of jams such as strawberry and elderberry among others, which she later sells to her customers who request her products, such as family members and friends. She also works in a public institution, which allows her to get her family ahead. She is a happy and responsible person.

The member requests a loan to buy supplies to make jams, such as sugar and fruit.

The member is happy with the loan that has been provided and she is committed to paying her quotas in the established period.",1.0,0.0,"to buy supplies to make jams, such as sugar and fruit.",0,2012,0.237662037037037,30.04167824074074,Food & Trade,1.0,Yes,Yes,No,No,Yes,Yes,Yes
126997,female,1,individual,Agriculture,1000.0,14,98,AFODENIC,2009-08-23T03:06:05Z,"Teresa de Jesús C., age 37, lives in the San Ignacio neighborhood of La Concepción together with her husband, who assists her with household expenses. They have four children, ages 24, 18, 15, and 13, two of which are already married, and two are still at home. She plans to improve the quality of her family's life. She has been in the agriculture business for the last 21 years. Her major difficulties come from pests that affect plant growth and the behavior of the nearby volcano. Teresa de Jesús began farming through the support of her parents. Her future plans are to diversify her crops. With this loan she will buy fertilizer and supplies to improve her harvest.<br /><p><strong>Translated from Spanish by Sarah Merchlewitz, Kiva Volunteer</strong></p>",1.0,0.0,To buy supplies and fertilizers for crops,0,2009,9.316643518518518,,Agriculture,1.0,Yes,Yes,No,No,Yes,Yes,Yes
384442,female,1,individual,Food,350.0,13,98,AFODENIC,2012-01-27T05:36:15Z,"Doña Katia continues with her grocery store business and has been increasing the products she offers with the goal of obtaining better profits.  She is a single mother with a two-year old daughter.  She lives in the house of her mother, who supports her, and this is where she sells her products.  By means of the loans, she has increased sales volume by introducing more merchandise.  With the new loan, she will purchase a quintal of rice, sugar, cans of oil, cereal, dairy products, canned goods, pots of milk, sweets, and other products to generate higher profits.  

",1.0,0.0,"to purchase basic grains, sweets, dairy products, and other products that she sells the most",0,2012,1.295949074074074,30.0,Food & Trade,1.0,Yes,Yes,No,No,No,Yes,Yes
321382,female,1,individual,Retail,1000.0,6,119,Asociación Arariwa,2011-08-09T23:36:21Z,"Vania is 32 years old and the single mother of one daughter who is one-and-a-half years old. She has just recently started a business in which she sells crafts such as dolls, mirrors, and knitted blankets and hats. She is asking for a loan in order to jump-start her business and purchase various crafts such as blankets, hats, little dolls, and ornamented mirrors. She is excited about her new business and desires for it to be very successful. Vania is committed to making all of the necessary loan payments on time. ",1.0,0.0,"to buy more crafts to sell such as blankets, dolls, and mirrors.",0,2011,7.170914351851851,,Food & Trade,1.0,Yes,Yes,No,No,No,Yes,Yes
334267,male,1,individual,Services,1000.0,18,110,Emprender,2011-09-20T20:40:06Z,Jorge is a young man who is setting up his family life.  He has a sewing business and makes sports clothing on an order contract basis.  Because of a lack of capital he is requesting a loan to buy a cutting machine and fabric so he can become independent.  Jorge lives in a house that belongs to his uncle.  His main goal is to establish his own sewing shop and save for his own house.  He is an entrepreneur who enjoys what he does and wants to have a close-knit family.  His partner helps him make the sports clothing.  Jorge is pictured with his partner in the work area.,0.0,1.0,To buy a cutting machine and fabric.,0,2011,6.909768518518519,,Services,1.0,Yes,Yes,No,No,No,Yes,Yes
346633,female,1,individual,Clothing,425.0,7,163,HOFOKAM,2011-10-21T00:20:37Z,"Betty is a 35-year-old hardworking woman living in Masindi, Uganda. She buys and sells secondhand clothes and has been in business for five years. Betty wants a loan to buy new clothes to resell. Her challenge is the rainy season which disrupts her business as she operates from open markets. Her dream is to own a boutique.

",1.0,0.0,to  buy new clothes to resell,0,2011,0.1878819444444444,,Food & Trade,1.0,Yes,Yes,No,No,Yes,Yes,Yes
320567,female,1,individual,Retail,675.0,14,98,AFODENIC,2011-08-21T12:17:59Z,"Claudia has her own business, a <i>pulperia</i> [small grocery store] and she has also been selling Avon cosmetics for five years. She started with very little and with her own money. Her husband works as a service technician at a gas station.

Claudia is the mother of two children. Her goal is to be able to give her little ones all the best, which is why she aims to increase her capital, to sell more products, and to add new clothing to capture new customers.

This is her second loan cycle with AFODENIC. Thanks to her last loan, she was able to buy more products. She will use this new loan to buy clothing for children, undergarments for women and men, hair products, ""masaya""-style sandals, a variety of cosmetics, lipstick, shampoo, deodorant, lip gloss, perfumes, Coca Cola products, juices, dairy products, and basic grains. She hopes to obtain higher sales so that it will become easier to sell her new products because she will already have customers.",1.0,0.0,to buy basic grains with 40% of her loan and new clothing and cosmetics with the rest,0,2011,20.220034722222223,,Food & Trade,1.0,Yes,Yes,No,No,No,Yes,Yes
375880,female,1,individual,Food,500.0,14,167,PADECOMSM,2011-12-31T23:33:33Z,"María lives in her own home with her husband and has three older adult children.  María sells roasted plantains and has 4 years in the business, which she started on her own initiative, working Monday to Saturday.  She is requesting a loan to buy a large quantity of oil and green plantains to supply the business.  This will help to improve and increase production.  Her hope is that her business is more prosperous to improve the situation of her family.",1.0,0.0,to purchase a large quantity of oil and green plantains.,0,2011,2.759351851851852,,Food & Trade,1.0,Yes,Yes,No,No,No,Yes,Yes
243189,female,1,individual,Retail,500.0,10,110,Emprender,2010-11-01T03:04:30Z,"Paola rents a home and works in order to have a greater income. She lives with her husband and her two young children. She sells stuffed animals, toys and other items but it depends on the  time of year. She also sells comforters during the colder months. Since Christmas is approaching, she travels to Oruro to her stall in the Christmas fair. She does well selling her items during this time of year. The fair only lasts three months, so Paola is taking advantage of this opportunity. The money from the loan will be invested in the purchase of wholesale toys.
Paola is grateful for this organization since the loan will be funded by kiva.
",1.0,0.0,To buy wholesale toys to sell,0,2010,3.204386574074074,,Food & Trade,1.0,Yes,Yes,No,No,Yes,Yes,Yes
373517,female,1,individual,Food,1025.0,15,110,Emprender,2011-12-30T19:43:24Z,"Patricia lives with her mother.  She’s single and has been selling food for five years; she sells at home since it’s located in a highly commercial sector of the zone.  As far as clientele is concerned, she’s growing because there is a lot of new construction in the area.  Because of this she’s asked for a loan because she needs to acquire more tables and increase working capital.  She works alone from 5am on preparing her delicious meals.  She is a very hardworking woman who feels very grateful for the opportunity she’s being given since this is the only activity she has to support her mother.",1.0,0.0,to buy tables and ingredients.,0,2011,8.814710648148148,,Food & Trade,1.0,Yes,Yes,No,No,No,Yes,Yes
431210,female,1,individual,Clothing,825.0,8,163,HOFOKAM,2012-06-08T09:02:39Z,"Eva is a forty-two-year-old married woman with five children living in Kasese, Uganda. She has been selling baby clothes for four years. With the proceeds she has been able to promptly pay school fees for her children. Her hardship is inadequate capital to meet the different tastes and preferences of her customers. Her personal goal is educating her children and her business goal is expanding her business into new markets. Eva wants money to buy clothes to sell.",1.0,0.0,to buy clothes.,0,2012,7.08261574074074,30.0,Food & Trade,1.0,Yes,Yes,No,No,Yes,Yes,Yes
260232,female,1,individual,Food,225.0,7,119,Asociación Arariwa,2010-12-21T23:50:02Z,"Senora Juana Francisca belongs to the ""San José de Urubamba"" communal bank, which is located in the Urubamba district, Urubamba province, in the Cuzco region.

Senora Juana Francisca is 46 years old, single, and has a son. She combines her daily activities with running a restaurant, where she sells different types of food and also sodas and beers. She works from 8am to 7pm. She wants to improve and expand her restaurant, and is seeking the loan to buy hings for cooking and sodas, which she will buy wholesale.

She is happy that she can access the loan and promises to complete her repayments on time.",1.0,0.0,"The member of this communal bank is seeking a loan to buy things for cooking, and sodas which she will buy wholesale.",0,2010,0.1526504629629629,,Food & Trade,1.0,Yes,Yes,No,No,Yes,Yes,Yes
374709,female,1,individual,Arts,575.0,6,119,Asociación Arariwa,2011-12-25T04:05:47Z,"Lorenza was born in the city of Abancay but currently lives in the city of Yucay. (The peruvian district of Yucay is one of the seven districts in the province of Urubamba, located in the Department and Region of Cusco.) Lorenza, age 45, has 5 children as a result of her happy marriage. She has two main areas of work all year round. She sells handicrafts and beauty products from the ""Esika"" and ""Unique"" brands. She also makes a variety of woven items, including ponchos, sweaters, hats, table runners, and blankets. She sells her work on foot at the door of one of the most luxurious hotels in the city of Yucay.

Lorenza needs a loan to buy more materials, such as wool for weaving. With the money she makes from her work, Lorenza is able to educate and feed her children, so the loan is very important to her. She is a member of the “Virgen Natividad” Communal Bank, a group formed of 15 members. some of the members live in the city of Huayllabamba and others in the city of Yucay.
",1.0,0.0,"To buy more materials, such as wool",0,2011,0.2400231481481481,,Production & Construction,1.0,Yes,Yes,No,No,Difficult to tell,Yes,Yes
202868,female,1,individual,Construction,675.0,15,98,AFODENIC,2010-06-18T10:03:20Z,"Doña Jeaneth is a 40 year old single mother of three who has always had to work a lot to support her children. She's been working as a doorwoman for years. Slowly, with the help of loans, she has been able to improve her house and living conditions. 
With her previous loan she bought construction supplies to build an extra room and give her children more comfort. But she never started the construction because it was lacking certain materials, so she asked for another loan to buy the necessary supplies to start builidng the room. <br /><p><strong>Translated from Spanish by Mariana Dauwe, Kiva Volunteer</strong></p>",1.0,0.0,Construction Supplies,0,2010,17.12701388888889,,Production & Construction,1.0,Yes,Yes,No,No,No,Yes,Yes
282375,female,1,individual,Food,825.0,8,163,HOFOKAM,2011-03-18T23:38:57Z,"Dalia is a 33-year-old married woman with two children. She owns a house in Kasese, Uganda. She has been dealing in product for 2 years. She started by selling 4 bags of coffee per month and now sells 9 bags of coffee per month. Her challenge is high coffee prices. Her vision is setting up a coffee store. Dalia intends to use the loan to buy coffee.",1.0,0.0,to buy coffee,0,2011,2.110335648148148,,Food & Trade,1.0,Yes,Yes,No,No,Yes,Yes,Yes
338463,female,1,individual,Food,250.0,8,167,PADECOMSM,2011-10-09T11:12:22Z,"Patricia lives with her husband and 10-year-old daughter.  She sells dairy products.  She started this business 15 years ago.  Since then she’s strengthened it offering the best in cheese, curd and all other milk derivatives.  This business has helped her meet her household needs.

She currently needs to buy cheese, cream, milk, fresh cheese and cottage cheese to stock the business because she buys them already make.  This investment will be of much help for Patricia.

Her goal is to receive financial support to develop in business always striving to maintain a good record.
",1.0,0.0,"to buy cheese, cream, milk, fresh cheese and cottage cheese.",0,2011,6.189085648148148,,Food & Trade,1.0,Yes,Yes,No,No,No,Yes,Yes
319632,male,1,individual,Food,375.0,8,119,Asociación Arariwa,2011-08-05T22:26:15Z,"We met Alberto in the small town of Kiteni, in the district of Quillabamba, province of Convención, in Cusco and he told us:
""I was born in the city of Quillabamba, capital of the province of Convención. I'm 29 years old, I have three kids, and now I live in the city of Kiteni, where I am developing my businesses which are: selling food and building houses.""
Alberto is a bricklayer and works in the municipality of Kiteni in construction. Alberto is a responsible and enterprising person who is providing for his children. He and his wife opened a family business selling food and they serve breakfast, lunch and dinner. They opened this little business two months ago and it is going very well. With regards to this opportunity, he requires a loan to buy supplies such as, for example, rice, a freezer, and other things that the business needs. Alberto belongs to the community bank ""Cholo de Oro de Kiteni.""
    
      
",0.0,1.0,"to buy rice, a freezer, and other things the business needs.",0,2011,13.129270833333331,,Food & Trade,1.0,Yes,Yes,No,No,Yes,Yes,Yes
220971,female,1,individual,Agriculture,300.0,8,119,Asociación Arariwa,2010-08-16T17:38:55Z,"Elva was born in the district of Quillabamba in the province of Convención, department of Cusco.  Presently, she lives in Urubamba with her husband and two children.  Elva is an enterprising woman who is always working hard as she believes this is the only way to give her children a better quality of life.  She is a teacher at the “2058 de Chichubamba” school which is located 10 minutes from the city or Urubamba.  Deciding to improve her quality of life, Elva started a farm where she raises small animals such as guinea pigs and hens and also sells dry goods like wheat, potatoes, and corn.  She has had her business for several years and it is going really well thanks to the determination that she puts into her work.

With her next loan, Elva hopes to receive S/. 800 nuevos soles.  She would like to use the money to buy chickens.

The “Señor de Torrechayoc” comunal bank opened in 1994, but Elva has been participating for the past 12 years and the group is doing very well.  The communal bank was named in honor of the patron saint of Urubamba.

<br /><p><strong>Translated from Spanish by Eleanor Francoletti-Putz, Kiva Volunteer</strong></p>",1.0,0.0,To buy chickens.,0,2010,0.0,,Agriculture,1.0,Yes,Yes,No,No,No,Yes,Yes
151771,male,1,individual,Clothing,800.0,12,100,CJSC Bank Imon International,2009-12-13T18:53:38Z,"Sadridin is a very hardworking and responsible entrepreneur. He lives with his family in Dushanbe, Tajikistan. He is the loving father of 6 children. Sadridin works in the central city market selling men’s clothing, jeans, jackets and shirts. His business is characterized by stability and consistent growth. He has been working in the market for 2 years. His business has been the main source of income for his whole family. Currently, Sadridin is requesting a loan of $800 USD, with which he will purchase inventory from wholesalers and thus increase the assortment of merchandise in his store. We believe that Sadridin’s drive for success will help this young entrepreneur's business thrive. By lending, you can become an important part of the growth of Sadridin’s shop.

More about Tajikistan and IMON International:

Tajikistan is known for its rich history, which includes a key post along the Silk Road and the end of Alexander the Great's rule. It has also produced great thinkers, philosophers, scientists and poets, including Rudaki, Avicenna, Ferdowsi, Omar Khayyam, Jomi, and Rumi. The country is home to communities that still speak the ancient Sogdian language, epic mountain passes, and a civilization that dates back to the 4th millennium BC. And, even today, it is a complex mixture of the Islamic faith, Soviet culture, New West culture and Central Asian traditions.

But Tajikistan is also the poorest of the former Soviet republics. The civil war, which began soon after it became independent from the U.S.S.R., further damaged the already weak economy. In addition, 93% of the country is mountainous and only 7% of the land is arable. These conditions have resulted in high levels of unemployment and have forced hundreds of thousands to seek work in other countries, mainly Russia. While the people of Tajikistan are working to improve its agricultural production and manufacturing sector, nearly two-thirds of the population still live in abject poverty.

IMON's History:

Since December 2007, IMON International has worked closely with Kiva and Kiva lenders to ensure that poor and low income clients are able to borrow money. Funds raised through Kiva have already been distributed to thousands of IMON International's clients and will continue to provide thousands more with permanent access to the varied financial services they need. To learn more about IMON International's work, please visit: www.imon.tj.",0.0,1.0,"purchasing men’s clothing, jeans, jackets and shirts from wholesalers",0,2009,29.54403935185185,,Food & Trade,1.0,Yes,No,No,No,Yes,Yes,Yes
401129,female,1,individual,Clothing,325.0,12,167,PADECOMSM,2012-03-18T16:10:44Z,"María lives with her husband and two children. She sells clothes and medicines. She started this business on her own as she wanted to install a business in order to keep busy and generate income for her family. She doesn't have an established timetable as she is a street vendor.

She is requesting this loan to buy new clothes such as blouses, underwear, shirts and children's clothing. This will allow her to improve and extend her business, letting her attend new areas.

María's dream is that her business grows in order to improve the family income and repay this loan.",1.0,0.0,"to buy blouses, underwear, shirts and children's clothing.",0,2012,4.0768402777777775,30.0,Food & Trade,1.0,Yes,No,No,No,No,Yes,Yes
82174,male,1,individual,Services,525.0,13,98,AFODENIC,2009-01-04T21:04:02Z,"Oscar is 22 years old and lives in the Villa Venezuela district of Managua, the capital of Nicaragua. He is single and doesn't have any children. His future plans for a family are to establish a solid home and offer a secure asset base.

Oscar has a small video game business, with one year of experience renting all types of video games. He started the business with his own savings but his goal is to increase the variety of games, modify the video game consoles and establish a cyber-cafe in his district of Managua.

Thanks to the loan from Afodenic he will be able to buy more video games and new game consoles, offering his customers better service and in such a way growing his client base and increasing his income.
<br /><p><strong>Translated from Spanish by Sally Bolton, Kiva Volunteer</strong></p>",0.0,1.0,To purchase video games and offer maintenance and repair,0,2009,0.106886574074074,,Services,1.0,Yes,Yes,No,No,Yes,Yes,Yes
179846,male,1,individual,Retail,775.0,10,148,Association for Rural Development (ARD),2010-03-05T00:41:01Z,"Minkailu, who deals in used clothes and shoes, started his business in 1995 during the war as a displaced person.  After the civil war, he returned back to his home town and continued with the same business.  He is married with five children.  Life has not been easy for him, but he has been able to maintain his business and this will be his third loan with ARD.  He wants to increase his working capital so as to vary his stock and increase sales.  His main focus is to keep his children at school with the proceeds of his business.  He has a good credit history.",0.0,1.0,To buy used shoes,0,2010,6.952037037037037,,Food & Trade,1.0,Yes,Yes,No,No,No,Yes,Yes
170384,female,1,individual,Food,175.0,8,119,Asociación Arariwa,2010-01-21T22:59:44Z,"Luisa belongs to the Villa Rayanniyoc Community Bank which is part of Kiva partner’s Arariwa Association. She is 50 years old, married, and has eight children, four of whom are independent and the others are in school. The town of Rayanniyoc is located about 30 minutes from Cusco. 

Luisa gets up very early to do the household chores such as prepare breakfast and get her younger children off to school. Her job is selling grain. On Wednesdays, Fridays, and Sundays she sells the grain in Urubamba market, and on Saturdays she takes it to Cusco and sells in the Molino II market there. She’s been doing this for several years, and all has gone well thanks to the effort she puts in to her work. She requires a loan to buy more products such as wheat, tarwi (Andean bean), and many other grains. 

Lucia is grateful for the opportunity to get this type of loan and promises to make the repayments according to the schedule.

<br /><p><strong>Translated from Spanish by Jane Agg, Kiva Volunteer</strong></p>",1.0,0.0,"to buy more grains such as wheat, tarwi etc",0,2010,0.10375,,Food & Trade,1.0,Yes,Yes,No,No,No,Yes,Yes
317246,male,1,individual,Housing,200.0,15,61,MAXIMA Microfinance,2011-07-19T02:48:41Z,"Man sells recycling materials. His wife, Satas, now stays at home and does housework. They live along National Road Number Six, about 20 kilometers from Phnom Penh, the capital city of Cambodia. 

Man is asking for a loan of $200 to build a concrete brick room under his house.

Photo: Man is not sitting at his home. He is at his brother’s home. 

",0.0,1.0,To build a concrete brick room under his house.,0,2011,0.09625,,Production & Construction,1.0,Yes,No,No,No,Yes,No,No
451102,male,1,individual,Transportation,175.0,6,119,Asociación Arariwa,2012-07-23T17:34:18Z,"This member's name is Washington and he belongs to the communal bank ""Los Lideres"" in the city of Cusco - Perú.  He works in urban public transportation and plans to use the loan to buy tires for his vehicle, for maintenance purposes and to offer better customer service.

Washington is very grateful to KIVA for allowing him to keep his business running and supporting his family.  He is grateful for the loan and committed to paying it back on time.
",0.0,1.0,To buy tires for his vehicle.,0,2012,0.0,30.0,Services,1.0,Yes,Yes,No,No,No,Yes,Yes
357661,female,1,individual,Food,1000.0,15,110,Emprender,2011-11-18T09:58:03Z,"Señora Luz is a new client for the institution.  She came through the referral of a relative, who obtained a loan from the institution which has already been paid back.

Luz works preparing meals in a boarding-house a market.  This loan will be used for purchasing chairs, tables, dishes, a 21 inch TV, a radio, and several utensils for improving the quality of her service and expanding her business.

She has one school-age son, and lives with her husband in his parents' home in the Llojeta area.  She is a young, hard-working woman, whose wish is to expand her restaurant and provide better comfort for her customers.",1.0,0.0,"to buy tables, chairs, and other things to expand her business.",0,2011,0.8596527777777778,,Food & Trade,1.0,Yes,Yes,No,No,No,Yes,Yes
134437,male,1,individual,Agriculture,600.0,14,100,CJSC Bank Imon International,2009-09-28T02:58:28Z,"Vali A. is 43 years old. Together with his wife he has been raising cattle for more than 3 years. This produces the income which allows him to feed his  wife and 3 children . As well as caring for his livestock, Vali also cultivates agricultural crops which helps with the family's diet and provides additional income. Vali has asked for this loan to buy young cattle in order to obtain a better profit. His greatest wish is to be able to improve his farm by constructing enclosures and establishing better grazing for his livestock.  
 
More about Tajikistan and IMON International

Tajikistan is known for its rich history, which includes a key post along the Silk Road and the end of Alexander the Great's rule. It has also produced great thinkers, philosophers, scientists and poets, including Rudaki, Avicenna, Ferdowsi, Omar Khayyam, Jomi, and Rumi. The country is home to communities that still speak the ancient Sogdian language, epic mountain passes, and a civilization that dates back to the 4th millennium BC. And, even today, it is a complex mixture of the Islamic faith, Soviet culture, New West culture and Central Asian traditions.

But Tajikistan is also the poorest of the former Soviet republics. The civil war, which ignited soon after its independence from the U.S.S.R., further damaged the already weak economy. In addition, 93% of the country is mountainous and only 7% of the land is arable. These conditions have resulted in high levels of unemployment and have forced hundreds of thousands to seek work in other countries, mainly Russia. While the people of Tajikistan are working to improve its agricultural production and manufacturing sector, nearly two-thirds of the population still live in abject poverty.

IMON's History

Since December 2007, IMON International has worked closely with Kiva and Kiva lenders to ensure that poor and low income clients represent a viable business proposition. Funds raised through Kiva have already been distributed to thousands of IMON International's clients and will continue to provide thousands more with permanent access to the varied financial services they need. To learn more about IMON International's work, please visit: www.imon.tj
",0.0,1.0,Purchasing of young cattle,0,2009,22.943252314814817,,Agriculture,1.0,Yes,No,Yes,Yes,Yes,No,No
338541,female,1,individual,Housing,550.0,20,98,AFODENIC,2011-09-24T20:37:16Z,"Guillermina is 47 years old, a teacher in the suburbs in Rio Rama. She teaches the rural children of this community. She is asking for her second loan in order to buy construction materials and thus little by little to improve the infrastructure of her house. Her life partner works as a brick layer, and helps with the family expenses and loan commitments. This humble teacher is loved by her parents, students and colleagues because of her great love for teaching and being a simple woman. Her dream is to have a better future and stable working conditions so she can provide for her beautiful family. ",1.0,0.0,to purchase construction materials,0,2011,0.852199074074074,,Production & Construction,1.0,No,Yes,No,No,No,Yes,No
480447,female,1,individual,Food,1200.0,20,167,PADECOMSM,2012-11-07T02:04:14Z,"Dalia is requesting a new loan to be able to invest in the business and also to make some improvements to her home.  She will invest specifically in the purchase of corn, condiments, fried pork, oil and drinks.  She will also invest in the improvement of the floor of her house, installing bricks.  This loan will be a great help that will allow her to improve the business and also her home.

With the previous loan she managed to have a good investment as she also carried out other improvements in her house.  At this time she has faced a painful situation as four months ago her husband died due to health problems.  She is still facing this situation but she hopes to keep herself busy to be able to overcome it.
",1.0,0.0,"to buy corn, condiments, fried pork, oil and drinks.",0,2012,29.23903935185185,29.95832175925926,Food & Trade,1.0,Yes,Yes,No,No,Yes,Yes,Yes
176501,female,1,individual,Food,1000.0,14,100,CJSC Bank Imon International,2010-02-17T12:16:10Z,"S. Rano is 45 years old. She is married and is the mother of 4 children. For many years her husband has worked in Russia. Supporting her family on her own was very difficult. 

To improve her living conditions, Rano decided to start her own business processing dried clingstone apricots and selling them at the local market. The business has gone very well and now Rano needs a loan in order to meet the demand of her customers. She is requesting a loan of $1000 USD to purchase more clingstone apricots. Rano feels this is the only way to earn enough to ensure that her children can stay in school and have a bright future.  
 

More about Tajikistan and IMON International

Tajikistan is known for its rich history, which includes serving as a key post along the Silk Road and marking the end of Alexander the Great's rule. It has also produced great thinkers, philosophers, scientists and poets, including Rudaki, Avicenna, Ferdowsi, Omar Khayyam, Jomi, and Rumi. The country is home to communities that still speak the ancient Sogdian language, epic mountain passes, and a civilization that dates back to the 4th millennium BC. Even today it is a complex mixture of the Islamic faith, Soviet culture, New West culture and Central Asian traditions.

But Tajikistan is also the poorest of the former Soviet republics. The civil war, which ignited soon after its independence from the U.S.S.R., further damaged the already weak economy. In addition, 93% of the country is mountainous and only 7% of the land is arable. These conditions have resulted in high levels of unemployment and have forced hundreds of thousands to seek work in other countries, mainly Russia. While the people of Tajikistan are working to improve its agricultural production and manufacturing sector, nearly two-thirds of the population still live in abject poverty.

IMON's History

Since December 2007, IMON International has worked closely with Kiva and Kiva lenders to ensure that poor and low income clients represent a viable business proposition. Funds raised through Kiva have already been distributed to thousands of IMON International's clients and will continue to provide thousands more with permanent access to the varied financial services they need. To learn more about IMON International's work, please visit: www.imon.tj



",1.0,0.0,To buy clingstone apricots for processing and selling,0,2010,0.8166666666666667,,Food & Trade,1.0,Yes,Yes,No,Yes,Yes,Yes,Yes
302283,male,1,individual,Retail,200.0,8,119,Asociación Arariwa,2011-06-03T19:07:16Z,"Señor Sixto is a member of the communal bank ""Perolniyoc"" located in the district and province of Urubamba in the department of Cusco. 

Señor Sixto is 38 years old, lives with his partner and has one child.  He alternates his daily activities with his carpentry business.  He makes things like tables, chairs and doors.  He works from 7:00 am until 5:00 pm and then he sells his products independently.  He wants to expand and improve his carpentry business.  He is requesting a loan to buy wood, glue and paint to make tables, chairs and doors.  

He is happy about the loan and is committed to making his payments on time. ",0.0,1.0,"buy wood, glue and paint to make tables, chairs and doors for his carpentry business.",0,2011,0.0,,Food & Trade,1.0,Yes,Yes,No,No,No,Yes,Yes
491678,female,14,group,Retail,6425.0,6,119,Asociación Arariwa,2012-11-17T21:33:35Z,"A group of friends and neighbors form the body of the communal bank “Mamacha Rosario” in the district of Huancarani in the province of Paucartambo and department of Cusco. This communal bank is made up of people who are searching continuously for opportunities to get ahead, and to bring a better future to their children through their daily efforts.  The primary business activities of the members are, for example: food sales, creation of wooden furniture, sales of crafts, a grocery store, fuel sales, beer and chicha (a fermented corn drink) sales, farming of small domesticated animals, and much more.

Victoria remains a member of the communal bank and her primary economic success has been in the sales of fuels like gasoline and oil.  She continues to run a shop where she sells fuels and lubricants, but she also does agricultural work and grows potatoes and barley.  She buys fuels from one of the outlets near the city of Huancarani.  IT has now been several years since she began this business, and it is going very well for her, thanks to the effort she puts into her work.  At this time, Victoria is in need of a loan to buy lubricants and additives.  The members as a whole are thankful for the opportunity that has been offered and promise to make payments of each of their different loans on schedule as arranged.  (The people who appear on the left-hand side of the photo arrived late to the meeting of the communal banking group.)",8.0,6.0,to buy lubricants and additives.,0,2012,10.655243055555555,30.0,Food & Trade,0.8571428571428571,Yes,Yes,No,No,Yes,Yes,Yes
317920,female,1,individual,Retail,300.0,6,119,Asociación Arariwa,2011-07-21T08:46:10Z,"The member belongs to the “Amauta” communal bank located in Huanchac District, Cusco Province and Department.

She is 67 years old, single and has two children.  She runs a grocery store.  She buys and sells all sorts of basic need items like: rice, noodles, flour, oil and soft drinks, among others.  She also owns a car wash and lubrication service.  She needs the loan to buy rice, sugar, flour, oil and everything related to stocking her grocery store.  She is asking for the loan to buy basic need items.

She is very satisfied and grateful for the support provided and commits to repay her debts in a timely fashion. 
",1.0,0.0,to buy stock items for her store.,0,2011,1.1500462962962965,,Food & Trade,1.0,Yes,Yes,No,No,No,Yes,Yes
358333,female,1,individual,Retail,700.0,6,119,Asociación Arariwa,2011-11-16T20:47:38Z,"Estela, 62, is married and has five children.  She is a retired teacher.  Now that Christmas is approaching she sells panettones [traditional Christmas cake] and also sells beauty products like creams, perfume and lipstick.  She requests the loan to buy panettones at wholesale and also to buy beauty products like perfume, creams and lipstick.  She is satisfied with the granted loan and commits to make her payments according to the established payment schedule.",1.0,0.0,to buy panettones at wholesale and also to buy beauty products.,0,2011,0.8316203703703704,,Food & Trade,1.0,Yes,Yes,No,No,No,Yes,Yes
128799,male,1,individual,Transportation,1150.0,14,100,CJSC Bank Imon International,2009-09-01T00:17:40Z,"A. Yodgorjon is 32 years old. He is married and has three children. Yodgorjon's goals are to grow in his personal life and in his business. His wish is to offer better service to his customers. His dream is that God continues to provide him with more life to get ahead and to fulfill his goals.

Yodgorjon is a taxi driver and travels through the streets of Dushanbe, Tajikistan, in search of customers. He has owned his business for ten years.

Currently Yodgorjon’s car needs some repairs and he wants to borrow 5,000 Somoni which will go towards repairs of his vehicle. Part of the loan will also be used to purchase tires. Yodgorjon thanks Kiva and all lenders that make this help possible.


<b>More about Tajikistan and IMON International</b>
Tajikistan is known for its rich history, which includes a key post along the Silk Road and the end of Alexander the Great's rule. It has also produced great thinkers, philosophers, scientists and poets, including Rudaki, Avicenna, Ferdowsi, Omar Khayyam, Jomi, and Rumi. The country is home to communities that still speak the ancient Sogdian language, epic mountain passes, and a civilization that dates back to the 4th millennium B.C. And, even today, it is a complex mixture of the Islamic faith, Soviet culture, New West culture and Central Asian traditions.

But Tajikistan is also the poorest of the former Soviet republics. The civil war, which ignited soon after its independence from the U.S.S.R., further damaged the already weak economy. In addition, 93% of the country is mountainous and only 7% of the land is arable. These conditions have resulted in high levels of unemployment and have forced hundreds of thousands to seek work in other countries, mainly Russia. While the people of Tajikistan are working to improve its agricultural production and manufacturing sector, nearly two-thirds of the population still live in abject poverty.

<b>IMON's History</b>
Since December 2007, IMON International has worked closely with Kiva and Kiva lenders to ensure that poor and low income clients represent a viable business proposition. Funds raised through Kiva have already been distributed to thousands of IMON International's clients and will continue to provide thousands more with permanent access to the varied financial services they need. To learn more about IMON International's work, please visit: <a href=""http://www.imon.tj""> www.imon.tj </a>
",0.0,1.0,To repair his taxi and to purchase tires,0,2009,18.109421296296297,,Services,1.0,Yes,Yes,No,Yes,Yes,Yes,Yes
331518,female,1,individual,Clothing,1100.0,6,119,Asociación Arariwa,2011-09-05T10:41:17Z,"This member belongs to the ""CUSCO"" Communal Bank.  The bank is located in the district of Cusco, which belongs to the province of Cusco and department of Cusco.

The member is Señora Obdulia; she is 57 years old, and is single with three children.  The member combines her daily activities with her business selling underwear; she sells items such as polo shirts and men's briefs.  The member works from 7 a.m. to 8 p.m.  Through this business, the member is able to move her children ahead in life.

The member wants to grow and improve her business selling underwear. The member is requesting a loan to buy underwear items such as polo shirts and briefs at wholesale.  The member is happy about the loan, and promises to comply with the repayments of her share.",1.0,0.0,to buy underwear items such as polo shirts and men's briefs at wholesale.,0,2011,5.861944444444444,,Food & Trade,1.0,Yes,Yes,No,No,No,Yes,Yes
236052,male,1,individual,Manufacturing,1200.0,14,100,CJSC Bank Imon International,2010-10-03T19:09:08Z,"Rahmon is a businessman who successfully combines running his business and taking care of his family of three people. He has two children. Rahmon is originally from Isfara, a city in the south of Tajikistan. He started his business 15 years ago, after a desperate period of unemployment when his family didn’t get enough for their most basic needs. Today, he offers his services as a woodworker. Rahmon has a perfect credit history. He has already repaid one loan from IMON International without any delinquencies. This time, Rahmon is requesting a loan of $1200 USD to purchase wood products like bold timber, plank timber for his production. We believe this loan will also be repaid promptly. 

More about Tajikistan and IMON International

Tajikistan is known for its rich history, which includes a key post along the Silk Road and the end of Alexander the Great's rule. It has also produced great thinkers, philosophers, scientists and poets, including Rudaki, Avicenna, Ferdowsi, Omar Khayyam, Jomi, and Rumi. The country is home to communities that still speak the ancient Sogdian language, epic mountain passes, and a civilization that dates back to the 4th millennium BC. And, even today, it is a complex mixture of the Islamic faith, Soviet culture, New West culture and Central Asian traditions.

But Tajikistan is also the poorest of the former Soviet republics. The civil war, which ignited soon after its independence from the U.S.S.R., further damaged the already weak economy. In addition, 93% of the country is mountainous and only 7% of the land is arable. These conditions have resulted in high levels of unemployment and have forced hundreds of thousands to seek work in other countries, mainly Russia. While the people of Tajikistan are working to improve its agricultural production and manufacturing sector, nearly two-thirds of the population still live in abject poverty.

IMON's History

Since December 2007, IMON International has worked closely with Kiva and Kiva lenders to ensure that poor and low income clients represent a viable business proposition. Funds raised through Kiva have already been distributed to thousands of IMON International's clients and will continue to provide thousands more with permanent access to the varied financial services they need. To learn more about IMON International's work, please visit: www.imon.tj
",0.0,1.0,"Purchasing of wood products like bold timber, plank timber for his production.",0,2010,2.068761574074074,,Production & Construction,1.0,Yes,No,No,No,No,Yes,No
270373,female,1,individual,Clothing,150.0,6,119,Asociación Arariwa,2011-02-05T18:22:32Z,"Ruth was born in and lives in the historical city of Cusco in the Cusco, Perú, department. People in the city of Cusco devote themselves to different types of businesses and providing services. The businesses are strongly related to tourism. However, some of them, like Ruth's, is not.  Ruth sells clothes and general products.

Ruth needs the loan to buy more clothes and other products. Ruth belongs to the “Hijas de María” (María’s Daughters) Communal Bank with the Asociación Arariwa in Cusco, Peru. The communal bank is in its third year, and it is going very well for all of the members.
  
",1.0,0.0,To buy more clothes and other products,0,2011,0.0,,Food & Trade,1.0,Yes,Yes,No,No,Yes,Yes,Yes
270988,female,1,individual,Food,1000.0,14,110,Emprender,2011-02-08T19:36:29Z,"Mrs. Victoria is a long-time member of the institution.  For 13 years she has been operating a stand, where she sells linseed drinks and meat pies, in one of the busiest markets of the city of Cochabamba.  She plans to use the loan to buy construction materials so she can finish the house she is building and set up a store in her home to sell basic needs items in the afternoons.

She is separated and her children are independent but she helps care for her grandchildren.  She lives with her son and is very grateful to the institution for the support she has received.",1.0,0.0,To buy construction materials and increase work capital,0,2011,0.9280555555555556,,Food & Trade,1.0,Yes,Yes,No,No,No,Yes,Yes
448581,female,11,group,Education,3675.0,6,119,Asociación Arariwa,2012-07-17T09:36:02Z,"David belongs to the “San Roque” communal bank located in Andahuaylillas District belonging to Quispicanchis Province and Cusco Department.  He’s 20-year-old and single.

He alternates his daily activities with providing taxi services.  He works for a few hours during the day since he’s also preparing to enter the university to study Economics.  He’s a cheerful, responsible person who very much wants to continue with his studies and working for his future.  He’s requesting a loan to pay for his college-prep course.

The other group members have a grocery store, make chicha [corn-based drink], buy and sell crafts, have a restaurant, raise small farm animals, raise cattle, sell corn and teach.

The member in the inserted photo requested permission to miss the meeting because of his work so his photo was taken later.

David is grateful for the loan he’s being granted and commits to make his payments.


",10.0,1.0,to pay for his college-prep course.,0,2012,0.9694560185185184,30.0,Services,0.8181818181818182,Yes,Yes,No,No,No,Yes,Yes
267958,male,1,individual,Housing,325.0,12,98,AFODENIC,2011-02-16T21:39:46Z,"Jhonny works for a private business as a security guard.  He is married and has two beautiful children.  

His goal for his loans from Afodenic has been to improve his house because he hopes to have a safe home for his family.  Part of the house is still made of corrugated tin, and he will only be able to achieve his goal with these loans.

With this new loan, he would like to continue improving the concrete walls of the house.  He plans to purchase stones, sand, and cement to continue his work.



",0.0,1.0,Purchase construction materials to continue improvements on his house,0,2011,15.068969907407409,,Production & Construction,1.0,No,Yes,No,No,Yes,No,No
265350,male,1,individual,Agriculture,500.0,11,110,Emprender,2011-02-12T18:51:23Z,"Mr. Severo lives in San Carlos, 25 km from El Torno where he works. He lives with his wife and children. They plant corn, watermelon and beans. They take everything that they harvest to sell in the El Torno market. He is from Cochabamba and came in search of a better life, which he found in San Carlos. Through the agricultural syndicate, he has his own land which he works. This is his first loan, and he will use it to buy seeds and also to pay the workers for their work preparing the lands. He is a very hard-working person and is grateful to the institution for the support offered.",0.0,1.0,for sowing corn,0,2011,0.0,,Agriculture,1.0,Yes,Yes,No,No,Yes,Yes,Yes
103853,male,1,individual,Food,2000.0,14,100,CJSC Bank Imon International,2009-04-22T18:01:54Z,"S. Ahliddin is 38 years old. He is married with six children. Ahliddin is selling foodstuffs like macaroni, wheat, buckwheat, cottonseed oil and other products. When Ahliddin started the business two years ago it was only retail sales. Gradually expanding the business, he purchased the goods as a wholesaler and distributed them among the stores. The business became successful and stable.
<p>
Currently Ahliddin requests $2,000 US for the term of 12 months. The loan will be spent for purchasing foodstuff to increase the range of goods for selling. Ahliddin thanks all supporting him and promises to pay the loan in a timely manner. 
<p>
More about Tajikistan and IMON International
<p>
Tajikistan is known for its rich history, which includes being a key post along the Silk Road and the end of Alexander the Great's rule. It has also produced great thinkers, philosophers, scientists and poets, including Rudaki, Avicenna, Ferdowsi, Omar Khayyam, Jomi, and Rumi. The country is home to communities that still speak the ancient Sogdian language, epic mountain passes, and a civilization that dates back to the 4th millennium BC. And, even today, it is a complex mixture of the Islamic faith, Soviet culture, New West culture and Central Asian traditions.
<p>
But Tajikistan is also the poorest of the former Soviet republics. The civil war, which ignited soon after its independence from the U.S.S.R., further damaged the already weak economy. In addition, 93% of the country is mountainous and only 7% of the land is arable. These conditions have resulted in high levels of unemployment and have forced hundreds of thousands to seek work in other countries, mainly Russia. While the people of Tajikistan are working to improve its agricultural production and manufacturing sector, nearly two-thirds of the population still live in abject poverty.
<p>
IMON's History
<p>
Since December 2007, IMON International has worked closely with Kiva and Kiva lenders to ensure that poor and low-income clients represent a viable business proposition. Funds raised through Kiva have already been distributed to thousands of IMON International's clients and will continue to provide thousands more with permanent access to the varied financial services they need. To learn more about IMON International's work, please visit: www.imon.tj ",0.0,1.0,Purchasing foodstuffs in order to increase the range of goods for selling,0,2009,0.0,,Food & Trade,1.0,Yes,Yes,No,Yes,Yes,Yes,Yes
237021,female,1,individual,Agriculture,200.0,8,119,Asociación Arariwa,2010-10-10T17:55:01Z,"Justina is a member of the communal bank ""SR. OF TANTAMARCA"". This bank is located in the district of Chicon, in the province of Urubamba, department of Cusco. Justina is 33 years old, she is a single mother of four children, aged 15,13, 9 and 4. She is a farmer and her work is to plant and harvest her land. Justina requests a loan to buy corn and maize seeds as well as potatoes to plant; she will also buy fertilizer for the soil. 
Justina acknowledges and appreciates the loan through this medium and she also takes the commitment to meet the payment deadlines of her rates. ",1.0,0.0,Purchase seeds and fertilizer,0,2010,0.0,,Agriculture,1.0,Yes,Yes,No,No,No,Yes,Yes
346468,female,1,individual,Retail,1200.0,15,110,Emprender,2011-11-04T08:10:17Z,"Mrs. Nora is married and has four independent children. She lives in the Villa Nueva Potosí area in her parent's home and has been a jewelry maker for 20 years. She has a store in the central area where she sells jewelry such as earrings, chains, corsages and brooches for women who wear skirts. Her husband is also a jewelry maker and they both have many customers because they make beautiful pieces of jewelry. She is also a member of the communal bank Fortuna Tejar. She needs the loan to buy wholesale gold and silver since she is being offered good prices and she wishes to have more materials since she will have more sales during the end of year holidays. She is a woman with a drive to succeed and is thankful for the help being offered by the institution.",1.0,0.0,buy wholesale gold and silver.,0,2011,16.902939814814815,,Food & Trade,1.0,Yes,Yes,No,No,No,Yes,Yes
302329,female,1,individual,Retail,250.0,6,119,Asociación Arariwa,2011-06-04T00:22:07Z,"The partner belongs to the communal bank ""GRAN RENOVACION"" [Great Renovation]. This bank is located in the district, province, and department of Cusco.

The partner is Nilda. She is 56 years old, is married, and has two children. She alternates her daily activities with the business of selling beauty products. She sells lipstick, perfume, and creams among other beauty products. She sells in an independent way, taking her products to different places such as institutions and the public in general. She wants to improve and enlarge the beauty products sales business. She is asking for this loan to buy wholesale beauty products.

She is happy because of the loan, and she promises to follow through with the payments of her dues.",1.0,0.0,to buy wholesale beauty products.,0,2011,0.2444791666666666,,Food & Trade,1.0,Yes,Yes,No,No,Yes,Yes,Yes
286727,female,1,individual,Food,200.0,6,119,Asociación Arariwa,2011-04-03T13:32:54Z,"Justina was born in the department of Arequipa and is 62 years old. She now lives in the Imperial City of the Incas (Cusco, Peru). She is a responsible mother who works selling food. She has a restaurant where she sells lunch. At this time, she needs a loan to buy ingredients like rice, sugar, noodles, and other things.

Justina is a responsible person who belongs to Asociación Arariwa's ""Ana Jarvis III"" communcal bank in the city of Cusco, Peru.
",1.0,0.0,"to buy rice, sugar, noodles, and other ingredients",0,2011,1.036689814814815,,Food & Trade,1.0,Yes,Yes,No,No,Yes,Yes,Yes
325984,female,1,individual,Agriculture,550.0,12,163,HOFOKAM,2011-08-16T08:47:53Z,"Leeya is a 49-year-old married woman with six children living in her own semi-permanent house in Fort Portal, Uganda. Her main dream is to construct a permanent house for her family and to educate her children to higher levels of learning. She operates a saloon, hires out chairs, provides catering services and is a farmer. She has a challenge of high operational costs involved in the other businesses and her dream is to specialize in farming. Leeya needs the loan to pay the laborers who are clearing land for the next season.",1.0,0.0,To pay laborers to clear the land for the next season.,0,2011,0.1443171296296296,,Agriculture,1.0,Yes,Yes,No,No,Yes,Yes,Yes
326446,female,1,individual,Housing,375.0,11,98,AFODENIC,2011-08-24T13:48:11Z,"Doña Eugenia is a merchant who sells clothing, cosmetics, and silver jewelry.  For the past four years, she has worked for the common good of her family.  Her husband works as plumber for the Enacal Company.  Her three young children are in school.  
<p>
Eugenia started out selling ice and fresh “chicha” (a beverage made from corn).  Later she obtained financing in order to buy clothing and cosmetics.  She was able to attract customers and obtain orders.  
<p>
Today with the new loan, Eugenia hopes to repair a section of the roof of her house.  She also needs to buy windows because the only coverings she has are fiberboards and metal grating.  With the funding from AFODENIC, Eugenia hopes to make her home safer.  
",1.0,0.0,to buy windows and repair a section of her roof in order to make her home safer.,0,2011,4.894537037037037,,Production & Construction,1.0,Yes,Yes,No,No,No,Yes,Yes
300223,male,1,individual,Services,250.0,8,167,PADECOMSM,2011-05-23T01:12:42Z,"Jorge lives with his wife and children.  He has had an electronics repair shop for the last two years.  He repairs all kinds of electrical appliances.  He learned through studies and today does this work to support his family.

He wants to buy parts and clamps for the workshop because he has some unfinished jobs.  He is asking for the loan to do the purchase so that he can have available everything he needs to finish his pending jobs and be ready for the next ones that might arrive.  His objective is to stay in business, enlarge the shop and generate improved income every day for his family.
",0.0,1.0,to buy parts and clamps for the shop.,0,2011,1.2588078703703705,,Services,1.0,Yes,Yes,No,No,No,Yes,Yes
457032,female,1,individual,Agriculture,700.0,14,61,MAXIMA Microfinance,2012-08-08T04:22:34Z,"Sreymom, age 26, is a garment worker. She and her husband Chamreun, age 29, have been married since 2005 and have two children, both of whom are in school. Sreymom also has one brother and her elderly mother living with her. The family lives in a suburb of Phnom Penh.

Sreymom and her husband are both garment workers, and when rice farming season comes, they also hire fellow villagers to help them grow rice. 

Sreymom is asking for her first loan in the amount of $700 in order to purchase one cow to raise. She will get extra income from selling the cow for beef as well as from selling any calves that the cow may produce. 

She will also use a part of the loan to pay for rice planting.

",1.0,0.0,to purchase a cow to raise and to pay for rice planting,0,2012,2.2725347222222223,30.0,Agriculture,1.0,Yes,Yes,No,No,No,Yes,Yes
301604,female,1,individual,Food,700.0,8,148,Association for Rural Development (ARD),2011-05-29T20:57:54Z,"Kadiatu is 42, married, and has four children aged 20, 17, 14 and 8. In 2006, Kadiatu established her business selling foods such as garri (a staple made from cassavas), bulgur, groundnuts, salt and beans. She started this business to help support her husband provide livelihood for their family. Working 7 days a week, 12 hours a day, she earns about Le 600,000 every month from this business. She would like a loan of Le 3,000,000 to help her buy more food stuffs for her business. She hopes that this loan will enable her to increase her monthly profits by approximately Le 200,000. In the future, Kadiatu plans to embark on an international business and educate her children to university level. The current inflation level is her major business challenge. She thanks you for your support.
",1.0,0.0,To buy more foods to sell,0,2011,2.679085648148148,,Food & Trade,1.0,Yes,Yes,No,No,No,Yes,Yes
462211,male,1,individual,Agriculture,500.0,10,199,CrediCampo,2012-08-30T02:20:00Z,"José is 32 years old and has a child. His father taught him how to work on agricultural jobs and he has been working since he was 8 years old. 

The loan that he is requesting to is buy 4 sacks of manure, herbicides, and payment of manual labor to clean and remove the crops for sowing. With the production he will have sufficient for consumption and sale to other people.  He desires to cultivate more products to increase his income and no longer borrow loans. 

",0.0,1.0,"to is buy 4 sacks of manure, herbicides, and payment of manual labor to clean and remove the crops for sowing",0,2012,4.201365740740741,30.0,Agriculture,1.0,Yes,Yes,No,No,Yes,Yes,Yes
109808,female,1,individual,Food,425.0,12,98,AFODENIC,2009-05-24T18:34:47Z,"Mrs. Pastora V. is 42 years old. She is a hard-working woman who, thanks to a microcredit loan, has been selling mixed drinks, soft drinks, and beans for many years. She lives in the neighborhood La Primavera, and has 2 children (11 and 19). Both are in school.

Mrs. V. plans to invest this loan from Afodenic in the purchase of fish, shrimp, etc. in order to offer a wider variety of foods and increase her profits since they are popular foods from which one can prepare many delicious dishes. Her plans are to put her business on sure footing so that she can help her children turn out to be upstanding people. 



<br /><p><strong>Translated from Spanish by Cyrus Maher, Kiva Volunteer</strong></p>",1.0,0.0,Purchase of seafood,0,2009,0.0,,Food & Trade,1.0,Yes,Yes,No,No,No,Yes,Yes
287663,male,1,individual,Construction,900.0,8,119,Asociación Arariwa,2011-04-16T21:55:46Z,"Sr. Miguel Arcangel is a member of the Communal Bank “Santa Rosita de Ayllupampa” which is located in the District and Province of Urubamba, Department of Cusco.
<p>
He is 46 years old, single, and has three children.  Miguel divides his time between his daily activities and his business selling wood as an independent vendor in Urubamba Province.  This business enables his children to get ahead.  He wants to expand his business of selling wood.  The loan he is requesting will be used to buy wood in bulk.  
<p>
Miguel is happy with the loan and promises to complete his payments.  ",0.0,1.0,To purchase wood in bulk.,0,2011,12.205358796296297,,Production & Construction,1.0,Yes,Yes,No,No,Yes,Yes,Yes
472090,male,1,individual,Food,225.0,10,167,PADECOMSM,2012-09-20T16:15:34Z,"José has his own business selling dairy products.  He is married, lives with his family, and has no children.  He learned the work on his own and has 14 years of experience.

He has requested a loan with the organization because he needs to buy merchandise such as milk, cheese, cream, curd, soft cheese, and loroco [an edible flower].  The loan will help him improve his business and generate more income for his household.

The dreams he hopes come true for him are, above all, to improve his business and his house, to be able to have a better quality of life.
",0.0,1.0,"to buy milk, cheeses, and curd.",0,2012,0.0523726851851851,30.0,Food & Trade,1.0,Yes,Yes,No,No,No,Yes,Yes
354495,female,37,group,Food,3075.0,8,162,Turame Community Finance,2011-12-16T22:18:17Z,"Devote is a 34-year-old merchant from the town of Rutonde in the country's central Gitega Province. She has been selling chickens for 10 years, a job that requires her to make regular trips to the capital Bujumbura, in order to sell them. She was a banana vendor before she started this activity.

She studied up to sixth grade. She is married to Alphonse and they are parents of a 10-year-old currently in fourth grade.

The Kiva loan of 120,000 Burundian francs allows her to increase her capital to buy many more chickens for resale, so she can realize large profits and increase her savings.

She is a member of the ""Kenguruka"" community group.",30.0,7.0,"increase her working capital to buy more chickens for resale, so she can realize large profits and increase her savings",0,2011,15.095914351851851,,Food & Trade,0.945945945945946,Yes,Yes,No,No,Yes,Yes,Yes
90647,female,1,individual,Food,375.0,6,110,Emprender,2009-02-21T04:53:15Z,"Seferina García D. C. has been selling food for many years from a small kiosk in a residential neighbourhood of La Paz, work which brought income for her family.  She came to Emprender as a guarantor to her goddaughter who rented her the kiosk.  With time, her goddaughter left without a trace, leaving Seferina García with this debt.

This is how this woman showed from the beginning a great will to pay and sense of responsibility together with her husband who supports her unconditionally.  And so she was introduced to microloans; happily for herself and her family she is now on her third loan cycle and selling food from her little kiosk.<br /><p><strong>Translated from Spanish by Laure Kwon, Kiva Volunteer</strong></p>",1.0,0.0,Working capital,0,2009,0.0507986111111111,,Food & Trade,1.0,Yes,Yes,No,No,No,Yes,Yes
309859,male,1,individual,Retail,925.0,8,119,Asociación Arariwa,2011-07-16T12:30:51Z,"Luis Alberto was born in the city of Cuzco (Peru) and is 46 years old. At present, Luis Alberto  lives in the same city where he was born together with his two children. Luis Alberto sells natural medicines. He has had this business for 12 years and it is going well for him thanks to the dedication that he brings to his work. At this time, Luis Alberto requires the loan to buy more natural medicines. He is a responsible and hardworking person and it was because of these qualities that the other members invited him to participate in the “Unión Latina” community bank of the Asociación Arariwa.",0.0,1.0,to buy more natural medicine.,0,2011,22.04224537037037,,Food & Trade,1.0,Yes,Yes,No,No,No,Yes,Yes
324294,female,1,individual,Housing,250.0,10,167,PADECOMSM,2011-08-13T12:21:40Z,"Ana lives with her two children. She is married and works selling <i>tostadas</i> [fried or toasted tortillas]. She started her business on her own initiative because the circumstances made it necessary. She does not have a fixed schedule for tending to her customers.

She is requesting a loan to buy cement, sand, brick, stone and more. This purchase will help her to improve her house so that she can have a more tranquil life with her children.

Ana intends to keep working so that her family can get ahead and so that she can give her children an adequate education. She would also like to have a more secure house.",1.0,0.0,"to buy cement, sand, brick and stone to make home improvements",0,2011,1.2511342592592594,,Production & Construction,1.0,No,No,No,No,Yes,Yes,Yes
339897,female,1,individual,Retail,1000.0,14,100,CJSC Bank Imon International,2011-10-29T02:04:04Z,"Mahbuba has been involved in buying and selling national dishware for over 20 years.  She learned from co-workers about ""Imon International"" and decided to work with them.  Mahbuba is married.  She is a loving wife and a caring mother.  She has three children.  Mahbuba's husband participates in this business, and their children help as well.  She plans to work together with ""Imon International"" in the future and open her own store.  She wants to obtain a loan in the sum of 4700 Somoni for the purchase of dishware in order to expand her business.",1.0,0.0,to purchase dishware,0,2011,27.29417824074074,,Food & Trade,1.0,Yes,Yes,No,No,No,Yes,Yes
86541,male,1,individual,Agriculture,550.0,10,100,CJSC Bank Imon International,2009-01-30T04:37:47Z,"E. Solijon is 36 years old and is married. Together with his wife they have four children, all of whom are still young and attending school. They are farmers who own a plot of land in their village and grow different kinds of crops like, wheat, potato, onion and other vegetables. They have been in this business since 2003. These crops are the main source of income for their family. To reduce the hard physical labour and to expand the business, Solijon would like to apply for a loan to purchase seeds, fertilizer, fuels and lubricants. 


More about Tajikistan and IMON International

Tajikistan is perhaps best known for its rich history, which includes a key post along the Silk Road; the end of Alexander the Great's rule; and with it’s famous great thinkers, philosophers, scientists and poets as: Rudaki, Ibn Sina (Avicenna), Firdousi, Omar Haiyam, Jomi, Mavlavi Rumi and many others. The country is home to communities that still speak the ancient Sogdian language, epic mountain passes, and a civilization that dates back to the 4th millennium BC.  And, even today, it is a complex mixture of the Islamic faith, Soviet culture, New West culture and Central Asian traditions. 
But, Tajikistan is also the poorest of the former Soviet republics.  The civil war, which ignited soon after its independence from the U.S.S.R., further damaged the already weak economy.  In addition, 93% of the country is mountainous and only 7% of the land is arable.  These conditions have resulted in high levels of unemployment and have forced hundreds of thousands to seek work in other countries, mainly Russia.  While the people of Tajikistan are working to improve its agricultural production and manufacturing sector, nearly two-thirds of the population still live in abject poverty. 

IMON's History
Since December 2007, IMON International has worked closely with Kiva and Kiva lenders to ensure that poor and low income clients represent a viable business proposition. Funds raised through Kiva have already been distributed to thousands of IMON International's clients and will continue to provide thousands more with permanent access to the varied financial services they need. To learn more about IMON International's work, please visit: www.imon.tj
",0.0,1.0,Purchase of seeds and mineral fertilizer for growing seasonal vegetables,0,2009,0.1997569444444444,,Agriculture,1.0,Yes,No,No,Yes,No,Yes,No
299265,female,1,individual,Construction,450.0,12,98,AFODENIC,2011-05-21T15:10:36Z,"Dania is a single mother; she lives in a community where safety and security are a top concern. Her plans are to prepare her son for a better future. She has an honest and humble occupation which requires a great deal of effort. She has been working as a janitor for a very long time and she also sells ladies' products from a specific commercial brand. She needs to improve the infrastructure of her home in order to provide her family with greater comfort. She previously borrowed to tile the floors in the house. At this stage of the home improvement project she needs to build a bedroom for greater privacy and security. With the loan she will purchase cement, construction blocks, rocks, steel, sand, gravel, sheets of zinc, and other materials.",1.0,0.0,to purchase construction materials to build a bedroom.,0,2011,2.368449074074074,,Production & Construction,1.0,Yes,Yes,No,No,No,Yes,Yes
335563,female,1,individual,Food,275.0,6,119,Asociación Arariwa,2011-09-17T15:50:12Z,"This member belongs to "" Solidaridad-Cachimayo"", the bank is located in the District of Cachimayo in the Urubamba province and department of Cusco.

Bermardina is 57 years old, she is married, and has 2 children of ages 23 and 20. She has been working in the village of Cachimayo for several years and starting at 4pm she sells ""salchipapas"". She has a stand selling ""salchipapas"", they are prepared with hot dogs and fried potatoes and she works until 9:30PM.  She also works raising small animals like chicks and hens.  On this occasion the member need the loan to invest in the purchase of potatoes and hot dogs in order to increase business.

The member is thankful for the assistance being offered and as such, she commits to fulfill her payments in a disciplined manner.
",1.0,0.0,to invest towards the purchase of potatoes and hot dogs in order to increase business.,0,2011,1.145949074074074,,Food & Trade,1.0,Yes,Yes,No,No,Yes,Yes,Yes
379213,male,1,individual,Services,1025.0,14,110,Emprender,2012-01-23T12:33:27Z,"Aquiles lives in the home of his in-laws. He and his wife don't have children yet, but they wish to have children in the future. His principal activity is the internet; he has an internet cafe that he and his wife attend to, and it is going very well. The internet cafe is located in their domicile.

The loan will be invested in improving and furnishing an additional room for their internet cafe, since given the present number of customers, the space seems too small and Aquiles wants to expand the business. He is happy since, thanks to our institution's help, he can expand the business and improve his family's quality of life. This is their only source of income. Aquiles is an enterprising youth with the desire to get ahead. In time, he wants to open another branch of his business.
",0.0,1.0,refurbish and improve an added room for his internet cafe.,0,2012,11.814837962962963,,Services,1.0,Yes,Yes,No,No,No,Yes,Yes
256770,male,1,individual,Agriculture,2050.0,11,100,CJSC Bank Imon International,2010-12-22T19:53:12Z,"L. Idikhuja is 41 years old. Together with his wife, who works to help pay household expenses, they have five children. His goal for his children is to support them so that they may complete their studies leading to professional careers.

Idikhuja has worked as a farmer for the past five years. The greatest obstacles for him are pests. He began his work with his own efforts, and the help our organization was able to offer led to better production. With this loan Idikhuja will invest in the purchase of fertilizers and high quality seeds to get a better harvest, which he will be able to sell at a better market price. Let’s support this hard-working man so that he can reach his goals! 

More about Tajikistan and IMON International

Tajikistan is known for its rich history, which includes a key post along the Silk Road and the end of Alexander the Great's rule. It has also produced great thinkers, philosophers, scientists and poets, including Rudaki, Avicenna, Ferdowsi, Omar Khayyam, Jomi, and Rumi. The country is home to communities that still speak the ancient Sogdian language, epic mountain passes, and a civilization that dates back to the 4th millennium BC. And, even today, it is a complex mixture of the Islamic faith, Soviet culture, New West culture and Central Asian traditions.

But Tajikistan is also the poorest of the former Soviet republics. The civil war, which ignited soon after its independence from the U.S.S.R., further damaged the already weak economy. In addition, 93% of the country is mountainous and only 7% of the land is arable. These conditions have resulted in high levels of unemployment and have forced hundreds of thousands to seek work in other countries, mainly Russia. While the people of Tajikistan are working to improve its agricultural production and manufacturing sector, nearly two-thirds of the population still live in abject poverty.

IMON's History

Since December 2007, IMON International has worked closely with Kiva and Kiva lenders to ensure that poor and low income clients represent a viable business proposition. Funds raised through Kiva have already been distributed to thousands of IMON International's clients and will continue to provide thousands more with permanent access to the varied financial services they need. To learn more about IMON International's work, please visit: www.imon.tj
",0.0,1.0,Purchasing of the seeds and mineral fertilizer.,0,2010,10.81462962962963,,Agriculture,1.0,Yes,Yes,No,Yes,Yes,Yes,Yes
301889,male,1,individual,Retail,725.0,13,98,AFODENIC,2011-06-23T01:13:43Z,"Marlon is a small business owner with more than seven years in the business. He has expanded it thanks to his commitment and thanks to the support of the institution through the three loans that he has received. He has been able to purchase more products and to generate a greater profit.

He started out selling only CDs and today he has increased his products and he has purchased a case where to display his merchandise. He purchase in wholesale at a market in the capital and taking advantage of lower prices he is able to offer his clients more affordable prices.

with this loan he will purchase: cellular phone chargers, cd cleaners, various brands of remote controls, headphones for cellular phones and for radios, calculators, movies, video cameras, and to purchase cosmetics to sell for Mother's Day. Afodenic (Kiva Field Partner) is the way to have a better investment at a lower interest rate. ",0.0,1.0,"to purchase cd's, movies, videos, remote controls, chargers, and other merchandise to increase his sales.",0,2011,19.26644675925926,,Food & Trade,1.0,Yes,Yes,No,No,No,Yes,Yes
446509,male,14,group,Services,2225.0,8,163,HOFOKAM,2012-08-17T09:22:50Z,"Winfred is a 42-year-old  married woman with six children living in Kyenjojo, Uganda. She has been operating a salon business for eight years and she sold off one of her cows to start the business.

She is being faced with the problem of inadequate capital to meet  the different needs of her customers and well equip her salon.

She has a personal goal of educating her children and building a permanent home and her business goal is expanding her business into new marketplaces.

Winfred wants a loan to buy cosmetics for her salon. She is a member of the above-mentioned group.",3.0,11.0,to buy cosmetics for the salon.,0,2012,16.139664351851852,30.0,Services,0.8571428571428571,Yes,Yes,No,No,Yes,Yes,Yes
365416,female,1,individual,Health,575.0,6,119,Asociación Arariwa,2011-11-30T05:24:53Z,"Fortunata continues to participate in the Communal Bank ""Choquequirao"" of the Arariwa Association of the city of Cusco.  She remains dedicated to her profession as a surgeon and continues to work in a public institution.

With her previous loan, Fortunata did very well and was able to get good benefits.  That is why she wants another loan as it helps her a lot in the office.

Fortunata is requesting the loan to buy medical equipment to use in her practice.

Fortunata is grateful for the opportunity afforded by these means and likewise agrees to comply with the payment schedule.",1.0,0.0,to purchase medical equipment to use in her practice.,0,2011,1.121388888888889,,Services,1.0,No,Yes,No,No,No,Yes,Yes
304419,female,1,individual,Food,550.0,6,119,Asociación Arariwa,2011-06-10T14:18:47Z,"Tomasa is a member of the “MUNAY TIKA” community bank which is located in Urubamba district, in Urubamba province, in Cusco department.

Tomasa is 40 years old, lives with her partner, and has five children.  She divides her time between her daily activities and her business selling food.  She prepares different types of food such as chicken soup which she sells as an itinerant street vendor from 7.00am to 1.00pm.  Through this business, she gets her children ahead in life.  Tomasa would like to expand and improve her food business.  She is requesting a loan to buy products with which to prepare her food such as chicken, meat and vegetables.

Tomasa is happy to be receiving this loan and pledges to make her repayments on time.",1.0,0.0,"to buy products for making meals such as chicken, meat and vegetables",0,2011,3.0129976851851854,,Food & Trade,1.0,Yes,Yes,No,No,Yes,Yes,Yes
239580,male,1,individual,Agriculture,450.0,9,163,HOFOKAM,2010-10-18T21:34:29Z,"Charles is a twenty-two-year-old married farmer with no children but with one dependent, living in Fort Portal Uganda. He owns a house and his family dream is to have a good family and a God-fearing one. He has been operating his farming business for the last fifteen years, since childhood, but facing a challenge of low prices and thieves who feed on his produce. This still encourages him that he will have a better farming business in future. He now wants to try all commercial methods of farming so as to realize increased and better production on his farmland. The purpose of the loan is to buy fertilizers, modern seeds for planting for the new season, and pay labor for clearing his farmland.

",0.0,1.0,"Buying fertilizers, modern seeds for planting for the new season, and paying labor for clearing his farmland",0,2010,0.0,,Agriculture,1.0,Yes,Yes,No,No,Yes,Yes,Yes
355480,female,1,individual,Construction,400.0,6,119,Asociación Arariwa,2011-11-09T12:01:54Z,"
Maritza continues with her business selling building materials and supplies.  She buys building materials like cement, sand, concrete, bricks, stone and gravel, among many others at wholesale.  She’s been in this business 8 years and wants to continue growing.  She already has contracts for materials.  She’s highly sought after in the zone and wants on this occasion to invest the loan to pay off the delivery of materials that will arrive by truck next week.  She has a certain amount available but needs to increase her working capital with the required loan.  She is requesting the loan to invest in building materials like cement, concrete, sand and bricks.  In the near future, she’d like to retire and continue with the building supplies business because she’s gotten to like the business and does not want to fail her customers.
",1.0,0.0,to buy building materials.,0,2011,0.8964583333333334,,Production & Construction,1.0,Yes,Yes,No,No,No,Yes,Yes
314654,female,1,individual,Food,375.0,6,119,Asociación Arariwa,2011-07-15T09:27:18Z,"Lidia was born in the city of Puno (Peru) and is 49 years old.  She currently lives in the beautiful city of Cusco (Peru).  Lidia has a small grocery store in her home.  She sells different basic household products to her neighbors such as rice, sugar, noodles, etc.  She has been in this business for 15 years and is doing very well thanks to the effort that she puts into her work.

On this occasion, Lidia needs the loan to buy merchandise such as rice, noodles, sugar, jars of milk, oats, gelatin, flour, etc.  

Lidia is a responsible and hard-working person who, owing to these personal qualities, was invited by her friends to join Asociación Arariwa's ""Mosoq Allpa"" community bank.",1.0,0.0,to buy merchandise,0,2011,3.907800925925926,,Food & Trade,1.0,Yes,Yes,No,No,No,Yes,Yes
445083,female,3,group,Retail,675.0,8,187,MicroStart,2012-06-30T22:10:11Z,"Agnes is the representative of the L’Entente group. She is married and has two children. Her oldest child is 12 and the youngest is 2 years of age. One of her children goes to school, and she has one person under her care.

Agnes has sold disposable diapers and jewelry for one year. She gets her supplies in Ghana, a neighboring country. Her customers are store-owners and women (resellers).


She plans to buy 10 packets of diapers and 50 sets of jewelry. With her profits, she wants to improve her business and save. Her ambition is to care for her children and her brothers.
",3.0,0.0,To buy 10 packets of diapers and 50 sets of jewelry.,0,2012,1.1250694444444445,30.0,Food & Trade,1.0,Difficult to tell,Yes,No,No,Yes,Yes,Yes
494415,male,1,individual,Transportation,600.0,6,119,Asociación Arariwa,2012-11-17T11:47:36Z,He continues working in transportation.  He has a car he uses to provide taxi service in various streets in Cusco.  He works very hard and responsibly.  He’s been in business six years and does very well.  His dream is to own a new car.  He requests the loan to buy tires.  He’s happy with the granted loan and commits to make his payments.,0.0,1.0,to buy tires,0,2012,5.213506944444444,30.0,Services,1.0,Yes,Yes,No,No,No,Yes,Yes
479588,female,1,individual,Services,150.0,14,100,CJSC Bank Imon International,2012-10-03T07:21:42Z,"Gulandom is 27 years old, married, and has 2 children.  Her husband, Nasimjon, makes little money: his salary is not enough to provide his family with all the necessities of life.

For the well-being of her family, Gulandom has decided to help her husband and has enrolled in a course entitled ""Achieving success"" organized by the Business Women's Association.  She has obtained a certificate.

Since Gulandom is an experienced seamstress, she would like to start a sewing business and make women's clothing. 

She is requesting a loan of 600 somoni to buy the equipment necessary to start her new business.  She is relying on your kindness.



",1.0,0.0,to buy a sewing machine to start a new business.,0,2012,0.0289467592592592,30.0,Services,1.0,Difficult to tell,Yes,No,No,Yes,Yes,Yes
184057,male,1,individual,Food,1000.0,10,163,HOFOKAM,2010-04-05T07:21:46Z,"Joseph is a 38-year-old businessman who sells clothing and local brew in Karuguuza, Uganda. He is married with eight children and lives in a semi-permanent house of four rooms. His long term plan is to have a general merchandise wholesale shop.

Joseph has been in the clothing and local brew business for ten years and hopes to begin packaging the local brew and purifying it. The purpose of this loan is to buy more of the local brew to sell.
",0.0,1.0,To buy more local brew to sell,0,2010,24.980358796296297,,Food & Trade,1.0,Yes,Yes,No,No,Yes,Yes,Yes
289966,female,1,individual,Retail,800.0,15,110,Emprender,2011-04-16T12:35:04Z,"Elena has been selling candy, chocolates, etc for parties and restaurants in the evenings for the past twenty-five years.  She lives in a rented place by herself, is separated, and her children are adults and independent.    This is her fourth loan cycle.  She belongs to the Banco de Emprendimiento Principiantes communal bank.  In the second cycle Elena proved that she was a responsible person and she alone supports herself.  She also sells quinoa and once a month she travels to a business in Oruro to buy quinoa to resell in Cochabamba.  She is hardworking and always active.  With the money from the loan she will buy candies and chocolates to have a variety of products to offer her customers.  She is grateful to the institution for the support given her by extending the financing.
",1.0,0.0,"To buy candies, chocolates, and more",0,2011,2.982638888888889,,Food & Trade,1.0,Yes,Yes,No,No,No,Yes,Yes
420283,male,1,individual,Retail,500.0,14,167,PADECOMSM,2012-06-05T22:46:07Z,"Geovanni lives in his own home with his grandmother, sister, and two nephews. He is 26 years old. For ten years, he has managed a household supplies store that he inherited from his mother.

He is requesting a loan to buy merchandise such as snacks, cookies, sugar, rice, oil, and other products to stock the store. By expanding his inventory, he can better serve his customers. He also wishes to improve his financial situation with the support of this loan and continue studying at the university.

",0.0,1.0,"to buy snacks, cookies, sugar, rice, and oil.",0,2012,29.98980324074074,30.0,Food & Trade,1.0,Yes,Yes,No,No,No,Yes,Yes
87479,male,1,individual,Food,650.0,12,98,AFODENIC,2009-02-09T19:39:39Z,"	
Mr. Juan de Dios is 52 years old. His business is running a local store which, with much effort, he was able to build up with savings and loans over the last nine years. He lives in Laureles Sur and he and his wife have 2 children, 7 and 14 years old, who are primary school students. 

His plan is to be able to buy a vehicle in order avoid paying for a taxi when he goes shopping to fill the inventory of the store because he is not on the route of most of the delivery trucks. With this loan he is going to increase the daily supplies he carries, like canned goods. He hopes to provide better service to his customers and thanks to this loan from Afodenic be able to make his business grow. He hopes later to make it larger, and help his children complete primary school.

<br /><p><strong>Translated from Spanish by Daniel Burke, Kiva Volunteer</strong></p>",0.0,1.0,Buy canned goods to supply his store.,0,2009,0.6385763888888889,,Food & Trade,1.0,Yes,Yes,No,No,No,Yes,Yes
279570,female,1,individual,Agriculture,200.0,8,119,Asociación Arariwa,2011-03-10T04:13:42Z,"Alicia is 24 years of age.  She was born in the city of Urubamba in the department of Cusco and lives in the same city. Alicia is dedicated to raising guinea pigs, pigs and chickens.  She also plants vegetables and for this she rents a small farm.  She has been dedicated to this business for two years and it goes well thanks to the effort that she puts into her work.  At this time she requires a loan to buy chickens.  

Alicia belongs to the “Mainique” communal bank of the Arariwa Association and she is thankful for the opportunity offered her through this medium.  She also promises to comply with the payment schedule.",1.0,0.0,to buy chickens.,0,2011,0.0025347222222222,,Agriculture,1.0,Yes,Yes,No,No,Yes,Yes,Yes
105171,male,1,individual,Agriculture,400.0,11,98,AFODENIC,2009-05-02T21:14:37Z,"Julio Alberto A. is 75 years old and lives in a neighborhood of Ticuantepe together with his wife, who helps him with the farm work. They are raising two dependent grandchildren, a nine year old girl and a seven year old boy. Their plan for the family is to improve the conditions in which their grandchildren live in order to improve their wellbeing. Julio has been working in agriculture for 25 years. The greatest difficulty he faces is the loss of crops, since the gases from a nearby volcano affect the crops. He started his farming business with his own efforts. He wants the loan in order to buy supplies and fertilizer in roder to improve the quality of his crops, reap a good harvest and sell his products at a better price in the market. <br /><p><strong>Translated from Spanish by Erin Corcoran, Kiva Volunteer</strong></p>",0.0,1.0,Purchase of supplies and fertilizers in order to improve his harvest,0,2009,0.0,,Agriculture,1.0,Yes,Yes,No,No,Yes,Yes,Yes
300217,female,1,individual,Food,400.0,14,167,PADECOMSM,2011-05-21T21:20:34Z,"María lives with her family. She is the mother of two children, aged 4 and 6. She sells bread in the nearby villages every afternoon. She is a hard-working woman and committed to the well-being of her children.

She applies for a loan to buy flour, eggs, firewood and some other ingredients that are needed to make bread. The loan will be very useful to her because she is about to run out of ingredients and she hopes to be able to resolve her situation.

Her dream is to see her children grow up and get a proper education and that she can provide them with a stable home and look after their needs.
",1.0,0.0,"to buy flour, eggs and firewood for her bakery.",0,2011,0.0142476851851851,,Food & Trade,1.0,Yes,No,No,No,No,Yes,Yes
251861,female,1,individual,Services,1200.0,14,110,Emprender,2010-11-25T14:14:38Z,"Dilia lives in the area of Villa 1ro de Mayo.  She makes aprons, capes and caps to distribute to the hairdressers and beauty schools in Villa 1ro de Mayo.  She is a single mother and has a five-year-old daughter.

Besides her sewing, Dilia rents out costumes and party clothes that she makes and has available for different social events.  Recently she has begun a new project producing graduation events for kindergarteners. 

Dilia is a very responsible and enterprising woman.  She wants the new loan in order to expand her sewing workshop, buying sewing machines and buying fabric for the aprons, capes and caps she makes since at this time of the year the beauty school graduations increase demand for these items.  Dilia is very grateful to the institution for the support given to her.",1.0,0.0,"Buy fabric, buttons and a sewing machine",0,2010,0.9683912037037036,,Services,1.0,Yes,Yes,No,No,No,Yes,Yes
220703,female,1,individual,Retail,350.0,12,98,AFODENIC,2010-08-18T02:12:03Z,"Laura is 35 years old and lives in the Fuente neighborhood. She is married and her husband sells costume jewelry. One of her future plans is to totally improve her house. 

She is and enterprising, hardworking woman with a strong vision of overcoming obstacles. She has had her own business selling cosmetics for a year. She started it through her job. She began selling to her co-workers and in this way she increased her income. She began to have a larger amount of product and obtained more orders and kept herself in the market. Thus far she has not had any difficulties and that has been an advantage to continue increasing sales of her products.  Her work plans are to keep expanding, placing her jewelry stores in better locales and making greater earnings.  

With the loan that she is asking for, she will invest in purchasing Avon product such as: skin creams, women's perfume, men's cologne, blush, baby shampoo and other items in order to have more sales. The institution has been a wonderful door to her investment.  
<br /><p><strong>Translated from Spanish by Ellen Donohue, Kiva Volunteer</strong></p>",1.0,0.0,"She will buy Avon products such as: women's perfume, men's cologne,  blush, baby shampoo, and other products that are big sellers so that she can diversify her small business.",0,2010,10.133344907407407,,Food & Trade,1.0,Yes,Yes,No,No,No,Yes,Yes
444925,male,1,individual,Education,425.0,8,163,HOFOKAM,2012-07-07T12:17:22Z,"Jockus is a twenty-six-year-old married man with two children living in Kasese, Uganda. He has been operating a retail shop for two years. He started with 100,000 shillings and now has 1,500,000 shillings as working capital. His hardships are customers not paying on time and inadequate capital to purchase enough stock. His personal goals are educating his children and building a permanent home. His business goals are buying land to grow crops and expanding his business to new markets. 

Jockus wants money to pay school fees for his children. ",0.0,1.0,To pay school fees for his children.,0,2012,1.0328356481481482,30.0,Services,1.0,Yes,Yes,No,No,No,Yes,Yes
368559,female,1,individual,Food,150.0,8,167,PADECOMSM,2011-12-09T04:54:20Z,"Yudis runs a pupuseria [cafe that makes and sells pupusas] for a living. She lives with her family, her husband and their daughter.  She started this business with her mother's help as she needed a source of income.  She is working from her house and right now, things are going well.  She is requesting a loan to buy corn, quesillo [soft cheese], oil and other products that she needs in her pupuseria such as soft drinks and juices.  The loan will help her to have all that she needs and work better with her customers.  Her dream is to have her own house, apart from her family, increase her business and that her family has a more comfortable life. ",1.0,0.0,"purchase corn, quesillo, oil, soft drinks and juices.",0,2011,0.3779398148148148,,Food & Trade,1.0,Yes,Yes,No,No,No,Yes,Yes
180298,male,1,individual,Clothing,3000.0,8,100,CJSC Bank Imon International,2010-03-21T00:18:18Z,"Farhod is married with three children. He is a market vendor from Khujand where he sells clothing for teenagers. Farhod is very enterprising, has vast experience working as a vendor and is full of creative ideas. A reasonable pricing policy and client-friendly service have always been priorities in his work and have helped to ensure the success of his business. Farhod has been running his business for many years. He has about 11 years of experience selling clothing. Currently, he is requesting a loan of $3,000 USD to increase his inventory. Farhod believes that having this additional capital will help him minimize his risk and provide stable financial support for his family. Moreover, it will help him get closer to his ultimate goal of purchasing a big store of his own.   
 

--------More about Tajikistan and IMON International-----------

Tajikistan is known for its rich history, which includes being a key post along the Silk Road and marking the end of Alexander the Great's rule. It has also produced great thinkers, philosophers, scientists and poets, including Rudaki, Avicenna, Ferdowsi, Omar Khayyam, Jomi, and Rumi. The country is home to communities that still speak the ancient Sogdian language, epic mountain passes, and a civilization that dates back to the 4th millennium BC. Even today it is a complex mixture of the Islamic faith, Soviet culture, New West culture and Central Asian traditions.

But Tajikistan is also the poorest of the former Soviet republics. The civil war, which ignited soon after its independence from the U.S.S.R., further damaged the already weak economy. In addition, 93% of the country is mountainous and only 7% of the land is arable. These conditions have resulted in high levels of unemployment and have forced hundreds of thousands to seek work in other countries, mainly Russia. While the people of Tajikistan are working to improve its agricultural production and manufacturing sector, nearly two-thirds of the population still live in abject poverty.

IMON's History

Since December 2007, IMON International has worked closely with Kiva and Kiva lenders to ensure that poor and low income clients represent a viable business proposition. Funds raised through Kiva have already been distributed to thousands of IMON International's clients and will continue to provide thousands more with permanent access to the varied financial services they need. To learn more about IMON International's work, please <a href=""http://www.imon.tj""> click here.</a>
",0.0,1.0,to purchase new stock to sell,0,2010,22.26130787037037,,Food & Trade,1.0,Yes,Yes,No,No,Yes,Yes,Yes
377834,male,1,individual,Agriculture,425.0,11,163,HOFOKAM,2012-01-13T02:20:24Z,"Peter is a hardworking married father of 6 children. He lives in his own house and has no other dependents. His goal for his family is to educate his children.

He is a crop farmer and has been farming for quite some time. He faces a challenge of seasonal variations which affects his crop yields and his dream is to venture into better methods of farming. Peter needs a loan to buy farm inputs (fertilizers, etc.)",0.0,1.0,"to buy farm inputs (fertilizers, etc.)",0,2012,8.034849537037037,,Agriculture,1.0,Yes,Yes,No,No,Yes,Yes,Yes
187971,female,1,individual,Services,750.0,6,119,Asociación Arariwa,2010-03-24T15:05:25Z,"Margot is part of the Los Diamantes communal bank. This bank, whose name means “The Diamonds” in English, consists of 32 members all hailing from the Cuzco area. Margot is 38 years old and lives with her spouse and their two children (ages 11 and 15) in the city of Cuzco. Her children are both enrolled in local schools. 

Margot makes her living in the decoration industry. Specifically, she makes and sells curtains. She also installs the curtains in clients’ houses. Margot will use her Kiva loan to further this business, buying more materials to increase her production output. 

Margot is appreciative of and thankful for the loan and promises to pay the monthly payments on time.
",1.0,0.0,To buy fabric to make and sell curtains,0,2010,0.0,,Services,1.0,Yes,Yes,No,No,Yes,Yes,Yes
237728,male,1,individual,Transportation,450.0,8,163,HOFOKAM,2010-10-14T13:19:35Z,"Fred is a 54-year-old married man with 6 children and has 4 other dependents. He lives in his own residential house with 4 family members. His family goal is to have educated children and a farm. His home address is Masindi, Uganda. 

He is into the transportation business and has been running it for one year. He bought the vehicle using his retirement package. He faces a challenge of high fuel prices and obtaining vehicle spare parts. In future he wishes to have a fleet of trucks and he wants the loan to purchase new tyres for his vehicle.

",0.0,1.0,Buying tyres for his vehicle for transport business,0,2010,1.992662037037037,,Services,1.0,Yes,Yes,No,No,Yes,Yes,Yes
473246,female,1,individual,Food,400.0,6,119,Asociación Arariwa,2012-09-22T16:43:30Z,"The member belongs to the communal bank ""SAN MARTIN DE ZURITE"", which is located in the district of Zurite, Anta Province, in Cusco Department.

Encarnacion, the member, is still selling vegetables at the market, working from 7:00 a.m. to 1:00 p.m.  She sells carrots, squash, tomatoes, onions, etc., Monday through Sunday, and has been in business for quite some time.  Business is going well thanks to her hard work.  She is a responsible, hard-working person who is able to provide for her family this way.

The member is requesting a loan to buy vegetables wholesale, such as carrots.

She is happy about the loan and committed to paying it back on time.

",1.0,0.0,"To buy vegetables wholesale, such as carrots.",0,2012,0.3148379629629629,30.0,Food & Trade,1.0,Yes,Yes,No,No,No,Yes,Yes
262400,female,1,individual,Food,400.0,8,167,PADECOMSM,2011-01-03T03:48:04Z,"Vilma is 35 years old and her business is selling tortillas.  She lives in Jucuapa, in Usulután department, with her husband and daughter.  She started her business with her mother when she was 10 years old.  Her current work day is from 6.00am to 5.00pm.  She works in the town market.

Vilma needs to have a supply of materials in stock and she is requesting a loan to buy corn, firewood and propane gas.  This investment will allow her to maintain a good level of raw materials on hand for her tortilla business and to increase her production.  Her goal is to have a stable business with a lot of customers and to make income for her family.",1.0,0.0,"To buy corn, firewood and propane gas",0,2011,1.324664351851852,,Food & Trade,1.0,Yes,No,No,No,Yes,Yes,Yes
278646,female,1,individual,Clothing,300.0,8,119,Asociación Arariwa,2011-03-06T18:46:10Z,"Sra. Juana, 52, is a member of the Hacia El Triunfo (""On To Victory"") community bank in the Peruvian ""departamento"" of Cusco.

Sra. Juana is married and has 2 children.  She works as a nurse at the Antonio Lorena hospital.  She is a hard-working, responsible woman and she supplements her nursing income with a clothing sales business.  She set up the business to increase her income so that she could provide a better standard of living for herself and her children.  She will use the loan to buy merchandise for her clothing business.

Sra. Juana is grateful for the loan and committed to repaying it in the agreed-upon time.
",1.0,0.0,Buy merchandise for clothing business.,0,2011,0.0,,Food & Trade,1.0,Yes,Yes,No,No,Yes,Yes,Yes
247132,female,1,individual,Retail,375.0,8,119,Asociación Arariwa,2010-11-17T03:44:18Z,"Felipa belongs to the “Señor D. Coylloritti D. Corao” community bank.  The bank is located in Corao district, in Cusco province, in Cusco department.

Felipa is 52 years old.  She is divorced and has 3 children.  She divides her time between her daily activities and her business selling meat and agricultural products.  She has a small stall in Corao district.  She would like to have a store so that she can sell her meat and agricultural products such as corn, beans and potatoes.  She would like to expand her stall.  She is requesting this loan to buy agricultural products and meat wholesale.

She is grateful to those who will take part in her dream by funding her loan and pledges to make her repayments in a timely manner.",1.0,0.0,To buy agricultural products and meat wholesale,0,2010,4.350127314814815,,Food & Trade,1.0,Yes,Yes,No,No,Yes,Yes,Yes
282089,female,1,individual,Arts,200.0,6,119,Asociación Arariwa,2011-03-17T09:23:39Z,"Sra. Marcelina is a member of the Communal Bank “Choquequirao” which is located in the District, Province, and Department of Cusco.
<p>
She is 35 years old, in a common law marriage, and has three children.  Marcelina divides her time between her daily activities and managing her business selling woven handicrafts.  She produces sweaters made of alpaca wool and other types of creations.  Marcelina sells at the fairs in the central part of the city on the weekends.  She enjoys this business very much since it gives her financial as well as personal satisfaction.  Marcelina is a cheerful individual who is eager to succeed on behalf of her family.  The loan she is requesting will be used to buy merchandise for her business so that she can have more to offer to her customers.      
<p>
Marcelina is happy with the loan and promises to complete her payments.  ",1.0,0.0,To purchase merchandise to sell in her craft business.,0,2011,0.1205787037037037,,Production & Construction,1.0,Yes,Yes,No,No,No,Yes,Yes
151172,male,1,individual,Transportation,1200.0,22,61,MAXIMA Microfinance,2009-11-16T02:37:07Z,"Mr. Noeun C. assists his wife selling fruit. They buy fruit from Derm Kor market in Phnom Penh for resale in front of a garment factory near their village. Noeun wants to create another business driving a remoque taxi (a motorbike connected to a trailer at the back). He will be able to earn more income to support his family. Hence, Noeun is requesting a loan of $1,200 US to buy a motorbike and a trailer for launching this business.
<p>
Noeun, 39, and his wife, Mrs. Chantha Sien, 40, have been married since 1990 and have five children: one son and four daughters. The eldest daughter works in garment factory and the other four children are in school. They live in a small village along National Road No. 5, about 20 kilometers from Phnom Penh.
<p>
Mr. Noeun C. is not in the photo; his wife was available instead.

",0.0,1.0,To purchase a motorbike and a trailer to drive as a remoque taxi,0,2009,4.136701388888889,,Services,1.0,Yes,Yes,No,No,Yes,Yes,Yes
207602,female,1,individual,Food,225.0,8,163,HOFOKAM,2010-06-14T20:28:15Z,"Sarah is a 49-year-old lady and is a single mother of five children. She lives in the small town of Hoima, in Uganda, where she sells dry foods such as beans, maize and groundnuts (peanuts).

Sarah is enjoying her business, she says, with no major hard ships so far, meaning: “so far, so good”. As for her business, she says she would like it to grow, with a big store of her produce, so as to be a large-scale produce dealer with higher returns.

This is Sarah’s second year in the business and she opted to obtain this loan from HOFOKAM so as to purchase more beans and groundnuts to sell at her food stall in Hoima.
",1.0,0.0,To purchase more beans and groundnuts to sell,0,2010,0.0,,Food & Trade,1.0,Yes,Yes,No,No,Yes,Yes,Yes
259781,female,1,individual,Retail,1050.0,20,167,PADECOMSM,2010-12-26T06:19:50Z,"María lives in the San Simón department of Morazán.  She sells basic, essential items.  She is 32, married, but does not yet have children.  Her business is more than six years old, and she works from 6am to 7pm.  She now needs to purchase merchandise for inventory.
She requests this loan to invest in merchandise such as rice, sugar, beans, cooking oil, and bathroom tissue.  With this loan, the business will be well-equipped and able to meet the needs of customers.  The goals of María are to make a good investment, supply her business with everything necessary to satisfy her customers, and to have children and care for them.",1.0,0.0,"Purchase of merchandise such as rice, sugar, beans, cooking oil, and bathroom tissue",0,2010,5.91625,,Food & Trade,1.0,Yes,Yes,No,No,No,Yes,Yes
420359,female,1,individual,Food,375.0,11,110,Emprender,2012-05-08T18:37:59Z,"Gregoria, age 41, is the single mother of four children, ages 15, 12, 8, and 1.  

Gregoria makes and sells food.  This is her first loan cycle with the institution.  Gregoria will use this loan to buy supplies like rice and potatoes to make her delicious food.  Her reason for requesting this loan is that she wants to take advantage of the benefits of buying supplies for her business in large quantities.

Gregoria faces a challenge in her business; she does not have a fixed sales location.

She will use the profits from the loan to buy a fixed stand at the market in her area.  This is her biggest wish.  

Gregoria is a very hard-working person.  Through this business activity she, alone, gets her children ahead.

She is accompanied in the photo by her eight year old daughter.
",1.0,0.0,to buy supplies like rice and potatoes.,0,2012,0.6374652777777777,30.0,Food & Trade,1.0,Yes,Yes,No,No,Yes,Yes,Yes
128211,female,1,individual,Food,350.0,12,100,CJSC Bank Imon International,2009-08-14T02:40:00Z,"Since she was young, Ruzigul N.  has enjoyed the countryside. Her family dedicated themselves to cultivating fruits and vegetables and Ruzigul always imagined she’d be in the business of selling produce.  Fortunately she has realized this dream. She began to sell vegetables in small markets.  Little by little, she saved money so she could set up her own shop. Thanks to her efforts and the love she has for this business, Ruzigul’s business has been growing. Now Ruzigul believes it is the time to inject more capital into the business so that she can buy at wholesale and obtain better prices.  She is soliciting a loan of 1500 Somoni. With your help, Ruzigul will be able to move her business forward and offer her family a better future.    
        

More about Tajikistan and IMON International

Tajikistan is known for its rich history, which includes a key post along the Silk Road and the end of Alexander the Great's rule. It has also produced great thinkers, philosophers, scientists and poets, including Rudaki, Avicenna, Ferdowsi, Omar Khayyam, Jomi, and Rumi. The country is home to communities that still speak the ancient Sogdian language, epic mountain passes, and a civilization that dates back to the 4th millennium BC. And, even today, it is a complex mixture of the Islamic faith, Soviet culture, New West culture and Central Asian traditions.

But Tajikistan is also the poorest of the former Soviet republics. The civil war, which ignited soon after its independence from the U.S.S.R., further damaged the already weak economy. In addition, 93% of the country is mountainous and only 7% of the land is arable. These conditions have resulted in high levels of unemployment and have forced hundreds of thousands to seek work in other countries, mainly Russia. While the people of Tajikistan are working to improve its agricultural production and manufacturing sector, nearly two-thirds of the population still live in abject poverty.

IMON's History

Since December 2007, IMON International has worked closely with Kiva and Kiva lenders to ensure that poor and low income clients represent a viable business proposition. Funds raised through Kiva have already been distributed to thousands of IMON International's clients and will continue to provide thousands more with permanent access to the varied financial services they need. To learn more about IMON International's work, please visit: www.imon.tj
",1.0,0.0,To increase capital to be able to buy wholesale,0,2009,0.944363425925926,,Food & Trade,1.0,Yes,Yes,No,Yes,Yes,Yes,Yes
264448,female,1,individual,Food,600.0,6,119,Asociación Arariwa,2011-01-12T08:17:52Z,"Liliana, who is 38 years old, is married and has four children. She was born in the Anta Provincia district of Cusco, and she now lives with her husband in the same city.

Liliana bakes bread and rents her neighbor's oven. She has been working with the oven for two years, and things are going very well.

Liliana hopes to receive a loan of $600 USD, and she will use this money to buy ingredients such as flour, yeast, sugar, salt, etc. Liliana's dream is to buy some land and build her own oven.

Liliana belongs to the Velasco Astete communal bank, of Kiva partner UMF Asociación Arariwa. The communal bank is in its first year of operation, and it is well administered by the board of directors.
",1.0,0.0,"Purchase ingredients. For example: flour, yeast, sugar, salt, etc.",0,2011,0.9289699074074074,,Food & Trade,1.0,Yes,Yes,No,No,No,Yes,Yes
282785,male,1,individual,Transportation,3000.0,20,100,CJSC Bank Imon International,2011-04-08T12:24:13Z,"Numon uses his small van as a taxi, transporting passengers around his hometown. He started driving a taxi 15 years ago. He makes around $10-$15 per day, which is enough to support himself, his wife and their two children. Numon is a positive influence on those around him and demonstrates responsibility and a good work ethic. He has requested a loan for $3,000 USD to replace his minivan with a bigger one. We are grateful for this opportunity to assist Numon with his business and to help keep him out on the road earning a living.  
 
More about Tajikistan and IMON International:

Tajikistan is known for its rich history, which includes a key post along the Silk Road and the end of Alexander the Great's rule. It has also produced great thinkers, philosophers, scientists and poets, including Rudaki, Avicenna, Ferdowsi, Omar Khayyam, Jomi, and Rumi. The country is home to communities that still speak the ancient Sogdian language, epic mountain passes, and a civilization that dates back to the 4th millennium BC. And, even today, it is a complex mixture of the Islamic faith, Soviet culture, New West culture and Central Asian traditions.

But Tajikistan is also the poorest of the former Soviet republics. The civil war, which ignited soon after its independence from the U.S.S.R., further damaged the already weak economy. In addition, 93% of the country is mountainous and only 7% of the land is arable. These conditions have resulted in high levels of unemployment and have forced hundreds of thousands to seek work in other countries, mainly Russia. While the people of Tajikistan are working to improve its agricultural production and manufacturing sector, nearly two-thirds of the population still live in abject poverty.

IMON's History:

Since December 2007, IMON International has worked closely with Kiva and Kiva lenders to ensure that poor and low income clients represent a viable business proposition. Funds raised through Kiva have already been distributed to thousands of IMON International's clients and will continue to provide thousands more with permanent access to the varied financial services they need. To learn more about IMON International's work, please visit: www.imon.tj



",0.0,1.0,to purchase a new minivan.,0,2011,20.83619212962963,,Services,1.0,Yes,Difficult to tell,No,No,No,No,No
142206,male,1,individual,Agriculture,250.0,12,98,AFODENIC,2009-10-09T19:48:43Z,"Santos Alberto G. Sánchez  is 63 years old and lives in the neighbourhood San José de los Ríos, located in the municipality of Ticuantepe, together with his wife who works as a shopkeeper to support him with home expenses. They have seven children who are all independent. Their plans for their family are to improve their living conditions, because in spite of his age Santo has not finished building his house. 
For 35 years Santo has worked in agriculture after being left an inheritance by his parents to work the land with his children. During this time the greatest problem he has experienced is the variation in the price of pineapple as there have been seasons where his sales have been very low. 
He gives thanks to Afodenic for the opportunity of the loans he has previously taken out and technical assistance which he has used to improve his crops and establish another block of pineapples and half a block of pitahayas. However he only managed to do this because of the low interest he paid. 
With this current loan he will invest in the necessary fertilizers to improve his crops.

 <br /><p><strong>Translated from Spanish by Suzanne Grasso, Kiva Volunteer</strong></p>",0.0,1.0,Purchase fertilizers to add to crops,0,2009,2.7210185185185187,,Agriculture,1.0,Yes,Yes,No,No,Yes,Yes,Yes
348154,female,1,individual,Retail,300.0,6,119,Asociación Arariwa,2011-10-19T02:08:10Z,"This member belongs to the ”QOLQUEWASI” communal bank.  This communal bank is located in Huanchac district, in the province of Cusco and department of Cusco.

This member is Señora Lucila; she is 49 years old and single.  She works for a state organization as a public personnel member, and she also works in parallel buying and selling from cosmetics catalogs.  The member offers beauty products for sale to her friends and work colleagues, such as perfumes, lipstick, mascara, and eye-shadow among other things.  Her customers place various orders, and once Lucila has the products, she delivers them and the purchasers pay for them in two installments.  In another two weeks, they get a new catalog with another set of products.

This member wants to invest the loan in purchasing the beauty products that are on offer from her catalogs, so that she can have them in her storeroom and sell them.  The member is requesting the loan to invest in purchasing beauty products.

The member is grateful for the loan and commits to making her repayments on schedule.",1.0,0.0,to invest in purchasing beauty products.,0,2011,0.0,,Food & Trade,1.0,Yes,Yes,No,No,No,Yes,Yes
201635,female,1,individual,Housing,725.0,14,98,AFODENIC,2010-06-04T03:54:27Z,"Señora Zorayda is the mother of two school-aged children. Life hasn’t been easy for her as a single mother, and she has had to work hard to build a home. It was only made possible through loans that she paid back in installments. Zorayda sells food and cosmetics. She also works as a pharmacist in order to earn more money to cover her expenses since everything is so expensive.

With this loan she will buy stones, sand, cement, and metal rods to add another room to her house. Her plans are longterm as the plastering, flooring, and painting still remain to be done, but she hopes one day to enjoy these improvements.
<br /><p><strong>Translated from Spanish by Jane Agg, Kiva Volunteer</strong></p>",1.0,0.0,to buy construction materials and add a room to her house,0,2010,15.044710648148149,,Production & Construction,1.0,Yes,Yes,No,No,No,Yes,Yes
266588,female,2,group,Food,800.0,13,97,FAPE,2011-01-20T18:17:25Z,"The two members of this group are Natalia and Elsa. The first, Natalia, sells tamales and chuchitos [food similar to tamales] every day in the municipal market. On the weekends, she has various stalls in different locations. This allows her to expand her market.

Elsa embroiders traditional blouses and sells them in the market. The two have worked with Fape for a long time, and have demonstrated their responsibility and punctuality in their payments. They are requesting another loan in order to be able to purchase products for making tamales, since they want their families to prosper along with them.",2.0,0.0,the purchase of products for making tamales,0,2011,0.0,,Food & Trade,1.0,Yes,Yes,No,No,Yes,Yes,Yes
279822,female,1,individual,Arts,1100.0,7,119,Asociación Arariwa,2011-03-09T23:57:36Z,"Sra. Lidia is a member of the Communal Bank “Nueva Victoria – Chinchero” which is located in the District of Chinchero, Urubamba Province, Department of Cusco.
<p>
She is 35 years old, in a common law marriage, and has three children (ages 12, 10, and 1).  Lidia is an artisan who makes fabrics out of alpaca wool.  Since 2000, she has been making and selling fabrics to all the tourists who visit the beautiful town of Chinchero.  Lidia wants to invest her loan in the purchase of materials.  She plans to buy alpaca wool, natural dyes, synthetic wool, sheep’s wool, knitting needles, buttons in all sizes, darning needles, and other supplies used for sewing and weaving.  Lidia is requesting a loan to invest in the purchase of these materials for making fabrics.  
<p>
She is happy with the loan being provided and promises to complete her payments on time.  ",1.0,0.0,To invest in materials and supplies for making fabrics.,0,2011,0.1441203703703703,,Production & Construction,1.0,Yes,Yes,No,No,No,Yes,Yes
335224,female,1,individual,Food,500.0,6,119,Asociación Arariwa,2011-09-17T13:43:36Z,"Guadalupe was born in the city of Cusco and is 34 years of age.  She lives in a common law marriage and has three children. 
 
Currently, Guadalupe lives in the city where she was born and where she works.  She sells wholesale meat in one of the most visited markets in the city of Cusco.  It has already been several years since she started working in this business and it is going very well.

For this opportunity, Guadalupe requires a loan in order to purchase more pork and beef.  Guadalupe's dream is to open an emporium.

The Communal Bank “Comuzone I” meets every 30 days in the city of Cusco (Perú). Cusco is known for its tourism, business and for its traditional celebration of Inti Raymi as well as because it is where you find one of the seven wonders of the world: ""Machupicchu”.
",1.0,0.0,to purchase more pork and beef,0,2011,2.0510532407407407,,Food & Trade,1.0,Yes,Yes,No,No,Yes,Yes,Yes
217510,male,1,individual,Agriculture,600.0,12,151,Fundación Mujer,2010-07-24T14:42:19Z,"Alexander is a 41-year-old father who lives in Los Chiles, located in the Northern region of Costa Rica. Alexander lives with his wife and son. Like many member of the Los Chiles community,  Alexander is a farmer. He dedicates his time to the planting and harvesting of various subsistence and revenue generating crops including chili peppers among others. This loan will be used to finance the production of Habanero chili peppers.  Specifically, Alexander will use this money to purchase seeds, fertilizer, tools, pesticides, and other materials/ingredients necessary to the production of chili peppers. All labor and transportation tasks will be carried out by Alexander and his family. 

Alexander dedicates half of his time to the production of staple foods such as yucca and milk. The rest of his time will be dedicated to the production of chili peppers. Alexander´s goal is to maintain stability in his family, achieve higher production rates, improve his economic situation and offer a better standard of living to his family. A major difficulty and limitation for Alexander has been a lack of access to working capital. He hopes to use this loan effectively to improve life on the farm for everyone.

Piper and Capiscum Processors Compañía Agrícola Industrial, or, PROPICA is an international buyer and seller of chili pepper and ground pepper products. In cooperation with Fundación Mujer, PROPICA has guaranteed to purchase the agricultural products (the peppers) that are to be produced with the help of this loan. PROPICA acts as a guaranteed client for small agricultural producers in the area of Los Chiles, thus ensuring that their products will reach market. The collaboration of Fundación Mujer and PROPICA represents a unique opportunity to Alexander, his family and community. By offering a source of start-up capital, and a guaranteed client to purchase what is produced, this is a chance to improve family and community standards of living. Above all, Alexander wants to take advantage of the current opportunity that has been presented. He wants to profit from this collaboration and see improvements in his neighborhood. 

",0.0,1.0,To purchase seeds and nutrients to produce chili peppers.,0,2010,1.3071296296296295,,Agriculture,1.0,Yes,Yes,Yes,Yes,Yes,Yes,Yes
353297,female,1,individual,Education,200.0,15,61,MAXIMA Microfinance,2011-11-07T06:33:36Z,"Sochea (pictured here) and her husband, Roeung, live in suburb of Phnom Penh about 25 kilometers from the city. They have six children: two sons and four daughters. Three are married and live in separate homes, one is a teacher and another one is in university. 

Sochea and her husband are rice farmers. Roeung is also a retired teacher. Sochea is asking for her first loan in the amount of $200 to pay school fees for her daughter who is in university.
",1.0,0.0,To pay school fees for her daughter who is in university.,0,2011,0.5788194444444444,,Services,1.0,Yes,Yes,No,No,Yes,Yes,No
300228,male,1,individual,Transportation,200.0,6,119,Asociación Arariwa,2011-05-23T23:17:25Z,"The member is 30 and is a member of the “MADRES TRABAJADORAS” (Working Mothers) communal bank located in Tica Tica District, Cusco Province and Department.

He belongs to this bank, formed initially by women who now invite their spouses and relatives to join. He has a live-in spouse and two children who are 10 and 8 years of age.  He alternates his daily chores with providing taxi services.  He has a car of his own and leaves home at 6am every day.  He takes a break from 1-3pm and then goes out again until 10 at night.  He wants the loan this time to repair his vehicle. He is planning on purchasing spare rims for his car and also to pass the technical revision. He is asking for the loan to invest in vehicle (taxi) repair.

He is satisfied with the granted loan and commits to repay in a timely fashion.
",0.0,1.0,to pay for vehicle (taxi) repair.,0,2011,0.0,,Services,1.0,Yes,Yes,No,No,Yes,Yes,Yes
155542,female,1,individual,Food,575.0,8,110,Emprender,2009-11-22T19:26:03Z,"Jenny has been a client of Emprender since 2007, when she began working with an entrepreneurial bank by the name of El Condor. As the years passed she realized she needed to take out an individual loan, and she has never failed to make either of her payments on time, demonstrating punctuality. The economic activity that she engages in daily is selling food at a small place located at the El Condor Plaza in the city of La Paz. She lives with her husband Fernando and her two young daughters. Her husband assists with household expenses since he has a steady job. Jenny will invest the loan in the purchase of groceries for the business and in repairing the upholstery of the seating areas to improve its appearance.<br /><p><strong>Translated from Spanish by Amanda McDermott, Kiva Volunteer</strong></p>",1.0,0.0,It will be invested in repairing the upholstery of the seating at the business location,0,2009,0.8235069444444445,,Food & Trade,1.0,Yes,Yes,No,No,No,Yes,Yes
155991,female,1,individual,Retail,1100.0,20,97,FAPE,2009-11-24T03:38:49Z,"Paula Lileth is married and has three children who go to school.  The two older ones help her in the store where she sells daily consumption products.  Five years ago she set up the store because the community where she lives did not have a store.  She started selling fruits and vegetables.  In time they generated income.  That is how she decided to sell products like coffee, rice, beans, and other items that people consume.

Paula now needs a loan because she wants to keep investing in her business.  She want to be able to fulfill her dream of seeing her children graduate with a better future.
<br /><p><strong>Translated from Spanish by Ginny Kalish, Kiva Volunteer</strong></p>",1.0,0.0,Sale of daily consumption products,0,2009,0.304537037037037,,Food & Trade,1.0,Yes,Yes,No,No,Yes,Yes,Yes
192611,female,1,individual,Housing,800.0,22,61,MAXIMA Microfinance,2010-04-25T03:35:33Z,"Mrs. Chantha H. (shown in the photo), 40, and her husband, Mr. Vin Khin, 42, live in a suburb about 25 kilometers outside of Phnom Penh. They have been married since 1986 and have three children: two sons and one daughter. One of the children is married and lives outside the family home, one is a garment factory worker and another is still young. 

Chantha has been a garment factory worker for six years. She is asking for her first loan of $800 to build a fence around her house. 
",1.0,0.0,To build a fence.,0,2010,11.323275462962965,,Production & Construction,1.0,No,Yes,No,No,Yes,Yes,No
80680,male,1,individual,Construction,425.0,13,98,AFODENIC,2009-01-11T23:38:05Z,"Mr. U. is single, 42 years old, and has two children, one son lives outside the country and a little girl who is 4 years old.  HIs partner works for the health department.  He is requesting his 9th loan the he will use to construct approximately seven meters of walkway.  His previous loans have been used for improving his home, which is now in good condition.  He has worked in the ""Adan Barillas"" health center for 22 years and tells us that AFODENIC is one of the lenders that has the most flexible policies, which is why he continues to work with the institution.  On this occasion he has lowered the amount of his loan request because the current situation is very difficult and he does not want to fall behind. <br /><p><strong>Translated from Spanish by Laura Jung, Kiva Volunteer</strong></p>",0.0,1.0,Construction of a walkway,0,2009,10.150752314814817,,Production & Construction,1.0,Yes,Yes,No,No,No,Yes,Yes
255278,female,1,individual,Food,2025.0,14,100,CJSC Bank Imon International,2010-12-19T18:53:34Z,"Sharifa is married with four children and lives in Isfara, Tajikistan. She sells groceries — a business she started with the help of her husband 10 years ago. She has built up a good clientele. Sharifa is requesting a 8800 Somoni loan to purchase foodstuffs for her grocery store. She is hoping to see her business expand and grow consistently. Sharifa has a cheerful personality which is always a positive factor in working with customers. She is willing to work really hard to see her business flourish in the future. 

More about Tajikistan and IMON International: Tajikistan is known for its rich history, which includes being a key post along the Silk Road at the end of Alexander the Great's rule. It has produced great thinkers, philosophers, scientists and poets, including Rudaki, Avicenna, Ferdowsi, Omar Khayyam, Jomi, and Rumi. The country is home to communities that still speak the ancient Sogdian language, epic mountain passes, and a civilization that dates back to the 4th millennium BC. And, even today, it is a complex mixture of the Islamic faith, Soviet culture, New West culture and Central Asian traditions.

But Tajikistan is also the poorest of the former Soviet republics. The civil war, which ignited soon after its independence from the U.S.S.R., further damaged the already weak economy. In addition, 93% of the country is mountainous and only 7% of the land is arable. These conditions have resulted in high levels of unemployment and have forced hundreds of thousands to seek work in other countries, mainly Russia. While the people of Tajikistan are working to improve its agricultural production and manufacturing sector, nearly two-thirds of the population still live in abject poverty.

IMON's History: Since December 2007, IMON International has worked closely with Kiva and Kiva lenders to ensure that poor and low-income clients represent a viable business proposition. Funds raised through Kiva have already been distributed to thousands of IMON International's clients and will continue to provide thousands more with permanent access to the varied financial services they need. To learn more about IMON International's work, please visit: www.imon.tj
",1.0,0.0,Purchasing foodstuff to increase the range of goods offered,0,2010,12.856539351851852,,Food & Trade,1.0,Yes,No,No,Yes,No,Yes,No
167844,male,1,individual,Food,700.0,6,119,Asociación Arariwa,2010-01-14T22:19:06Z,"Our member Julio is a member of the ""KUKILI"" community bank and was born in city of Cuzco.
<p>
Our member is 32 years old, is married and the father of a 9 year old son. He is an entrepreneur. He has a pizzeria in the corner of his house in Mateo Pumacauha. He is a chef by trade, dedicating himself to concoct different dishes among them and all types of pastas and pizzas. Our partner has had this business for a year and is happy to have been able to maintain himself in the market due to the quality of his products.
<p>
Our member requests the loan to buy more supplies and reinvest in his pizzeria. 
<p>
The member is thankful and expresses his satisfaction for being able to continue to grow his business. He sends a long-distance hug to the contributors to his dream. 



<br /><p><strong>Translated from Spanish by Betyna Almeida-Covarrubias, Kiva Volunteer</strong></p>",0.0,1.0,Supplies,0,2010,1.9436342592592597,,Food & Trade,1.0,Yes,Yes,No,No,No,Yes,Yes
344637,male,1,individual,Agriculture,1000.0,14,167,PADECOMSM,2011-11-16T20:34:02Z,"Luis needs a new loan. He will use it to buy herbicides against pests as well as seeds and fertilizer. He grows squash and papaya and is about to plant them again. These crops are very sensitive to damage that can be caused by by some pests and insects. Because of this he always has to incur costs   to prevent damage to his crops. He hopes that his harvests will be abundant and healthy. With the loans, Luis has been able to get ahead, since the products he works with require a lot of care and expense. That is why the financial help he has received has been his best option. ",0.0,1.0,"to buy fertilizer, herbicides, and squash and papaya seeds.",0,2011,36.77358796296296,,Agriculture,1.0,Yes,Yes,No,No,Yes,Yes,Yes
353359,male,1,individual,Agriculture,875.0,12,163,HOFOKAM,2011-11-16T22:22:51Z,"Atulinda is 42 years old and father of eight children aged 10-19 living in Hioma, Uganda. He has other dependents and he lives in his own house with 11 family members. 

For seven years he has been farming and he started with a half an acre of land but now has ten acres. He faces a challenge of bad roads which makes transportation of his produce to the markets difficult and his vision is to start processing juice. Atulinda needs the loan to buy land for farming.",0.0,1.0,to buy land for farming.,0,2011,8.821388888888889,,Agriculture,1.0,Yes,Yes,No,No,Yes,Yes,Yes
395959,male,11,group,Retail,1700.0,5,163,HOFOKAM,2012-02-24T19:13:14Z,"Emmanuel is 57 years old, married with three children, living in Masindi, Uganda. He got money from repairing motor vehicles and now he deals in the sale of motor vehicle spare parts. His dream is to construct houses for rent and increase his family income. The fact that workers are unreliable hinders his business, and his dream is to expand his shop and also set up a modern garage.

Emmanuel wants a loan to buy motor vehicle spare parts for sell. He is a member of Rapid Women Group where members guarantee each other in order to access a loan. Initially the group was for women and later they agreed to include men but retain their name.
",5.0,6.0,to buy motor vehicle spare parts to sell.,0,2012,0.0,30.041666666666668,Food & Trade,1.0,Yes,Yes,No,No,Yes,Yes,Yes
432951,male,1,individual,Food,625.0,10,163,HOFOKAM,2012-07-02T09:24:52Z,"Baluku is a forty-two-year-old gentle man who has been running a retail shop for a period of two years. He started as a fishmonger then got capital to start a retail shop. Inadequate capital is affecting the business since customers have different tastes and demands. He has personal goals of building a permanent house and expanding his business to new markets. 

Baluku wants a loan to buy sugar and salt to sell.",0.0,1.0,to buy sugar and salt to sell.,0,2012,29.766979166666665,30.0,Food & Trade,1.0,Yes,Yes,No,No,Yes,Yes,Yes
111364,male,1,individual,Housing,475.0,13,98,AFODENIC,2009-06-10T01:46:22Z,"Luís F. is 34 and lives in the Villa Reconciliación neighborhood in the capital of Managua.  His wife is a hairstylist and has two children.  One of his short-term plans is to make improvements to his house to provide safety and security.  He is knowledeable about construction because he's a construction foreman with 16 years of experience.  Luís is going to use his loan to try to achieve his goal of finishing construction on his house to make his family comfortable.  Thanks to the loan from AFODENIC he'll be able to buy rolls of construction materials, put in gates, and do the roofing, for the benefit of his family.
<br /><p><strong>Translated from Spanish by Jill Heske, Kiva Volunteer</strong></p>",0.0,1.0,To buy building materials to build a porch,0,2009,8.281886574074074,,Production & Construction,1.0,Yes,Yes,No,No,No,Yes,Yes
92725,male,1,individual,Transportation,575.0,10,110,Emprender,2009-03-07T13:13:18Z,"José was born in Cochabamba, a small city located in the central region of the country.  For more than 15 years, he has settled in the city of Santa Cruz de la Sierra, Bolivia.  Currently, he has 10 years of experience in the area of public transportation of passengers.  For the first few years, he worked as a salaried driver.  For the past two years, however, he is the proprietor of a microbus.  It’s been only one year since he acquired membership in a transportation syndicate.  Almost all his personal assets have been obtained with the help of loans with other institutions.  He lives with his family, has a daughter, and they all live in his mother’s house.  He is a new client of the institution who has a great desire to supersede.<br /><p><strong>Translated from Spanish by Mary Lynn Malaby, Kiva Volunteer</strong></p>",0.0,1.0,To purchase tires.,0,2009,3.030011574074074,,Services,1.0,Yes,Yes,No,No,Yes,Yes,Yes
161092,male,1,individual,Agriculture,2000.0,14,100,CJSC Bank Imon International,2009-12-17T18:35:39Z,"Murotjon R. is 27 years old and he lives with his wife and three children.  He has grown vegetables and wheat for more than four years.  His small plots are close to his home, which gives him plenty of time to care for his crops, family and children. The hard part is transporting his products into cities to sell, because of the scarcity of buses.  Murotjon gets most of his enthusiasm from his family. He will use his loan to purchase seeds and fertilizer, to increase his production and therefore his income. With your help, Murotjon will get ahead. He is counting on your help. 

--------------------------------------
More about Tajikistan and IMON International

Tajikistan is known for its rich history, which includes a key post along the Silk Road and the end of Alexander the Great's rule. It has also produced great thinkers, philosophers, scientists and poets, including Rudaki, Avicenna, Ferdowsi, Omar Khayyam, Jomi, and Rumi. The country is home to communities that still speak the ancient Sogdian language, epic mountain passes, and a civilization that dates back to the 4th millennium BC. And, even today, it is a complex mixture of the Islamic faith, Soviet culture, New West culture and Central Asian traditions.

But Tajikistan is also the poorest of the former Soviet republics. The civil war, which ignited soon after its independence from the U.S.S.R., further damaged the already weak economy. In addition, 93% of the country is mountainous and only 7% of the land is arable. These conditions have resulted in high levels of unemployment and have forced hundreds of thousands to seek work in other countries, mainly Russia. While the people of Tajikistan are working to improve its agricultural production and manufacturing sector, nearly two-thirds of the population still live in abject poverty.
--------------------------------------
IMON's History

Since December 2007, IMON International has worked closely with Kiva and Kiva lenders to ensure that poor and low income clients represent a viable business proposition. Funds raised through Kiva have already been distributed to thousands of IMON International's clients and will continue to provide thousands more with permanent access to the varied financial services they need. To learn more about IMON International's work, please visit: www.imon.tj

",0.0,1.0,Purchasing seeds  fertilizer for sowing wheat and seasonal vegetables.,0,2009,3.587094907407407,,Agriculture,1.0,Yes,No,No,Yes,No,Yes,No
468287,female,11,group,Food,3700.0,6,119,Asociación Arariwa,2012-09-16T10:03:57Z,"Janet’s 29-years-old and in a common law relationship; she has two children.  She’s from Calca Province in Cusco Department.  She is an enterprising, responsible mother who supports her family.  She sells food; she has a small restaurant in the city of Coya in Calca Province.  She opened her small restaurant four months ago and does well thanks to the work she does.  On this occasion, Janet needs the loan to buy merchandise like sacks of sugar, sacks of rice, boxes of noodles, oil, vegetables and meats, among others.  (Janet is raising her hand in the photo).

This group is composed of friends and neighbors who formed the “Señor de Huanca de Coya” communal bank in Calca Province, Cusco Department.  The members are people who are constantly seeking ways to get ahead and by means of their work provide a better future for their children.  As a group they are grateful for the opportunity being provided them and commit go make their various installment payments as scheduled.

Cusco is located in Cusco District and Province belonging to Cusco Department in the very heart of the ancient city of the Incas.  It’s noted for being a tourist destination because of its archaeological sites, historic city center, scenery, history and for being a charming city in the southern region of the country.  Cusco is also known for its traditional Inti Raymi festival and because one of the Seven Wonders of the World, Machupicchu, is located here.
",7.0,4.0,to buy stock ingredients and supplies.,0,2012,1.7179976851851853,30.0,Food & Trade,0.8181818181818182,Yes,Yes,No,No,Yes,Yes,Yes
477599,male,1,individual,Housing,1050.0,14,100,CJSC Bank Imon International,2012-11-16T13:59:45Z,"The house, where Ikhtier lives, does not comply with the living standards, and he has to promptly repair his house.  He is 29 years old, married and raising one 4 year-old child.  Ikhtier has been involved in farming for over ten years.  He primarily grows tomatoes, wheat and onions.  His wife helps him with running the business.  Ikhtier must repair his house, but his income from growing agricultural crops is not enough for this.  He is requesting a loan in the amount of 5000 somoni to purchase construction materials to repair his house.  He awaits your kindness.",0.0,1.0,to purchase construction materials to repair his house,0,2012,30.20804398148148,29.95832175925926,Production & Construction,1.0,Yes,Yes,No,No,Yes,Yes,Yes
279583,female,1,individual,Personal Use,375.0,6,119,Asociación Arariwa,2011-03-10T00:56:15Z,"Haydee belongs to the community bank ""Los Solidarios"" of the Arariwa Association and is grateful for the opportunity afforded by this medium and thus agrees to complete her payments on schedule.

Haydee is 42 years old and has three children.  She was born in Lima and now lives in the same city.  Haydee is a teacher and works in the Chincheros Educational Institute of Our Lady of Fatima from 7 am until 3 pm.  She has already been in this business for several years and is doing very well, thanks to her effort she puts in.  Haydee is requesting a loan for personal use such as her children's education.  Her dream is to specialize in teaching special needs children.",1.0,0.0,to pay for her children's education.,0,2011,0.948726851851852,,Food & Trade,1.0,Yes,Yes,No,No,No,Yes,Yes
412474,female,1,individual,Food,800.0,15,167,PADECOMSM,2012-05-17T22:05:06Z,"
Gisela needs to invest more in the business buying supplies to continue making tortillas like corn and firewood and it would help to buy it in larger amounts to have readily at hand.

She had a positive effect with her previous loan improving her clientele and family income too; they are better now.


",1.0,0.0,to buy corn and firewood.,0,2012,29.975671296296294,30.0,Food & Trade,1.0,Yes,Yes,No,No,No,Yes,Yes
162985,male,1,individual,Housing,200.0,11,98,AFODENIC,2009-12-18T18:01:27Z,"José Dolores is 42 years old. He owns a panting and body work shop. He’s married and has two children in school. 
He installed his shop himself, but he doesn’t have enough equipment to provide a quality service. The infrastructure is not the best, and what he would like the most if to build a better roofing, but he needs to work, because this is his family’s only income. Still he hopes he would be able to improve his shop in the short term to attrack more clients and continue working to support his family. 
He wants to use this loan to build a wall, so he needs to buy stones, sand, cement and steel to start the works. He wants to use it as a fence to protect this family and crime is increasing every day in the area.


<br /><p><strong>Translated from Spanish by Jimena Lopez, Kiva Volunteer</strong></p>",0.0,1.0,"Purchase stones, sand, cement and steel to build a wall",0,2009,0.8896759259259259,,Production & Construction,1.0,Yes,Yes,No,No,No,Yes,Yes
210100,female,1,individual,Clothing,800.0,11,100,CJSC Bank Imon International,2010-06-27T04:14:03Z,"Mohira, her husband and their three children live in Shahrituz, Tajikistan. With the prime goal of helping her husband with the family expenses, she started her clothing sales business four years ago. This business is a good match for her because she loves sales and is a proficient saleswoman. Throughout the years, Mohira has kept up her business with much effort and dedication. And through this business, she has been able to provide an education for her three children. In order to keep the business growing, she needs a loan of 3,500 Somoni to purchase seasonal clothing. It is important for Mohira and her family to have your support.  

 
More about Tajikistan and IMON International

Tajikistan is known for its rich history, which includes a key post along the Silk Road and the end of Alexander the Great's rule. It has also produced great thinkers, philosophers, scientists and poets, including Rudaki, Avicenna, Ferdowsi, Omar Khayyam, Jomi, and Rumi. The country is home to communities that still speak the ancient Sogdian language, epic mountain passes, and a civilization that dates back to the 4th millennium BC. And, even today, it is a complex mixture of the Islamic faith, Soviet culture, New West culture and Central Asian traditions.

But Tajikistan is also the poorest of the former Soviet republics. The civil war, which ignited soon after its independence from the U.S.S.R., further damaged the already weak economy. In addition, 93% of the country is mountainous and only 7% of the land is arable. These conditions have resulted in high levels of unemployment and have forced hundreds of thousands to seek work in other countries, mainly Russia. While the people of Tajikistan are working to improve its agricultural production and manufacturing sector, nearly two-thirds of the population still live in abject poverty.

IMON's History

Since December 2007, IMON International has worked closely with Kiva and Kiva lenders to ensure that poor and low income clients represent a viable business proposition. Funds raised through Kiva have already been distributed to thousands of IMON International's clients and will continue to provide thousands more with permanent access to the varied financial services they need. To learn more about IMON International's work, please visit: www.imon.tj
",1.0,0.0,To purchase new clothing for kids for the summer season.,0,2010,3.273622685185185,,Food & Trade,1.0,Yes,No,No,Yes,No,No,No
115165,female,1,individual,Clothing,475.0,14,98,AFODENIC,2009-06-24T22:41:22Z,"Ligia del Socorro Balando, 39, lives in the Reparto Juan Ramón Padilla together with her life mate.  He works to help her with the household expenses.  They care for two children, a 19 year old daughter and a 4 year old son.  Both children currently attend school.  

The plans for the family are to improve their living conditions and be able to divide the rooms.

She has been a storekeeper for seven years.  The biggest difficulties that present themselves are the lack of financing and the low sales.  Almost 50% of the merchandise is discounted.

She will use the loan to buy new fashion products like clothes, jewelry, and shoes.  She will then offer her customers variety.
<br /><p><strong>Translated from Spanish by Ginny Kalish, Kiva Volunteer</strong></p>",1.0,0.0,"Buy clothes, shoes, and jewelry",0,2009,9.042523148148147,,Food & Trade,1.0,Yes,Yes,No,No,Yes,Yes,Yes
389734,female,1,individual,Health,300.0,12,167,PADECOMSM,2012-02-13T03:40:15Z,"Rosa is once again requesting a loan because she has decided to purchase products for her business. She will purchase medicines, vitamins and analgesics to build up the business. Thus she will offer a greater diversity so her customers may remain loyal. 

The previous loan allowed her to grow and vary the business, satisfying her customers' demand, and additionally, offered more comfort to her family in terms of money. 
",1.0,0.0,"to purchase medicines, vitamins and analgesics.",0,2012,0.3334606481481481,30.041655092592592,Services,1.0,Yes,Yes,No,No,No,Yes,Yes
132153,female,1,individual,Services,700.0,14,100,CJSC Bank Imon International,2009-08-25T14:54:51Z,"S. Sitora is 21 years old. She is not married and living with her parents. She has a tailoring business at tailor shop. Her business is sewing  women national dresses. Her workmanship is very good and she has a good eye for design. She is very organized and with a good head for business. She has had this business for 4 years and this is her second loan from IMON International. With her loan, Sitora is planning to purchase new modern fabrics. Help this family with improving the quality of their life by contributing to the growth of Sitora’s business. They will sincerely thank you for it. 


More about Tajikistan and IMON International

Tajikistan is known for its rich history, which includes a key post along the Silk Road and the end of Alexander the Great's rule. It has also produced great thinkers, philosophers, scientists and poets, including Rudaki, Avicenna, Ferdowsi, Omar Khayyam, Jomi, and Rumi. The country is home to communities that still speak the ancient Sogdian language, epic mountain passes, and a civilization that dates back to the 4th millennium BC. And, even today, it is a complex mixture of the Islamic faith, Soviet culture, New West culture and Central Asian traditions.

But Tajikistan is also the poorest of the former Soviet republics. The civil war, which ignited soon after its independence from the U.S.S.R., further damaged the already weak economy. In addition, 93% of the country is mountainous and only 7% of the land is arable. These conditions have resulted in high levels of unemployment and have forced hundreds of thousands to seek work in other countries, mainly Russia. While the people of Tajikistan are working to improve its agricultural production and manufacturing sector, nearly two-thirds of the population still live in abject poverty.

IMON's History

Since December 2007, IMON International has worked closely with Kiva and Kiva lenders to ensure that poor and low income clients represent a viable business proposition. Funds raised through Kiva have already been distributed to thousands of IMON International's clients and will continue to provide thousands more with permanent access to the varied financial services they need. To learn more about IMON International's work, please visit: www.imon.tj

",1.0,0.0,Purchasing fabrics for sewing national dresses for women,0,2009,0.2185879629629629,,Services,1.0,Yes,No,No,No,Yes,Yes,No
323794,female,1,individual,Personal Use,100.0,8,167,PADECOMSM,2011-08-08T21:53:44Z,"Karla is employed, and lives with her two children and husband.  She works Monday through Friday for the municipal government, where she has been for more than a year.  She works Monday through Friday from 8:00 a.m. to 4:30 pm, and Saturday from 8:00am to noon.

She is requesting a loan to pay for some personal expenses, as she has bought some kitchen equipment and wants to pay for them completely.  This loan will help her to get free from her other debts and have the kitchen equipment and utensils.

Her aim is to work for her children.  She expects to pay back the loan promptly and to improve her family's quality of life.",1.0,0.0,to pay for kitchen equipment.,0,2011,0.030324074074074,,Food & Trade,1.0,No,Yes,No,No,No,Yes,Yes
339757,male,1,individual,Retail,1200.0,5,119,Asociación Arariwa,2011-09-28T01:09:19Z,"The member belongs to the community bank ""Pro Desarrollo"" (Pro-Development). The bank is located in the Pisaq district, which belongs to the province of Calca and the department of Cusco.
The member's name is Alfred. He is 44 years old, married, and has 3 children. He mixes his everyday responsibilities with a business buying and selling cattle. He takes cattle to places like Anta and Urumbamba. He also has a motorcycle taxi which he drives in the district of Pisaq. By means of these businesses, he is making a better life for his kids. He wants to grow his cattle business and improve his taxi service. He is requesting a loan to buy cattle and to maintain his motorbike by buying spare parts and tires.
He is happy to get the loan and promises to make his repayments on time. 

",0.0,1.0,to buy cattle and to maintain his motorbike by buying spare parts and tires.,0,2011,1.00625,,Food & Trade,1.0,Yes,Yes,No,No,Yes,Yes,Yes
286246,male,1,individual,Transportation,500.0,15,61,MAXIMA Microfinance,2011-04-13T04:13:12Z,"Mr. Samnang B. (in the photo) is 32 years old and his wife, Mrs. Savet Pin, is 42 years old. They live on an island in the Mekong River, about 15 kilometers from Phnom Penh City. They have been married for almost ten years and have three children: two sons are lathe operators and their daughter is a garment factory worker.    

Samnang is a motor taxi driver, while his wife is a garment factory worker. Samnang is asking for a loan of $500 to purchase a new motorbike for his uncle. 

Samnang’s uncle is also a motor taxi driver. Unfortunately, his motorbike is old and breaks down so he spends a lot of money to make repairs often. 
",0.0,1.0,to purchase a new motorbike for his uncle,0,2011,12.383773148148148,,Services,1.0,No,Yes,No,Yes,Yes,Yes,No
357813,female,1,individual,Clothing,450.0,10,110,Emprender,2011-11-19T18:59:13Z,"Sra. Lucia has been selling clothes for several years in the crowded streets of the city of Quillacollo - Cochabamba. She is a long-standing member and has always shown herself to be responsible with regards repayments. Her husband does not participate because he works in the department of Oruro as a miner in small mines by the job with no fixed contract. The loan will be used to stock up with more clothing merchandise for the year-end season. Her guarantor, her mother, also sells clothing but she does so near the sports fields. She owns her own house in the northern area of the city. Sra. Lucia is always punctual with her repayments.
",1.0,0.0,to buy merchandise (sweaters and pants).,0,2011,3.714375,,Food & Trade,1.0,Yes,Yes,No,No,No,Yes,Yes
177088,male,1,individual,Transportation,700.0,13,110,Emprender,2010-03-19T23:03:32Z,"Mr. Eustaquio lives in the town of El Torno. He is married and has four school-age children.  He is a moto-taxi driver and his wife sells refreshments in the central market; together they support their four children. They own a home in the Naciones Unidas neighborhood which they were able to buy though much hard work.

Mr. Eustaquio is a responsible and hardworking person. With the loan he will maintain his motorcycle which has recently begun to have some problems that prevent him from working as he normally would. He is very grateful to Emprender and Kiva for the trust and support given through this loan.



<br /><p><strong>Translated from Spanish by Isabel French, Kiva Volunteer</strong></p>",0.0,1.0,Motorcycle Maintenance,0,2010,18.16903935185185,,Services,1.0,Yes,Yes,No,No,Yes,Yes,Yes
199345,female,1,individual,Food,600.0,22,61,MAXIMA Microfinance,2010-05-27T22:10:59Z,"Mrs. Saroun K. and her husband, Mr. Thorn Chan, have been married since 1998. They live along National Road Number One, about seventeen kilometers from Phnom Penh City. Saroun and her husband have been selling vegetables for more than five years. They buy them from the Dem Kor market, in Phnom Penh, for resale at the Kor Ky market near their village. 

The couple hopes to expand their business, but they do not have enough capital, and so Saroun is requesting a loan of $600. 
Saroun's husband is in the photo, as Saroun was unavailable. 
",1.0,0.0,To purchase vegetables for resale,0,2010,20.00758101851852,,Food & Trade,1.0,Yes,Yes,No,No,No,Yes,Yes
91936,male,1,individual,Agriculture,1200.0,13,100,CJSC Bank Imon International,2009-02-25T17:16:39Z,"G. Salohiddin is 44 years old and married. Together with his wife they have four children. Their children are young and attend school. They are farmers who own a plot of land in their village where they grow different kinds of crops like wheat, potatoes, onions and other vegetables. They have been in this business since 1994. These crops are the main source of income for their family. To reduce the hard physical labour and to expand the business, Salohiddin would like to apply for a loan to purchase seeds, fertilizer, fuels and lubricants.  


More about Tajikistan and IMON International

Tajikistan is perhaps best known for its rich history, which includes a key post along the Silk Road; the end of Alexander the Great's rule; and with it’s famous great thinkers, philosophers, scientists and poets as: Rudaki, Ibn Sina (Avicenna), Firdousi, Omar Haiyam, Jomi, Mavlavi Rumi and many others. The country is home to communities that still speak the ancient Sogdian language, epic mountain passes, and a civilization that dates back to the 4th millennium BC.  And, even today, it is a complex mixture of the Islamic faith, Soviet culture, New West culture and Central Asian traditions. 
But, Tajikistan is also the poorest of the former Soviet republics.  The civil war, which ignited soon after its independence from the U.S.S.R., further damaged the already weak economy.  In addition, 93% of the country is mountainous and only 7% of the land is arable.  These conditions have resulted in high levels of unemployment and have forced hundreds of thousands to seek work in other countries, mainly Russia.  While the people of Tajikistan are working to improve its agricultural production and manufacturing sector, nearly two-thirds of the population still live in abject poverty. 

IMON's History
Since December 2007, IMON International has worked closely with Kiva and Kiva lenders to ensure that poor and low income clients represent a viable business proposition. Funds raised through Kiva have already been distributed to thousands of IMON International's clients and will continue to provide thousands more with permanent access to the varied financial services they need. To learn more about IMON International's work, please visit: www.imon.tj
",0.0,1.0,Purchase seeds and mineral fertilizer for growing seasonal vegetables,0,2009,0.2059606481481481,,Agriculture,1.0,Yes,No,No,Yes,No,Yes,No
376359,female,1,individual,Agriculture,550.0,14,167,PADECOMSM,2011-12-29T02:20:47Z,"Zoila lives with her three children, all of whom go to school.  She works raising and selling pigs.  She has had her business for 15 years.  With her sales, she has been able to maintain her home and cover her expenses.

She is asking for this loan to purchase 100 pound bags of feed and two pigs.  She wants to make this purchase to improve her animal's diet and to have a sufficient amount of feed for a period of time.

She wants to have a stable farm that will guarantee an income for her family, so that she can provide them with a more comfortable life.

",1.0,0.0,to purchase feed and two pigs.,0,2011,0.1462037037037037,,Agriculture,1.0,Yes,Yes,No,No,No,Yes,Yes
162996,female,1,individual,Food,875.0,8,98,AFODENIC,2009-12-21T21:02:22Z,"Ms. Daniela is a hard working woman.  She is 48 years old and for the past 20 years she has run a small home-based grocery store.  She has accomplished this with the help of her husband and with financing from Afodenic, which has allowed her to invest in a variety of merchandise.

Her husband is a construction worker.  They have five children, three of them are adults and two are students.  Her earnings have allowed her to make improvements to their home.  She recently had it painted so that it would look nicer and so that customers would be more attracted to her store.

She will invest the money from this loan in basic items, such as: rice, beans, sugar, cooking oil, soap, toothpaste, canned sardines, tuna, Worcestershire sauce, tomato sauce, chicken, meats, and milk products in order to satisfy the needs of her customers, as these are the things that they use daily.

She has used her past loans to increase her inventory and sales.  She hopes to do so this season, as her sales have been a bit low.  She thanks the institution for approving her past requests and for making it possible for her to say in business. 


<br /><p><strong>Translated from Spanish by Hugo Reyes, Kiva Volunteer</strong></p>",1.0,0.0,Invest in basic food products for resale,0,2009,4.001377314814815,,Food & Trade,1.0,Yes,Yes,No,No,No,Yes,Yes
80200,female,1,individual,Construction,425.0,12,98,AFODENIC,2009-01-06T00:28:21Z,"Maria is 25 years old and lives in Healeah neighborhood of the capital city of Managua. She is single and has a 2 year old son. Her plans are to provide security for her family, and she does this by selling clothing, shoes, cosmetics and silver. She has been selling for 5 years, and began with her own funds. Her goals for her business are to increase the volume of sales and at the same time increase her usefulness. Thanks to Afodenic’s loans she will be able to buy building materials to build a porch and subsequently have more space and security for her family. <br /><p><strong>Translated from Spanish by Cindy Kendall, Kiva Volunteer</strong></p>",1.0,0.0,Buy construction materials to build a porch,0,2009,4.185717592592592,,Production & Construction,1.0,Yes,Yes,No,No,No,Yes,Yes
86543,male,1,individual,Agriculture,550.0,11,100,CJSC Bank Imon International,2009-01-30T04:37:47Z,"J. Yunus is an active 38 year old. He is a talented farmer, and his crops are sought after by many of the local women who would like to sell them. The income he earns from this business allows him to take care of his large family of a wife and 7 children. He would like to increase his harvest in order to maximize his income, and to do so he needs to buy fertilizer, fuels and lubricants. As he lacks the financial means for this, he is requesting a loan of 2000 Somoni to help him with this purchase. 


More about Tajikistan and IMON International

Tajikistan is perhaps best known for its rich history, which includes a key post along the Silk Road; the end of Alexander the Great's rule; and with it’s famous great thinkers, philosophers, scientists and poets as: Rudaki, Ibn Sina (Avicenna), Firdousi, Omar Haiyam, Jomi, Mavlavi Rumi and many others. The country is home to communities that still speak the ancient Sogdian language, epic mountain passes, and a civilization that dates back to the 4th millennium BC.  And, even today, it is a complex mixture of the Islamic faith, Soviet culture, New West culture and Central Asian traditions. 
But, Tajikistan is also the poorest of the former Soviet republics.  The civil war, which ignited soon after its independence from the U.S.S.R., further damaged the already weak economy.  In addition, 93% of the country is mountainous and only 7% of the land is arable.  These conditions have resulted in high levels of unemployment and have forced hundreds of thousands to seek work in other countries, mainly Russia.  While the people of Tajikistan are working to improve its agricultural production and manufacturing sector, nearly two-thirds of the population still live in abject poverty. 

IMON's History
Since December 2007, IMON International has worked closely with Kiva and Kiva lenders to ensure that poor and low income clients represent a viable business proposition. Funds raised through Kiva have already been distributed to thousands of IMON International's clients and will continue to provide thousands more with permanent access to the varied financial services they need. To learn more about IMON International's work, please visit: www.imon.tj
",0.0,1.0,Purchase of  seeds and mineral fertilizer for growing seasonal vegetables,0,2009,0.1928009259259259,,Agriculture,1.0,Yes,No,No,Yes,Yes,Yes,No
376864,male,1,individual,Retail,1000.0,14,110,Emprender,2012-01-17T13:11:35Z,"Señor Miguel has lived in the town of La Guardia, belonging to the El Torno municipality, for over 20 years. He lives with his wife, Faustina, who works as a teacher at one of the local schools. Miguel has sold wood for about 12 years. He would like to have this loan for the purchase of wood. He is grateful to have this loan from Emprender, since he will use it to buy a large quantity of wood and sell it to various carpenters; he has orders to fill. Miguel is a very kind person who works hard to succeed for the well-being of his entire family.",0.0,1.0,to buy wood wholesale.,0,2012,18.966238425925926,,Food & Trade,1.0,Yes,Yes,No,No,Yes,Yes,Yes
218246,female,1,individual,Clothing,1725.0,14,100,CJSC Bank Imon International,2010-07-28T23:32:09Z,"Nodira, a sharp, energetic entrepreneur from Dushanbe, Tajikistan, started her own clothing business 16 years ago and has built a successful enterprise. She has a good location in the market for her sales, along with an attractive display of clothing for passing customers. Nodira is a married woman with three children, and her income helps her to support her children's pursuit of a good education. 

Nodira has requested a loan of 7500 Somoni so that she can purchase new clothing inventory. This loan will allow her to increase her income by having the right clothing available to meet seasonal demand. Over the last three years, Nodira has proven to be a great loan client with IMON International, and we are glad to have this new opportunity to continue assisting her with her business.  <p>
 
More about Tajikistan and IMON International

Tajikistan is known for its rich history, which includes its role as a key post along the Silk Road and the end of Alexander the Great's rule. It has also produced great thinkers, philosophers, scientists and poets, including Rudaki, Avicenna, Ferdowsi, Omar Khayyam, Jomi, and Rumi. The country is home to communities that still speak the ancient Sogdian language, epic mountain passes, and a civilization that dates back to the 4th millennium BC. And, even today, it is a complex mixture of the Islamic faith, Soviet culture, New West culture and Central Asian traditions.<p>

But Tajikistan is also the poorest of the former Soviet republics. The civil war, which ignited soon after its independence from the U.S.S.R., further damaged the already weak economy. In addition, 93% of the country is mountainous and only 7% of the land is arable. These conditions have resulted in high levels of unemployment and have forced hundreds of thousands to seek work in other countries, mainly Russia. While the people of Tajikistan are working to improve its agricultural production and manufacturing sector, nearly two-thirds of the population still live in abject poverty.<p>

IMON's History

Since December 2007, IMON International has worked closely with Kiva and Kiva lenders to ensure that poor and low income clients represent a viable business proposition. Funds raised through Kiva have already been distributed to thousands of IMON International's clients and will continue to provide thousands more with permanent access to the varied financial services they need. To learn more about IMON International's work, please visit: www.imon.tj
",1.0,0.0,To purchase clothing to sell,0,2010,0.9320023148148148,,Food & Trade,1.0,Yes,No,No,Yes,Yes,Yes,Yes
392869,male,1,individual,Transportation,650.0,12,100,CJSC Bank Imon International,2012-03-20T20:01:21Z,"Iskandar is married and the responsible father of five children.  He is a very kind and hard-working man. For more than two years he has been in the business of transporting people.  He has experience in this business.  He used to sell fabric remnants.  Later he began working as a taxi driver in a rented car.  Then, after several loans over time from IMON International, he bought a car.  Now he works for himself in his own taxi.  At the present time, he is requesting a loan for car repairs in order to continue his work.  He is relying on your help and charity.",0.0,1.0,to repair his car,0,2012,18.973020833333333,30.041655092592592,Services,1.0,No,Yes,No,No,Yes,Yes,Yes
322688,female,1,individual,Housing,650.0,15,98,AFODENIC,2011-08-20T04:13:49Z,"Doña Maria is a merchant who has been selling cosmetics for more than 11 years as a way of helping her husband and their two children who are students.  Her husband is a high-ranking official in the military.  
<p>
One of her goals focuses on the construction of her home on which she has made many improvements.  Maria has participated in thirteen loan cycles, with nearly 95% of the funds dedicated toward infrastructure.  Today she is requesting a new loan so that she can lay down the floor on her porch and paint the house to give it a beautiful finish.  In order to make these improvements, Maria has had to be flexible in her timetable and accommodate delays.  
<p>
She plans to buy materials such as red tile, sand, cement, paint, paint thinner, brushes, sponges, as well as pay for labor so that the work can begin.  


",1.0,0.0,to pay for materials and labor for laying down a floor on her porch and painting her house.,0,2011,16.419282407407408,,Production & Construction,1.0,Yes,Yes,No,No,No,Yes,Yes
389284,male,1,individual,Health,1050.0,26,167,PADECOMSM,2012-02-16T09:40:48Z,"Moisés applies for a new loan to invest in medicine for his business. He will buy vitamins, sera and other available medical products which he needs to complete his inventory.

He believes that these loans enabled him to bolster his business, keep products for all kinds of diseases in inventory, and improve his family's living conditions.
",0.0,1.0,"to buy vitamins, sera and medical products.",0,2012,4.965787037037037,30.041655092592592,Services,1.0,Yes,No,No,No,No,Yes,Yes
433221,female,1,individual,Health,500.0,14,167,PADECOMSM,2012-06-07T05:59:47Z,"Marta is requesting a new loan, and plans to invest the funds from the loan in her natural medicine business. She plans to purchase a variety of natural products and chemicals, including vitamins, antihistamines and antibiotics, products which will help her to more thoroughly attend to her clients' needs. 

She is grateful for her previous loan, which allowed her to grow her business and offer her clients higher quality products. The loan also helped her improve her family's quality of life and situation.
",1.0,0.0,"to purchase vitamins, antihistamines and antibiotics.",0,2012,0.9303703703703704,30.0,Services,1.0,Yes,Yes,No,No,No,Yes,Yes
435678,female,1,individual,Retail,950.0,8,148,Association for Rural Development (ARD),2012-07-01T15:49:07Z,"This is 44 year-old Seray.  She is married, and has 5 children aged 17, 16, 10, 8, and 6 years of age. She has no additional dependents living with her.   In 2010, Seray established her cosmetics business. She began her business to earn a living.  Working 7 days a week and 10 hours a day, she earns about Le 1,000,000 every month from this business. She would like a loan in the amount of Le 4,000,000. Seray requires a loan to buy 10 cartons of assorted cosmetics @Le 3,500,000, with Le 500,000 for transportation. 

She hopes that this loan will enable her to increase her monthly profits by approximately Le 429,000.  Seray is excited for the loan and she is planning to expand her business.  She also hopes to see her only daughter educated to university level.  Honest and hardworking, Seray thanks you for your support.

",1.0,0.0,To buy 10 cartons of assorted cosmetics,0,2012,21.01318287037037,30.0,Food & Trade,1.0,Yes,Yes,No,No,No,Yes,Yes
218964,male,1,individual,Food,375.0,15,98,AFODENIC,2010-08-09T19:08:31Z,"William Enrique C. is 39 years old and lives in Lomas de Guadalupe.  His wife is a housewife, and they have 3 teenage children who attend secondary school.  They have a mill where William has sold grains for more than 5 years.

He is the financial provider for the family.  Next year, his eldest son will go to college, and they are afraid they will not have the economic resources to bear the expense this could incur.  That is why they plan to strengthen their business and make their sales volume increase so they will have greater economic stability.  William is requesting the loan to purchase basic grains which he would be offering for sale later in the markets at the capital.

They are a very united and hard-working family.  They believe the economic blows that are affecting Nicaraguan families are not sufficient reason to stop seeking a better future for their children.
<br /><p><strong>Translated from Spanish by Danielle Maxson, Kiva Volunteer</strong></p>",0.0,1.0,Purchase of basic grains to be sold in the capital,0,2010,7.012835648148148,,Food & Trade,1.0,Yes,Yes,No,No,Yes,Yes,Yes
137765,female,1,individual,Services,800.0,11,100,CJSC Bank Imon International,2009-09-19T16:48:32Z,"Gulmira has always been a very hard-working woman. She used to work sewing and selling national dresses for women and girls. Starting the business wasn't easy because she didn't have the necessary machine to do the work. However, with the help of her mother, she was able to collect enough money to buy her own machine four years ago and has been working in embroidery ever since. Gulmira would like to grow her business even more by purchasing a modern automated embroidery machine. With your help she can achieve her goal.  <p>

More about Tajikistan and IMON International

Tajikistan is perhaps best known for its rich history, which includes:  its role as a key post along the Silk Road; the end of Alexander the Great's rule; and its famous great thinkers, philosophers, scientists and poets including Rudaki, Ibn Sina (Avicenna), Firdousi, Omar Haiyam, Jomi, Mavlavi Rumi and many others. The country is home to communities that still speak the ancient Sogdian language, epic mountain passes, and a civilization that dates back to the 4th millennium BC.  Even today, it is a complex mixture of the Islamic faith, Soviet culture, New West culture and Central Asian traditions. <p>
	
However, Tajikistan is also the poorest of the former Soviet republics.  The civil war, which ignited soon after its independence from the U.S.S.R., further damaged the already weak economy.  In addition, 93% of the country is mountainous, and only 7% of the land is arable.  These conditions have resulted in high levels of unemployment, forcing hundreds of thousands to seek work in other countries, mainly Russia.  While the people of Tajikistan are working to improve its agricultural production and manufacturing sector, nearly two-thirds of the population still live in abject poverty. <p>

IMON's History<p>

Since December 2007, IMON International has worked closely with Kiva and Kiva lenders to ensure that poor and low income clients represent a viable business proposition. Funds raised through Kiva have already been distributed to thousands of IMON International's clients and will continue to provide thousands more with permanent access to the varied financial services they need. To learn more about IMON International's work, please visit: www.imon.tj
",1.0,0.0,To purchase an automated embroidery machine.,0,2009,0.1724768518518518,,Services,1.0,Yes,No,No,Yes,Yes,Yes,No
264816,female,1,individual,Retail,2975.0,14,100,CJSC Bank Imon International,2011-01-16T10:05:50Z,"V. Mahbuba is 51 years old, married and has eight children. Her husband is a teacher, and the couple is committed to ensuring that its children have everything they need. For the last 16 years, Mahbuba has made a living selling fabrics used in the making of her country's national dresses, which are an important item in the dowry of any young woman. She is known for providing outstanding service and selling well-made, carefully-chosen merchandise at good prices. She buys her fabrics in the neighboring city Khujand, where she regularly searches for items that meet her customers' needs. She is applying for a loan to expand her business because her children are growing up and her expenses are rising. She plans to use this loan for TJS 13,000 to buy more items to sell, and thanks Kiva lenders for their generous support. She promises to repay the loan on time.   

More about Tajikistan and IMON International

Tajikistan is known for its rich history, which includes being the home of a key post along the Silk Road and the place where the rule of Alexander the Great ended. It has also produced great thinkers, philosophers, scientists and poets, including Rudaki, Avicenna, Ferdowsi, Omar Khayyam, Jomi and Rumi. The country is home to communities that still speak the ancient Sogdian language, epic mountain passes and a civilization that dates back to the 4th millennium BC. Even today, it is a complex mixture of the Islamic faith, Soviet culture, Western culture and Central Asian traditions.

But Tajikistan is also the poorest of the former Soviet republics. A civil war, which ignited soon after its independence from the U.S.S.R., further damaged the already weak economy. In addition, 93 percent of the country is mountainous and only seven percent of the land is arable. These conditions have resulted in high levels of unemployment and have forced hundreds of thousands to seek work in other countries, mainly Russia. While the people of Tajikistan are working to improve its agricultural production and manufacturing sector, nearly two-thirds of the population still live in abject poverty.

IMON's History

Since December 2007, IMON International has worked closely with Kiva and Kiva lenders to ensure that poor and low income clients have viable business propositions. Funds raised through Kiva have already been distributed to thousands of IMON International's clients and will continue to provide thousands more with permanent access to the varied financial services they need. To learn more about IMON International's work, please visit: www.imon.tj",1.0,0.0,To buy more fabrics to sell to her customers,0,2011,2.7400462962962964,,Food & Trade,1.0,Yes,No,Difficult to tell,Yes,Yes,Yes,No
384136,male,1,individual,Food,650.0,10,163,HOFOKAM,2012-01-27T14:39:38Z,"Patrick is 36 years old and a hardworking father of 3 children. He owns a produce business, which he has been running for 11 years. He buys and sells rice and maize among other products. He started this business with a capital of 500,000 Uganda shillings (UGX) but now has a capital of over 5,000,000 shillings. 

Patrick has a challenge of high price flactuations and his family goal is to educate his children. His business goal is to expand to new markets. Patrick intends to use the loan to buy rice and maize to sell.",0.0,1.0,to buy rice and maize to sell.,0,2012,4.159363425925926,30.0,Food & Trade,1.0,Yes,Yes,No,No,No,Yes,Yes
391922,female,1,individual,Housing,450.0,12,98,AFODENIC,2012-02-19T23:51:38Z,"Señora Maura lives in the city of Ticuantepe.  She has had a small business selling cosmetics for several years.  She is a single mother.  Her oldest daughter helps her with their home's expenses.  With her previous loans, she was able to improve the front part of her home.  This time, she is going to invest her loan in the purchase of construction materials for the back part since it is very deteriorated since is is made of wood and metal.  She is thankful for the support that Afodenic is offering her through Kiva.  With this support, they help many families with scarce resources to improve their living conditions.",1.0,0.0,To buy construction materials,0,2012,0.0,29.541655092592592,Production & Construction,1.0,Yes,Yes,No,No,No,Yes,Yes
187156,female,1,individual,Food,700.0,10,163,HOFOKAM,2010-03-24T14:40:45Z,"Florence is a 50-year-old single mother of three children aged 32, 30 and 20 years though she currently lives with her three grandchildren in a rented house.

Florence sells cereals and dry foods in Masindi, Uganda, a business she has done for twenty years. She first started working in a hotel (restaurant), then sold bananas, and finally switched to selling cereals and dry foodstuffs.

Florence dreams of constructing her own residential house which he thinks is possible with profits from her business and credit from HOFOKAM.

This is Florence’s first loan from HOFOKAM which she intends to use to buy posho (a hot, sticky dough made from maize or cassava), beans, and groundnuts (peanuts) for reselling.
",1.0,0.0,"To buy posho, beans, and groundnuts for reselling",0,2010,2.125497685185185,,Food & Trade,1.0,Yes,Yes,No,No,Yes,Yes,Yes
407057,female,2,group,Food,650.0,7,97,FAPE,2012-04-14T17:50:15Z,"This is the ""Duo Peña de Oro"" group. Vivian Isabel is 31, married, and has two children.  She has been selling tortillas for five years. She tells us that she has struggled for her children's sake, as her greatest dream is for her children to have a better future.  

She is applying for this loan in order to buy corn for making tortillas, as she needs more working capital. This way she will keep her business growing.",2.0,0.0,To buy corn for making tortillas.,0,2012,2.7154050925925928,30.0,Food & Trade,1.0,Yes,Yes,No,No,Yes,Yes,Yes
326771,female,1,individual,Clothing,925.0,12,148,Association for Rural Development (ARD),2011-08-21T17:54:13Z,"This is 37-year-old Mariama. She is married to a petty trader, and she has two children, ages 19 and 22 years. She has three additional dependents living with her, because she takes care of them while they attend school in the city. In 2001, Mariama established her gara clothing (locally dyed clothing) business. She began her business, because she wanted to be self-employed in order to have a dependable means of earning income and to help her husband provide livelihood for their children. She made good profits for the upkeep of her family, and that is why she loves this type of business. 
<p>
Working six days a week and 10 hours a day, she earns about 540,000 SLL every month from this business. She would like a loan in the amount of 4,000,000 SLL. Mariama requires a loan in order to buy one bale of brilliant materials to produce different types of gara cloth, including clothing, bedding, and curtains. She hopes that this loan will enable her to increase her monthly profits by approximately 280,000 SLL.
<p>
In the future, Mariama plans to open a big shop and to sponsor her children as they go through their education smoothly. Rises in transportation costs and inflation are her major business challenges. Competition is high, but she offers the best and latest fashion, giving her an edge over her competitors. She supplies customers in Freetown and Makeni Town, offering the latest patterns and designs to fit her customers' needs. She thanks you for your support.",1.0,0.0,to buy one bale of brilliant materials to produce different types of gara cloth.,0,2011,2.662615740740741,,Food & Trade,1.0,Yes,Yes,No,No,Yes,Yes,Yes
417272,female,1,individual,Services,700.0,10,148,Association for Rural Development (ARD),2012-05-24T15:05:17Z,"This is 26-year-old Fatmata.  She is married and has 2 children, aged 6 and 3 years.

In 2005, Fatmata established her salon and cosmetics business. It was her husband that encouraged her to engage in business for herself.  Working 7 days a week and 10 hours a day, she earns about Le 600,000 every month from this business. 

Fatmata would like a loan in the amount of Le 3,000,000. She requires this loan in order to buy more quantities of hair products. In the future, Fatmata plans to expand her salon into a cosmetology school to train young girls. She thanks you for your support.",1.0,0.0,buy hair products,0,2012,30.302233796296296,29.99997685185185,Services,1.0,Yes,Yes,No,No,No,Yes,Yes
177570,female,1,individual,Retail,900.0,8,119,Asociación Arariwa,2010-02-21T00:50:07Z,"Our member, Giovanna, belongs to the NUEVA VISION DE URUBAMBA community bank.  She lives in the heart of the sacred valley of the Incas, Urubamba, about an hour and 10 minutes from the city of Cusco.  

Giovanna is 35 years old, married and has 2 children, 15- and 10-years old.  She spends part of her day running the family home and part of her day operating her retail business, a small grocery.  She has a stand in Urubamba's model market.  Our member needs the loan to buy merchadise (rice, sugar, pasta, milk, etc.) that she will resell to her customers.  Her income goes to raising her children and feeding her family.  Her greatest hopes are that her business prospers and that she can improve her family's quality of life.

Giovanna is grateful for the opportunities that micro-lending provides and is committed to repaying the loan in the agreed-upon time.<br /><p><strong>Translated from Spanish by Jere Wiseman, Kiva Volunteer</strong></p>",1.0,0.0,Buy products for resale.,0,2010,1.1041203703703704,,Food & Trade,1.0,Yes,Yes,No,No,No,Yes,Yes
313018,male,1,individual,Agriculture,300.0,8,163,HOFOKAM,2011-07-01T06:32:34Z,"Charles is 36 years old, married, with five children living in a semi-permanent house in Fort Portal, Uganda.
<p>
He dreams of having a permanent house and educating his children up to the university level. He has been in the goat-rearing business for 10 years in addition to being a tea trader and farmer. His major challenge now is shortage of labor as he tries to expand on his tea plantation.
<p>
He needs the loan to buy tea seedlings and also to pay labor for clearing more land for planting.",0.0,1.0,to buy tea seedlings and also to pay labor for clearing more land for planting.,0,2011,0.0433796296296296,,Agriculture,1.0,Yes,Yes,No,No,Yes,Yes,Yes
202325,male,1,individual,Personal Use,250.0,11,98,AFODENIC,2010-05-24T08:25:45Z,"Edgar Antonio B. G. lives with his life partner and their two year old son in the Raúl Roja neighborhood.  He works as a master builder, and this is the primary source of income for the family.  His wife does domestic work.

For a long time he has had problems with the electrical system in his house.  That is why he is requesting a loan to buy electric materials, which will allow him to make the necessary repairs.  This is for the good of the members of his household because a short circuit threatens the safety of his family and the loss of his home.  There is a potential threat of fire if the repairs are not done quickly.

<br /><p><strong>Translated from Spanish by Ginny Kalish, Kiva Volunteer</strong></p>",0.0,1.0,Change the electrical system in his house,0,2010,1.9414583333333333,,Food & Trade,1.0,Yes,Yes,No,No,No,Yes,Yes
285567,male,1,individual,Agriculture,1125.0,14,100,CJSC Bank Imon International,2011-04-08T23:50:22Z,"Ismatillokhuja is a 40-year-old man who lives in Isfara, Tajikistan with his wife and four children. He has worked in transportation since 2007. He provides transportation services in the area of Isfara and Kanibadam and also engages in cattle breeding. 

Ismatillokhuja acquires cattle in Kanibadam and sells them in Isfara. He would like to get a loan 5000 Somoni to purchase more cattle. Ismatillokhuja also hopes to provide happiness and good health to his wife and children.     

More about Tajikistan and IMON International

Tajikistan is known for its rich history, which includes a key post along the Silk Road and the end of Alexander the Great's rule. It has also produced great thinkers, philosophers, scientists and poets, including Rudaki, Avicenna, Ferdowsi, Omar Khayyam, Jomi, and Rumi. The country is home to communities that still speak the ancient Sogdian language, epic mountain passes, and a civilization that dates back to the 4th millennium BC. And, even today, it is a complex mixture of the Islamic faith, Soviet culture, New West culture and Central Asian traditions.

But Tajikistan is also the poorest of the former Soviet republics. The civil war, which ignited soon after its independence from the U.S.S.R., further damaged the already weak economy. In addition, 93% of the country is mountainous and only 7% of the land is arable. These conditions have resulted in high levels of unemployment and have forced hundreds of thousands to seek work in other countries, mainly Russia. While the people of Tajikistan are working to improve its agricultural production and manufacturing sector, nearly two-thirds of the population still live in abject poverty.

IMON's History

Since December 2007, IMON International has worked closely with Kiva and Kiva lenders to ensure that poor and low income clients represent a viable business proposition. Funds raised through Kiva have already been distributed to thousands of IMON International's clients and will continue to provide thousands more with access to the varied financial services they need. To learn more about IMON International's work, please visit: www.imon.tj

",0.0,1.0,to purchase cattle,0,2011,13.041875,,Agriculture,1.0,Yes,Yes,Yes,No,Yes,Yes,Yes
481327,male,1,individual,Retail,950.0,8,148,Association for Rural Development (ARD),2012-11-04T00:35:06Z,"This is Chernor. He is 42 years old and married with two children ages seven and 19 years. In 2010, Chernor established a cement, soft drink, and water business to improve himself and his family. He works nine hours a day, seven days a week and earns about 500,000 SLL each month. 

Chernor is requesting a 4,000,000 SLL loan to buy 20 crates of soft drinks, 30 bags of cement, and 500 containers of water. In the future, he plans to open more shops in different areas and provide a quality education to his children. Chernor thanks you for your support.
",0.0,1.0,"to buy soft drinks, cement, and water",0,2012,22.17712962962963,29.95833333333333,Food & Trade,1.0,Yes,Yes,No,No,Yes,Yes,Yes
137024,female,1,individual,Agriculture,1300.0,14,100,CJSC Bank Imon International,2009-09-16T10:39:58Z,"Ozodoy is a happily married woman with four children. She has a friendly family who are always trying to help each other. Ozodoy is very hard-working and diligent, and takes pains to maintain economic stability within her home. She plants potatoes, onions and watermelon on her fertile crop land. Although losses from climate changes have often been substantial, she perseveres in her work because there have also been very profitable times. Ozodoy would like to acquire a larger quantity of chemical and natural fertilizers to raise the quality of her crops. She is counting on your help and thanks all of you sincerely.
<p>
<b>More about Tajikistan</b><br>
Tajikistan, a key post on the Silk Road, is perhaps best known for its rich history. It was the location for the end of Alexander the Great's rule, and is known for its great thinkers, philosophers, scientists and poets such as Rudaki, Ibn Sina (Avicenna), Firdousi, Omar Haiyam, Jomi, Mavlavi Rumi and many others. The country, with its epic mountain passes, is home to communities that still speak the ancient Sogdian language and a civilization that dates back to the fourth millennium BC. Even today, it is a complex mix of the Islamic faith, Soviet culture, New West culture and Central Asian traditions.
<p>
However, Tajikistan is also the poorest of the former Soviet republics. The civil war, which ignited soon after its independence from the USSR, damaged the already weak economy. In addition, 93 per cent of the country is mountainous and only 7 per cent of the land is arable. These conditions have resulted in high levels of unemployment and have forced hundreds of thousands of people to seek work in other countries, mainly Russia. While the people of Tajikistan are working to improve its agricultural production and manufacturing sector, nearly two-thirds of the population still live in abject poverty.
<p>
<b>More about IMON International</b><br>
Since December 2007, IMON International has worked closely with Kiva and Kiva lenders to ensure that poor and low-income clients represent a viable business proposition. Funds raised through Kiva have already been distributed to thousands of IMON International's clients and will continue to provide thousands more with permanent access to the varied financial services they need. To learn more about IMON International's work, please visit www.imon.tj",1.0,0.0,To purchase fertilizers,0,2009,1.0969907407407409,,Agriculture,1.0,Yes,No,No,Yes,Yes,Yes,Yes
465017,female,10,group,Retail,4800.0,6,119,Asociación Arariwa,2012-08-31T20:45:50Z,"One of the members of the group is 22-year old Bertha who is 6-months pregnant and is in a common-law relationship. She was born in the town of Ollyantaytambo but now lives in the beautiful city of Cusco. Bertha is a hardworking and responsible young woman who enjoys looking at archeological remains. She has run a bookstall for a year and the business is doing well. She is now in need of a loan to buy merchandise such as books (in the photo she is the one with her hand raised).

The name of this group is Amigos Emprendedores and is made up of neighbours and friends. They live in the province and department of Cusco. The members seek every opportunity they can to get ahead and make an effort every day to provide their children with a better future. They are involved in a variety of jobs such as selling books wholesale, selling candy, and driving a taxi. The members are grateful for this opportunity and promise to repay the loan according to the schedule. 

(The people in the foreground of the photo arrived late to the community bank’s meeting.)

Cusco is located in the province and department of Cusco and is in the heart of the ancient city of the Incas. It is known for its tourism, its archeological centres, and for being a beautiful city in the southern region of the country. The city is also well known for the traditional festival of Inti Raymi and because one of the seven wonders of the world, Machupicchu, is found there.",9.0,1.0,to buy books for her stall,0,2012,0.0,30.0,Food & Trade,0.8,Yes,Yes,No,No,Yes,Yes,Yes
503412,male,1,individual,Food,475.0,6,119,Asociación Arariwa,2012-12-15T21:37:40Z,"The member is Alejandro.  He continues to sell basic needs in his grocery store, an activity that provides his family's primary source of income and upkeep.

Alejandro is applying for a loan to buy merchandise such as rice, sugar, noodles, milk, drinks and snacks to reinvest in his business.  

Alejandro thanks KIVA for allowing him to continue working and developing his business.  Alejandro belongs to the ""Los Lideres"" (The Leaders) community bank in the city of Cusco, Peru.",0.0,1.0,"To buy rice, sugar, noodles, milk, drinks and snacks.",0,2012,10.782407407407408,30.0,Food & Trade,1.0,Yes,Yes,No,No,No,Yes,Yes
365195,male,1,individual,Food,1275.0,14,100,CJSC Bank Imon International,2012-01-16T17:35:42Z,"Abdumalik is married and has two children. For the last 18 years he has been selling groceries in his store. Abdumalik sells only the freshest groceries and his wife helps him in the store. The two of them are trying hard to improve their living conditions and give their children a good education. Currently Abdumaik wants to take out a loan of 6000 somoni to expand his inventory. He thanks all his lenders for their kindness and charity.
",0.0,1.0,To expand his business,0,2012,47.44833333333333,,Food & Trade,1.0,Yes,Yes,No,No,Yes,Yes,Yes
254961,male,1,individual,Housing,300.0,12,98,AFODENIC,2010-12-22T05:48:33Z,"Armando is a father who is very committed to his work as he wants to help his children with their studies.  He is 39 years old and has worked as a construction worker for twenty years.  It has been his source of income.  He learned the trade because he needed to as he didn't have a job.

Armando has the support of his wife who works as a cleaner.  Together they balance their expenses.

The difficulty is that Armando's work is not regular.  There are times when he doesn't have any jobs for weeks and also times when good jobs come up.  What he would like to do with this loan is improve his bathroom because the doors are in a bad state.  This is something he must fix in order to have better hygiene and privacy.

Thanks to a loan from Afodenic, he will be able to make this improvement and pay in instalments.  This will benefit him as the instalments are monthly and affordable for him.",0.0,1.0,"To buy building materials to improve his bathroom, achieving better hygiene and privacy",0,2010,19.235023148148148,,Production & Construction,1.0,Yes,Yes,No,No,Yes,Yes,Yes
103863,female,1,individual,Retail,800.0,8,100,CJSC Bank Imon International,2009-04-22T14:12:15Z,"Mukaramakhon K. is 36 years old. She is married and the mother of two children. Mukaramakhon's lack of a stable job and the slow productivity of her husband's business as an ecologist did not leave enough money to meet family expenses. For this reason, 10 years ago, Mukaramakhon decided to start her own business, selling fabrics for local cultural dresses. Little by little she made her business grow and by offering her clients a way to pay in installments greatly increased her revenue. Now her business is running smoothly. However, she would like to continue increasing her business so that her situation would be more stable in the future. She is asking for a loan of $ 800 USD that she will pay back in 6 months. With this money, Mukaramakhon will be able to buy seasonal fabrics for the local cultural dresses. The power to help her business grow is in your hands. 

More about Tajikistan and IMON International

Tajikistan is perhaps best known for its rich history, which includes a key post along the Silk Road; the end of Alexander the Great's rule; and with it’s famous great thinkers, philosophers, scientists and poets as: Rudaki, Ibn Sina (Avicenna), Firdousi, Omar Haiyam, Jomi, Mavlavi Rumi and many others. The country is home to communities that still speak the ancient Sogdian language, epic mountain passes, and a civilization that dates back to the 4th millennium BC.  And, even today, it is a complex mixture of the Islamic faith, Soviet culture, New West culture and Central Asian traditions. 
But, Tajikistan is also the poorest of the former Soviet republics.  The civil war, which ignited soon after its independence from the U.S.S.R., further damaged the already weak economy.  In addition, 93% of the country is mountainous and only 7% of the land is arable.  These conditions have resulted in high levels of unemployment and have forced hundreds of thousands to seek work in other countries, mainly Russia.  While the people of Tajikistan are working to improve its agricultural production and manufacturing sector, nearly two-thirds of the population still live in abject poverty. 

IMON's History
Since December 2007, IMON International has worked closely with Kiva and Kiva lenders to ensure that poor and low income clients represent a viable business proposition. Funds raised through Kiva have already been distributed to thousands of IMON International's clients and will continue to provide thousands more with permanent access to the varied financial services they need. To learn more about IMON International's work, please visit: www.imon.tj
",1.0,0.0,Purchase a variety of fabrics for local cultural dresses.,0,2009,0.0709143518518518,,Food & Trade,1.0,Yes,No,No,No,Yes,No,No
399896,female,1,individual,Agriculture,1050.0,26,167,PADECOMSM,2012-03-21T19:13:43Z,"María lives with her 23-year-old daughter and her husband in a house they own. She's a farmer who raises barnyard poultry and cattle. She does the housekeeping work and also tends to the poultry farm. Besides, she also helps her husband with the cattle. Her advantage is the large plot of land, and her drawback is when it's time to sell the cattle, because the prices vary widely.
She requests the loan in order to purchase concentrated feeding for the cattle. This purchase will help her maintain what she needs at a lower cost. It is truly important because summertime is when there's less pasture for the cattle to feed on.
María wishes to improve her living conditions, to work alongside her husband, to expand the livestock business and to get better credit options with the institution.",1.0,0.0,to purchase concentrated feeding for the cattle.,0,2012,10.787280092592592,30.041655092592592,Agriculture,1.0,Yes,Yes,No,No,Yes,Yes,Yes
432977,male,1,individual,Agriculture,1225.0,13,163,HOFOKAM,2012-06-27T07:59:08Z,"Godfrey wants a loan to buy cows for rearing. He is a 28-year-old married man living in Masindi, Uganda. He is a farmer and has been rearing cattle for 4 years. Inadequate capital hinders his business and his dream is to own a ranch. He desires to educate children up to the university.",0.0,1.0,to buy cows for rearing.,0,2012,24.700717592592596,30.0,Agriculture,1.0,Yes,Yes,No,No,Yes,Yes,Yes
142625,female,1,individual,Clothing,800.0,11,100,CJSC Bank Imon International,2009-10-16T14:12:25Z,"Saodat is the married mother of two children. Her women’s clothing business has been a valuable source of income for her and her family over the past ten years that she’s been in business. In a typical month she makes about $200 in profit from the business.

Saodat is hard-working, polite and communicative entrepreneur. She has an attitude of service and loves being able to help women with their clothing needs. She has requested a loan of $800 USD to purchase new inventory. This loan will help her to continue developing her business and provide a good income for her family. 


More about Tajikistan and IMON International
Tajikistan is known for its rich history, which includes a key post along the Silk Road and the end of Alexander the Great's rule. It has also produced great thinkers, philosophers, scientists and poets, including Rudaki, Avicenna, Ferdowsi, Omar Khayyam, Jomi, and Rumi. The country is home to communities that still speak the ancient Sogdian language, epic mountain passes, and a civilization that dates back to the 4th millennium B.C. And, even today, it is a complex mixture of the Islamic faith, Soviet culture, New West culture and Central Asian traditions.

But Tajikistan is also the poorest of the former Soviet republics. The civil war, which ignited soon after its independence from the U.S.S.R., further damaged the already weak economy. In addition, 93% of the country is mountainous and only 7% of the land is arable. These conditions have resulted in high levels of unemployment and have forced hundreds of thousands to seek work in other countries, mainly Russia. While the people of Tajikistan are working to improve its agricultural production and manufacturing sector, nearly two-thirds of the population still live in abject poverty.

IMON's History
Since December 2007, IMON International has worked closely with Kiva and Kiva lenders to ensure that poor and low income clients represent a viable business proposition. Funds raised through Kiva have already been distributed to thousands of IMON International's clients and will continue to provide thousands more with permanent access to the varied financial services they need. To learn more about IMON International's work, please visit:  www.imon.tj 
",1.0,0.0,To buy new inventory for her business,0,2009,8.355590277777777,,Food & Trade,1.0,Yes,Yes,No,Yes,Yes,Yes,Yes
333742,female,42,group,Food,4675.0,8,162,Turame Community Finance,2011-09-16T04:53:57Z,"Delphine is a 43-year-old shop keeper who lives in the town of Rutoki in the center of Burundi in the Gitega Province. She has been in the trade of bananas for 3 years. She is also a farmer. She did not attend school. She is married to Stanislas and they have 7 children together 3 of which are in elementary school. The Kiva loan of 150,000 francs burundais that she will obtain will allow her to increase her capital in order to buy a large quantity of bananas to resell in order to realize a large profit. She is a member of the Community group ""TWITERITEKA"".",38.0,4.0,To increase her capital to buy a large quantity of bananas to resell in order to realize a large profit,0,2011,7.113819444444444,,Food & Trade,0.9047619047619048,Yes,Yes,No,No,No,Yes,Yes
372132,female,1,individual,Retail,575.0,6,119,Asociación Arariwa,2011-12-20T18:15:46Z,"Señora Victoria is married, she is 29 years old and she has 1 son, aged 7. The member still sells natural products for a living and now she is also working as a cosmetologist doing haircuts, dyes and waves. She works independently and through these small businesses she is getting her son ahead in life. Her dream is to have a premises where she can work as a cosmetologist and also sell natural products. The member is requesting the loan to buy natural products and also to buy materials such as dyes, curlers and scissors for her job as a cosmetologist.

The member values and is grateful for the loan granted to her and promises to be disciplined in the repayments of her debts.
",1.0,0.0,"to buy natural products and also to buy materials such as dyes, curlers and scissors for her job as a cosmetologist.",0,2011,0.7470023148148148,,Food & Trade,1.0,Yes,Yes,No,No,No,Yes,Yes
386955,male,1,individual,Services,450.0,14,163,HOFOKAM,2012-01-31T02:01:12Z,"Peter used the previous loan to buy chemicals for spraying his tomatoes and for paying his workers. Alongside his agricultural practices, he offers tailoring services to schools where he faces a challenge of seasonal customers and price fluctuations and inflation. Now that the term has started, Peter needs the loan to buy uniform materials to sew.",0.0,1.0,to buy materials to make uniforms  to sell.,0,2012,0.2299768518518518,30.0,Services,1.0,Yes,Yes,No,No,Yes,Yes,Yes
255212,male,1,individual,Transportation,500.0,22,61,MAXIMA Microfinance,2010-12-17T22:11:43Z,"Mr. Sao H. (who is in the photo with his wife) is 34 years old and his wife, Mrs. Khum Phary is 24 years old, live along national road number one about seventeen kilometers from Phnom Penh.  They were married in 2006 and they a young daughter.  

Sao has been driving a motordub (motor taxi) for four years.  His wife is hired by villagers to farm.  She gets paid with fees. 
Sao’s motorbike is old and breaks down often, which costs him a lot of money to make repairs.  He could not manage his income to support his family.  Hence he has decided to ask for his first loan of $500 to purchase a new one. 
",0.0,1.0,To replace his motorbike with a new one.,0,2010,8.896956018518518,,Services,1.0,Yes,Yes,No,No,Yes,Yes,Yes
120811,female,1,individual,Transportation,300.0,15,61,MAXIMA Microfinance,2009-07-08T14:49:12Z,"Mrs. Vanny B., 28, and her husband, Mr. Run Kong, 25, live in a small village across the Mekong River about 15 kilometers from Phnom Penh. They were married in 2005 and have two young sons. 
Vanny has been selling mangoes. Her husband is a horse cart driver and wooden house builder. Unfortunately, his horse was old and got sick. Therefore, he decided to sell it. Now, Vanny is asking for her second loan of $300 to purchase another horse for her husband’s business. 
",1.0,0.0,To purchase a horse for her husband’s business.,0,2009,0.3396527777777778,,Services,1.0,Yes,Yes,No,No,Yes,Yes,Yes
229153,female,1,individual,Food,475.0,13,98,AFODENIC,2010-09-07T19:07:25Z,"María is a hard working woman who is devoted to work.  She’s a small merchant who has secured a good customer base over the years.

She sells prepared meals, various fried foods, sweets, soft drinks, juices, smoothies, fruits in front of her house.  She now stocks more items; she used to just sell prepared food.

The loans have been an alternative pathway to improve income in that they allow her to meet her personal expenses like utility payments and loan repayments.

This loan will be used to buy food items like: meat, chicken, a quintal (equal to 46 kilos) of corn, a large container of cooking oil, lard, fruit, vegetables, sweets among others to start making more food and selling more to improve her family’s economy.
<br /><p><strong>Translated from Spanish by Michael Bujazan, Kiva Volunteer</strong></p>",1.0,0.0,"She will buy: chicken, a quintal (equivalent to 46 kilos) of corn, fruits and vegetables, sweets and others to increase sales.",0,2010,0.963414351851852,,Food & Trade,1.0,Yes,Yes,No,No,No,Yes,Yes
168428,male,1,individual,Services,400.0,6,119,Asociación Arariwa,2010-01-14T22:14:37Z,"
Early, 28, is a member of Asociación Arariwa's ""COMUZONE"" communal bank.  He has a one-year-old son, Manuel.  He lives in Cusco department, Cusco province, Santiago district.  Early has been a police officer patroling Cusco's streets for the last 2 years.  Early, his sister Sandy, and their father have a family business that is a restaurant-bar, called ""LUCHITO"" in the city of Izcuchaca.  The restaurant opens on Sundays and serves typical regional dishes like: fried pork rinds, grilled meats, adobo (a marinated meat), etc.  Early is a hard-working, enterprising, young father who needs funding to enlarge the family's restaurant.  He is grateful for the opportunity offered by this means and pledges to repay in a timely fashion.<br /><p><strong>Translated from Spanish by Michael Bujazan, Kiva Volunteer</strong></p>",0.0,1.0,To enlarge his restaurant.,0,2010,0.1141203703703703,,Services,1.0,Yes,Yes,No,No,No,Yes,Yes
363441,male,19,group,Clothing,2225.0,8,163,HOFOKAM,2011-12-31T19:42:14Z,"Abbas used the previous loan to buy clothes to sell and to set up a boutique. The hardworking 28-year-old man is grateful to his group members who have always guaranteed him in accessing credit from the institution. He dreams of educating his children and moving his business to town. Abbas needs the loan facility to buy clothes to sell ahead of the Christmas season.

",5.0,14.0,to buy clothes for sell.,0,2011,26.07091435185185,,Food & Trade,1.0,Yes,Yes,No,No,No,Yes,Yes
90182,male,1,individual,Agriculture,1000.0,13,100,CJSC Bank Imon International,2009-02-19T21:43:02Z,"Farhod M., 32, is married and has 4 children. He lives in Istaravshan town and works with his brother in agriculture. Five years ago, he decided to begin to cultivate land that he owned. He did so to generate more income that would enable him to support his family. <P>

Farhod grows potatoes and onions, which he must give the proper care so that he can produce a full, healthy harvest. He will use the loan money to buy inputs that will enable him to improve production yield. Farhod has discovered over the years that he enjoys doing this job, and that's why he will continue to use loans in order to improve his farm and become a better farmer.<P>
 
More about Tajikistan and IMON International<P>

Tajikistan is perhaps best known for its rich history, which includes a key post along the Silk Road; the end of Alexander the Great's rule; and with its famous great thinkers, philosophers, scientists and poets as: Rudaki, Ibn Sina (Avicenna), Firdousi, Omar Haiyam, Jomi, Mavlavi Rumi and many others. The country is home to communities that still speak the ancient Sogdian language, epic mountain passes, and a civilization that dates back to the 4th millennium BC.  And, even today, it is a complex mixture of the Islamic faith, Soviet culture, New West culture and Central Asian traditions. <P>

But, Tajikistan is also the poorest of the former Soviet republics.  The civil war, which ignited soon after its independence from the U.S.S.R., further damaged the already weak economy.  In addition, 93% of the country is mountainous and only 7% of the land is arable.  These conditions have resulted in high levels of unemployment and have forced hundreds of thousands to seek work in other countries, mainly Russia.  While the people of Tajikistan are working to improve its agricultural production and manufacturing sector, nearly two-thirds of the population still live in abject poverty. 
<P>
IMON's History<P>

Since December 2007, IMON International has worked closely with Kiva and Kiva lenders to ensure that poor and low income clients represent a viable business proposition. Funds raised through Kiva have already been distributed to thousands of IMON International's clients and will continue to provide thousands more with permanent access to the varied financial services they need. To learn more about IMON International's work, please visit: www.imon.tj
",0.0,1.0,"Purchasing seeds, fertilizer, fuel and lubricants",0,2009,0.1131134259259259,,Agriculture,1.0,Yes,Yes,No,Yes,Yes,Yes,Yes
382156,female,1,individual,Food,200.0,6,119,Asociación Arariwa,2012-01-21T01:08:38Z,"
Ruth Meri continues with her business buying and selling fruit.  She continues with it because she’s done very well and continues taking to Puerto Maldonado.  She works hard to continue growing economically.  On this occasion she’s asking for the loan to buy fruit and increase her market.
",1.0,0.0,to buy fruit.,0,2012,0.0337268518518518,,Food & Trade,1.0,Yes,Yes,No,No,No,Yes,Yes
176142,male,1,individual,Construction,350.0,12,98,AFODENIC,2010-02-16T10:28:38Z,"Rodrigo Antonio J. H. is 32 and married.  His wife works as a security guard for the C Y B company.  They have two children, and they live in the Laureles Norte neighborhood.  This neighborhood is known for the high levels of delinquency, which attacks the community that lives there.

They are grateful for the help of the funds that Kiva has given them.  This will be their second loan.  They are asking for the loan to make improvements to their house.  There is a wall of cement board that he wants to rebuild with concrete block.  This will give the family better security for all.  Thanks to the funds from Kiva, Mr. J. has been able to repair his house little by little.

<br /><p><strong>Translated from Spanish by Ginny Kalish, Kiva Volunteer</strong></p>",0.0,1.0,Build a cement block wall,0,2010,1.096111111111111,,Production & Construction,1.0,Yes,Yes,No,No,Yes,Yes,Yes
207856,male,1,individual,Agriculture,1500.0,14,100,CJSC Bank Imon International,2010-06-29T19:28:17Z,"O. Mahmudjon is 38 years old. He is a farmer who works on his land growing vegetables. He gets assistance from his wife and children. For the current planting season, he wants to plant a high quality of potatoes, cucumbers and tomatoes so he can improve the quality of his harvest. With the loan money, Mahmudjon will be able to wisely finance his current farming season to get a better harvest and enable him to repay on schedule. The loan will greatly improve Mahmudjon’s income and his family's living standards. 
 
More about Tajikistan and IMON International

Tajikistan is known for its rich history, which includes a key post along the Silk Road and the end of Alexander the Great's rule. It has also produced great thinkers, philosophers, scientists and poets, including Rudaki, Avicenna, Ferdowsi, Omar Khayyam, Jomi, and Rumi. The country is home to communities that still speak the ancient Sogdian language, epic mountain passes, and a civilization that dates back to the 4th millennium BC. And, even today, it is a complex mixture of the Islamic faith, Soviet culture, New West culture and Central Asian traditions.

But Tajikistan is also the poorest of the former Soviet republics. The civil war, which ignited soon after its independence from the U.S.S.R., further damaged the already weak economy. In addition, 93% of the country is mountainous and only 7% of the land is arable. These conditions have resulted in high levels of unemployment and have forced hundreds of thousands to seek work in other countries, mainly Russia. While the people of Tajikistan are working to improve its agricultural production and manufacturing sector, nearly two-thirds of the population still live in abject poverty.

IMON's History

Since December 2007, IMON International has worked closely with Kiva and Kiva lenders to ensure that poor and low income clients represent a viable business proposition. Funds raised through Kiva have already been distributed to thousands of IMON International's clients and will continue to provide thousands more with permanent access to the varied financial services they need. To learn more about IMON International's work, please visit: www.imon.tj
",0.0,1.0,to buy seeds and fertilizer,0,2010,13.672361111111112,,Agriculture,1.0,Yes,No,No,Yes,No,No,No
150224,female,1,individual,Housing,500.0,22,61,MAXIMA Microfinance,2009-11-10T22:42:52Z,"Mrs. Sreymom M., 33 and her husband, Mr. Try Kong, 36, have been married since 1996 and have three children: two daughters and one son. The eldest daughter is a garment factory worker and the other two attend school. The family is living in a small village along National Road Number 2 about 20 kilometers from Phnom Penh City. 

Sreymom has been a construction worker in her village for three years, while her husband has been a working in the administrative headquarters of the province for 10 years. Some part of her house has broken down and that’s why she is asking for her first loan of $500 to repair her house.  She will make a staircase and repair the wall of the house. 
",1.0,0.0,To repair her house,0,2009,3.1268402777777777,,Production & Construction,1.0,No,Yes,No,No,Yes,Yes,No
97192,female,1,individual,Housing,275.0,8,98,AFODENIC,2009-04-03T19:49:49Z,"<p>Jenny is 45 years old and is married. She lives in Bo la Fuente, and has two children, aged 18 and 12 years old, both of whom are students. Her husband is a high school teacher. She is also a high school teacher with 25 years' experience. With this loan request she will invest in the repair of the electrical system that has recently been problematic. She wants to protect and provide for her family. Her plans are to be able to keep her Master's degree studies to become a professional and to give her children a good education, and to be able to keep making improvements to their home.</p>





<br /><p><strong>Translated from Spanish by Erika Lindig, Kiva Volunteer</strong></p>",1.0,0.0,To purchase electrical wiring to repair their home.,0,2009,2.0339814814814816,,Production & Construction,1.0,Yes,Yes,No,No,No,Yes,Yes
278114,female,1,individual,Arts,600.0,15,61,MAXIMA Microfinance,2011-03-04T14:52:50Z,"Mrs. Chhavy D. (was in the photo) is 44 years old and her husband, Mr. Punleu Sun, is 39 years old.  They sell silk and cotton products. They buy them from weavers in the village and transport them to sell in other villages and districts. This couple is asking for a loan of $600 to purchase more silk and cotton fabrics for resale.

They have been married since 1999 and have four children – one son and three daughters, all of them are in school. 


",1.0,0.0,To purchase silk and cotton products for resale,0,2011,0.1685532407407407,,Production & Construction,1.0,Yes,Yes,No,No,Yes,Yes,Yes
346251,female,2,group,Manufacturing,575.0,11,97,FAPE,2011-11-02T16:42:24Z,"The group Duo Virgen D. Fatima is comprised of two members who work every day for the success of their business.  Ana Paulina, 34, has two children and tells us that she has been making assorted candies for two years.  She also informs us that her customer base has grown because they've come to know that the candy she makes is of high quality. She gives thanks to God that little by little she has been able to sustain her business.  

Ana, and her fellow group member, are requesting this loan to be able to buy materials for making candy.  Both group members share the dream of growing their business and providing all the best for their children so that they can have a better future. ",2.0,0.0,buy materials for making assorted candies.,0,2011,1.4032523148148148,,Production & Construction,1.0,Yes,Yes,No,No,Yes,Yes,Yes
368365,male,1,individual,Education,425.0,10,163,HOFOKAM,2011-12-09T21:06:25Z,Brazio is a 28-year-old hardworking man living in Kyenjojo Uganda. He is a school proprietor and has been in service for 6 years. He started with a nursery school and has over time set up other levels. He has a challenge of limited funds to upgrade the school. His dream is to have a fully operational primary school. Brazio needs the loan facility to renovate the classroom structures.,0.0,1.0,To renovate the classroom structures.,0,2011,0.1224305555555555,,Services,1.0,Yes,Yes,No,No,Yes,Yes,Yes
290124,female,1,individual,Agriculture,1025.0,14,100,CJSC Bank Imon International,2011-05-03T06:19:13Z,"I. Hafiza is the loving mother of her son. She is married and her husband is an accountant in a cannery. She is engaged in animal husbandry and she has been in this business for 22 years. She purchases cattle and feeds them for a certain period then sells them at reasonable prices. For this purpose, she has applied for a loan of 4500 Somoni. She will use this loan to purchase cattle and expand her business. Let's help her reach her goals! 

More about Tajikistan and IMON International

Tajikistan is known for its rich history, which includes a key post along the Silk Road and the end of Alexander the Great's rule. It has also produced great thinkers, philosophers, scientists and poets, including Rudaki, Avicenna, Ferdowsi, Omar Khayyam, Jomi, and Rumi. The country is home to communities that still speak the ancient Sogdian language, epic mountain passes, and a civilization that dates back to the 4th millennium BC. And, even today, it is a complex mixture of the Islamic faith, Soviet culture, New West culture and Central Asian traditions.

But Tajikistan is also the poorest of the former Soviet republics. The civil war, which ignited soon after its independence from the U.S.S.R., further damaged the already weak economy. In addition, 93% of the country is mountainous and only 7% of the land is arable. These conditions have resulted in high levels of unemployment and have forced hundreds of thousands to seek work in other countries, mainly Russia. While the people of Tajikistan are working to improve its agricultural production and manufacturing sector, nearly two-thirds of the population still live in abject poverty.

IMON's History

Since December 2007, IMON International has worked closely with Kiva and Kiva lenders to ensure that poor and low income clients represent a viable business proposition. Funds raised through Kiva have already been distributed to thousands of IMON International's clients and will continue to provide thousands more with permanent access to the varied financial services they need. To learn more about IMON International's work, please visit: www.imon.tj


",1.0,0.0,To buy cattle.,0,2011,1.9716087962962965,,Agriculture,1.0,Yes,No,Yes,Yes,No,Yes,No
263414,male,1,individual,Retail,375.0,8,119,Asociación Arariwa,2011-01-16T13:35:37Z,"Oswaldo belongs to the Virgen Asunta de Oropesa Communal Bank.  This bank is located in the Oropesa district, Quispicanchis province, Cusco department.  

Oswaldo is 32 years old, in a common-law marriage, and has two children.  He works managing his grocery store.  He needs the loan to be able to buy merchandise.  He will buy rice, sugar, noodles, and oil.  He will buy these items wholesale.  He will also buy milk and other basic products.  Oswaldo is requesting the loan to buy merchandise to stock his grocery store.  He is also requesting the loan to buy basic products to supply his store.

He is happy with the loan that was granted, and he pledges to make his payments on time.


",0.0,1.0,To buy basic products for his store,0,2011,8.920474537037038,,Food & Trade,1.0,Yes,Yes,No,No,Yes,Yes,Yes
346575,female,1,individual,Arts,300.0,15,61,MAXIMA Microfinance,2011-10-20T16:28:41Z,"Chhun Eng and her husband, Sokun, are silk weavers. They have been married since 1990, and they have three children -- one son and two daughters.  One child is a weaver; another one is in school; and another one is still young. They live on an island in the Mekong River about 15 kilometers from Phnom Penh City in Cambodia.

Chhun Eng is requesting another loan of $300 to continue her weaving business by purchasing silk materials.

Photo: Chhun Eng is not pictured with her loom because under her the area is flooded. She needs to move her looms to her mother’s house, the same location where she lives, because that location is not affected by the flood.  
",1.0,0.0,to continue her weaving business by purchasing silk materials.,0,2011,0.1518055555555555,,Production & Construction,1.0,Yes,Yes,No,No,Yes,Yes,Yes
236828,female,1,individual,Retail,550.0,6,119,Asociación Arariwa,2010-10-10T14:55:43Z,"Albertina, 46, is a member of the “CAMINEMOS JUNTAS” (Let’s Walk Together) communal bank located in Huanchac district, Cusco province, Cusco department.

She is married and has two children.  She makes various articles of clothing out of wool.  She makes wool sweaters at home and on order.  She is very well known and has had her customer base for the last four years.  She makes sweaters and children’s robes.  She works at home and once she finishes an item she home delivers them to her customers.

She needs funds to buy wool and buttons for her pending jobs.  She is asking for the loan to invest in the purchase of wool and buttons.

She is grateful for and appreciates the loan granted by this means and at the same time pledges to repay in a timely fashion.
",1.0,0.0,To buy wool and buttons.,0,2010,2.149722222222222,,Food & Trade,1.0,Yes,Yes,No,No,No,Yes,Yes
442512,male,1,individual,Manufacturing,1225.0,8,163,HOFOKAM,2012-07-07T06:46:29Z,"Moses is a 36-year-old gentleman living in Kagadi, Uganda. He deals in metal fabrication, and he has been running the business for 7 years. He started by buying machines with capital he got from his father.  Now the business is at its boom stage. He says that inadequate capital and high transport costs are affecting the business. He would like to educate his children and expand his business to new markets. Moses wants a loan to buy metals for use in his fabrication work. ",0.0,1.0,to buy metals for use in his fabrication work.,0,2012,2.8586458333333336,30.0,Production & Construction,1.0,Yes,Yes,No,No,Yes,Yes,Yes
302332,female,1,individual,Services,200.0,6,119,Asociación Arariwa,2011-06-03T23:34:22Z,"Sra. Rubi Magly, 29, belongs to the GRAN RENOVACION community bank in the Peruvian ""departamento"" of Cusco.

She is partnered and has 2 children.  She operates two businesses: a travel agency and a marketing company.  She supports her two children with the income from the businesses and now she wants to expand her travel business by adding an Internet site.  She will use this loan to repair her computer and buy a desk.  

She is grateful for the loan and committed to repaying it in the agreed-upon time.",1.0,0.0,to repair her computer and buy a desk for an Internet-based travel business.,0,2011,0.1279861111111111,,Services,1.0,Yes,Yes,No,No,No,Yes,Yes
101791,male,1,individual,Transportation,1500.0,14,100,CJSC Bank Imon International,2009-04-19T23:24:04Z,"S. Olimjon is 37 years old, married and has two children. His goals are to grow in his personal life and in his business by offering better service to his customers. He hopes that God will continue to keep him healthy so that he can get ahead in life and fulfill his goals. He makes a living driving a taxi, traveling the streets of Kanibadam in search of customers. He has owned his business for the last four  years. In addition to this job, when the weather is warn he sells soft drinks with the help of his mother. Today, Olimjon’s car needs many repairs, and he has applied for a loan of $1,500 to make this possible. He will also use a portion of the loan to buy an additional freezer which will allow him to expand his business selling cold drinks. He thanks Kiva and all its lenders for their help.  


More about Tajikistan and IMON International

Tajikistan is known for its rich history, which includes a key post along the Silk Road and the end of Alexander the Great's rule. It has also produced great thinkers, philosophers, scientists and poets, including Rudaki, Avicenna, Ferdowsi, Omar Khayyam, Jomi and Rumi. The country is home to communities that still speak the ancient Sogdian language, epic mountain passes and a civilization that dates back to the 4th millennium B.C. And, even today, it is a complex mixture of the Islamic faith, Soviet culture, New West culture and Central Asian traditions.

But Tajikistan is also the poorest of the former Soviet republics. The civil war, which ignited soon after independence from the U.S.S.R., further damaged the already weak economy. In addition, 93% of the country is mountainous and only 7% of the land is arable. These conditions have resulted in high levels of unemployment and have forced hundreds of thousands to seek work in other countries, mainly Russia. While the people of Tajikistan are working to improve its agricultural production and manufacturing sector, nearly two-thirds of the population still live in abject poverty.

IMON's History

Since December 2007, IMON International has worked closely with Kiva and Kiva lenders to ensure that poor and low income clients have viable business propositions. Funds raised through Kiva have been distributed to thousands of IMON International's clients and will provide thousands more with permanent access to the varied financial services they need. To learn more about IMON International's work, please visit: www.imon.tj
",0.0,1.0,To repair his car and buy a freezer,0,2009,4.079074074074074,,Services,1.0,Yes,No,Difficult to tell,No,Yes,Yes,No
188697,female,1,individual,Construction,300.0,15,98,AFODENIC,2010-03-29T23:24:07Z,"Mrs. Lidia del Socorro C. V. is 37 years old, she lives in Barrio Laureles sur, is married and her husband works as a gardener and supports her economically with the monthly family expenses. She works as a helper at a health center. Her economical situation is very poor, but one of her most important aspirations is to finish building her house and therefore she requests a loan to buy building material to build a side wall to divide her land from that of her neighbor giving more security for her son who is at the time of his life when bad influences can cause taking the wrong social path. This support will help the family a lot, making their home stronger and offering better economical conditions.

<br /><p><strong>Translated from Spanish by Lene Struck Christensen, Kiva Volunteer</strong></p>",1.0,0.0,Building a side wall,0,2010,4.24587962962963,,Production & Construction,1.0,Yes,Yes,No,No,Yes,Yes,Yes
419898,male,1,individual,Clothing,400.0,6,119,Asociación Arariwa,2012-05-09T03:11:45Z,"Ruben has a shop where he has been selling clothes for three years. He buys the clothes from Lima. Most of the time he has it sent to Cusco, but he still needs to travel every two months in order to look at merchandise. A loan will help Ruben to buy more merchandise such as pants, shirts, and jackets. He sells clothes for adults and children. Ruben’s dream is to expand the size of his shop, which is currently 1 x 3 meters.
 
Ruben is receiving an individual loan as a member of the village bank ""Comuzone I"" in Cusco, which is located in the Andean mountains at 3,400 meters above sea level. The bank is in its 17th cycle with Asociación Arariwa.
",0.0,1.0,"to buy more merchandise, such as pants, shirts, and jackets",0,2012,9.327569444444444,30.0,Food & Trade,1.0,Yes,Yes,No,No,Yes,Yes,Yes
248792,male,1,individual,Construction,500.0,8,110,Emprender,2010-11-18T18:45:28Z,"Sr. Edgar has been working as a carpenter for four years.  Despite his age, he has already become very knowledgeable about the carpentry business.  His jobs are performed on contract for people he knows.  For this reason, he needs capital to buy materials for making doors and windows.  He lives at home with his wife and one year old daughter.  Edgar is the only one supporting the household.  He is a hard worker and a very responsible young man.  One of his wishes is to buy a plot of land where he can build a house and set up a carpentry workshop.  ",0.0,1.0,Purchase wood,0,2010,0.0,,Production & Construction,1.0,Yes,Yes,No,No,No,Yes,Yes
448257,male,1,individual,Retail,250.0,11,167,PADECOMSM,2012-07-17T03:49:01Z,"Ramon lives with his mother and three nephews.  He has a business selling shoes for men and children.  He started this business through his friends, who led him to this type of work.  He already has 3 years of experience with the business.

He is requesting a loan, because he thinks that he needs to make an investment in merchandise for his business, buying casual shoes and also exercise shoes of different colors and sizes for men and children.  This loan will help him to have the financial resources he needs to make this purchase so that he can have more goods available to sell.

His aspiration is to expand the business, getting more products and a new sales route, because this will help him to continue to improve the house where he lives with his family.

",0.0,1.0,to buy casual shoes and exercise shoes,0,2012,0.4367939814814814,30.0,Food & Trade,1.0,Yes,Yes,No,No,No,Yes,Yes
402668,female,1,individual,Agriculture,375.0,8,119,Asociación Arariwa,2012-03-19T12:56:36Z,"Yoni was born in the city of Lamay and she is 30 years old. She lives in the city where she was born and where she works. She raises small animals such as, for example, guinea pigs and chickens. Yoni’s dream is to open a business where she can sell her guinea pig meat. 

Yoni needs the loan to buy more small animals such as guinea pigs and chickens.

Yoni belongs to the “Virgencita de Fátima de Lamay” communal bank of the Asociación Arariwa, in the province of Calca, in the department of Cusco, Peru.

Yoni is grateful and values the loan and she pledges to pay her monthly repayments. 
",1.0,0.0,to buy more small animals such as guinea pigs and chickens,0,2012,0.9142592592592592,30.0,Agriculture,1.0,Yes,Yes,No,No,Yes,Yes,Yes
448057,male,1,individual,Retail,625.0,8,163,HOFOKAM,2012-08-16T08:34:19Z,"Joel is a 33-year-old married man with three children living in Masindi, Uganda.

For 5 years, Joel has been operating a retail shop and also farming. With the proceeds from these businesses, he has been able to buy more land and pay school fees for his children.

Inadequate capital to purchase stock is his challenge, because the demand for the goods is very high. He desires to educate his children and expand his business into new markets. Joel needs the loan facility to buy general merchandise, such as soap and sugar, to sell.",0.0,1.0,"to buy general merchandise, such as soap and sugar, to sell.",0,2012,14.968252314814816,30.0,Food & Trade,1.0,Yes,Yes,No,No,No,Yes,Yes
448118,female,1,individual,Housing,950.0,6,119,Asociación Arariwa,2012-07-16T14:16:06Z,"This member belongs to the communal bank Los Solidarios. The bank is located in the district of Urubamba, within Urubamba province, in the department of Cusco.

She works for a company where she makes arts and crafts such as paintings, pictures, and necklaces. She works from 8:00 am to 6:00 pm. She wants to be able to get ahead with this work, and her dream is to finish building her home. She is requesting the loan in order to purchase construction materials such as sand, cement, plaster, and nails, so that she can finish building her home. 

She is happy with the loan and committed to paying her installments.",1.0,0.0,"to purchase construction materials such as sand, cement, plaster, and nails, in order to finish building her home.",0,2012,1.3860069444444445,30.0,Production & Construction,1.0,Yes,No,No,No,No,Yes,Yes
405628,male,1,individual,Retail,825.0,7,163,HOFOKAM,2012-03-23T01:30:42Z,"Sarapio is a 56-year-old married man with seven children. He lives in Kagadi, Uganda, and he has been operating a retail shop for 20 years. Sarapio got his initial capital from his former farming activities. His challenges include price fluctuation and inadequate capital to meet the high demand for his products. 

Sarapio dreams of buying a car and diversifying his business so as to increase on his income. He needs this loan to buy sugar and beans for sale.",0.0,1.0,to buy sugar and beans for sale.,0,2012,0.3199074074074074,30.0,Food & Trade,1.0,Yes,Yes,No,No,Yes,Yes,Yes
236565,female,10,group,Retail,2700.0,8,119,Asociación Arariwa,2010-10-16T09:05:01Z,"The member is in the “BATAN ORCCO” (To Return  Above) communal bank located in Huaro, Quispicanchis province, Cusco department.

Julia is married and has 4 children.  She is 51 years old.  She sells traditional maicillos (corn flour cookies) and tamales.  She is also the President of this likable group of enterprising, affectionate women.  She has sold maicillos in Huaro and tamales on weekends in Urcos district since the year 2000.  She is asking for funds to buy ingredients like flour and corn.

The other group members alternate their chores with selling tamales, corn drinks, milk and cherries, food, groceries, clothing, farm animals and corn.

Julia is grateful for and values the loan granted this way and at the same time commits to repay in a timely fashion.

",10.0,0.0,To buy ingredients like flour and corn.,0,2010,8.142280092592593,,Food & Trade,1.0,Yes,Yes,No,No,Yes,Yes,Yes
417447,female,6,group,Food,2275.0,8,162,Turame Community Finance,2012-04-23T00:26:54Z,"Elisabeth is a member of the Turamirize group and lives in Gitega.  She is 32 years old and married to Celestin, a merchant.  They have five children together, three of whom are in primary school.

She has been selling drinks for the last seven years.  She is on her tenth loan with Turame.  With the Kiva credit she obtains, she will increase her business capital and add a new product, coffee, to her market in order to earn more.

Her business income allows her to pay her childrens' school fees.",6.0,0.0,to increase her capital and buy new products to resell.,0,2012,2.074201388888889,30.0,Food & Trade,1.0,Yes,Yes,No,No,Yes,Yes,Yes
76267,female,1,individual,Clothing,900.0,4,100,CJSC Bank Imon International,2009-01-14T04:10:51Z,"Five years ago, Nargiza started up her clothing business. Experienced and talented in the business, Nargiza has expanded her business into a successful trade and supports her family through this revenue. 

Throughout the last five years, IMON has provided ongoing assistance to Nargiza’s business through microfinance loans. Committed to growth and successful entrepreneurship, Nargiza has used each loan wisely and has repaid each with a perfect credit history. Currently, she is seeking a loan of 3000 Somoni ($ 900 USD) to replace the autumn inventory with winter clothing. With the rotation of supplies in her business, she plans to repay the loan within 2 months. The well-being of Nargiza’s family and her business are in your hands. Nargiza and her children are sincerely grateful for your support.    ",1.0,0.0,To purchase new clothing for business expansion and to replace her current inventory,0,2009,0.0,,Food & Trade,1.0,Yes,Yes,No,No,No,Yes,Yes
390009,male,1,individual,Manufacturing,1000.0,14,100,CJSC Bank Imon International,2012-02-15T12:27:14Z,"Abdumanon is a widower and is raising a daughter. He has been doing welding work for 15 years. Has a manufacturing facility, producing stoves in the winter and trolleys in the summer. He has employees who assist him. Besides that, he also takes orders for other welding jobs. Abdumanon would like to get a loan for the purchase of electricity and raw materials.",0.0,1.0,To purchase raw materials,0,2012,5.824409722222223,30.0,Production & Construction,1.0,Yes,Yes,No,No,Yes,Yes,Yes
366096,female,1,individual,Food,500.0,16,61,MAXIMA Microfinance,2011-12-13T14:15:58Z,"Chantha (pictured with her young son) is 30 years old and her husband is 32 year old. They live about seventeen kilometers from Phnom Penh City. They have been married since 2002 and have two young children, one son and one daughter.  
Chantha and her husband are fish sellers. She is asking for her first loan in the mount of $500 to expand her business by purchasing additional fish for sale.
",1.0,0.0,To purchase additional fish for sale.,0,2011,10.983275462962965,,Food & Trade,1.0,Difficult to tell,Yes,No,No,Yes,Yes,No
332913,female,1,individual,Agriculture,300.0,15,61,MAXIMA Microfinance,2011-09-08T02:28:09Z,"Yat (in the photo), 53, is a widow with seven children. Four are married and live outside the family home, one is a garment worker, one has full-time employment, and another one is bicycle repairman. The family lives along National Road Number One, about 35 kilometers from Phnom Penh City. 

Yat is a rice farmer. She is asking for a loan of $300 to purchase seed, fertilizer and pesticide to maintain her rice farm. 
",1.0,0.0,"To purchase seed, fertilizer and pesticides to maintain her rice farm.",0,2011,0.3458680555555555,,Agriculture,1.0,Yes,Yes,No,No,Yes,Yes,Yes
277467,male,1,individual,Construction,525.0,15,98,AFODENIC,2011-03-20T19:47:19Z,"Juan is the father of two and he is married. His wife works as a secretary and he has been an accountant for many years. His goal has been the construction of a house that he has been building with his own savings. 

He is ready to complete the bathroom and to improve another room. He will purchase construction materials to being and all this is possible thanks to the loans granted through Afodenic (Kiva Field Partner). He has been able to progress more quickly, especially because everything has risen in price. He is ready to make loan payments in order to normalize the expense.
",0.0,1.0,To purchase construction materials.,0,2011,19.067523148148148,,Production & Construction,1.0,Yes,Yes,No,No,No,Yes,Yes
166920,male,1,individual,Retail,775.0,18,98,AFODENIC,2010-01-17T00:52:15Z,"

Felipe Santiago R. S., 47, is married and the father of two children.  His wife is a merchant.  Together, they work hard toward providing their children with the comforts required so that they can have a worthy and safe life.  To achieve this, since last year, he has asked for funding to bring about some improvements to his home's infrastructure.  They will continue with the second phase of their building project but the loan will be used to invest in raw materials for their business, which is a sawmill.  This will improve their living conditions and give them the satisfaction of knowing that, as parents, they are offering their children a better future hoping, in the long run, to provide them with a worthy home.<br /><p><strong>Translated from Spanish by Michael Bujazan, Kiva Volunteer</strong></p>",0.0,1.0,To buy raw materials.,0,2010,10.029155092592593,,Food & Trade,1.0,Yes,Yes,No,No,No,Yes,Yes
310280,female,1,individual,Services,800.0,17,167,PADECOMSM,2011-07-06T20:52:37Z,"
María sells hotdogs.  She lives with her husband and a 16-year-old daughter.  She sells every day near her house.  The business came about because she needed to support her family and help her husband cover household expenses.

Her goal currently is to buy a sewing machine to set up a tailor shop.  This is why she’s asking for this loan that will make it possible for her to acquire said machine and start a new business.

With this investment she will be able to increase income because it would be a new business to tend to which she hopes will help her and her family improve and one day be able to buy herself a house.
",1.0,0.0,to buy a sewing machine.,0,2011,12.09207175925926,,Services,1.0,Yes,No,No,No,No,Yes,Yes
244119,male,1,individual,Food,550.0,10,163,HOFOKAM,2010-11-01T09:29:06Z,"Saviour, 32 years old, is a married man living in a permanent house in Kyenjojo Uganda. He deals in a produce business selling rice, maize and beans at a margin. In his area, this is a common business for those who have capital because if the season is right, then yields are realized fast. Saviour says he would like to have another source of income and that in the future he hopes to have a rental house. He wants a loan to buy rice, maize and beans for reselling.",0.0,1.0,"To buy rice, maize and beans for reselling.",0,2010,1.061724537037037,,Food & Trade,1.0,Yes,Yes,No,No,Yes,Yes,Yes
295589,female,1,individual,Food,700.0,14,167,PADECOMSM,2011-05-12T06:30:42Z,"Blanca lives in Puerto el Triunfo, located in the department of Usulután. She is single and lives with her parents. She runs a store and sells drinks. She started the store 8 years ago, and she has been selling drinks for 3 years. <p>
She currently needs to purchase a freezer and goods such as cookies, snacks, drinks, and more. Purchasing this merchandise will help her increase her inventory and improve sales. <p>
Her goal is to expand her business and to be able to manage both businesses.

",1.0,0.0,"to purchase a freezer and goods like cookies, snacks, drinks, and more.",0,2011,6.986574074074074,,Food & Trade,1.0,Yes,Yes,No,No,Yes,Yes,Yes
327422,male,1,individual,Housing,375.0,13,98,AFODENIC,2011-08-25T16:53:01Z,"Don Carlos works as a taxi driver.  He is married and the father of three school-age children.  His wife works for a market that is owned by a private company.  
<p>	
His goal is to build his house.  He is currently in the process of building a room, a bathroom, and replacing the roof since it is in very bad shape.  All of these improvements have been made with loans from AFODENIC.  Carlos has received seven loans while working with the organization.  The loans have made it possible for him to equalize his expenses, feed his family, and pay for the education and clothing of his children.  
<p>
Carlos plans to buy materials such as sheets of zinc, crossbeams, screws, welding supplies, as well as pay for labor.  

",0.0,1.0,to pay for materials and labor in order to replace the roof of his house.,0,2011,3.4603819444444444,,Production & Construction,1.0,Yes,No,No,No,Yes,Yes,Yes
139816,male,1,individual,Services,700.0,14,100,CJSC Bank Imon International,2009-10-02T01:02:13Z,"H. Ravshan is 19 years old. He is a young craftsman. He has a small shop for repairing electronic devices like TVs, radios, CD recorders, tape recorders and others. He was taught this technical skill by his father. Being a good repairman, Ravshan is also able to suggest equipment of a better quality and more attractive price to his clients. His business is very stable and brings significant support for his family. Today Ravshan requests 3000 Somoni in order to purchase spare parts and a diagnostic device for repairing electronics. Ravshan thanks all lenders for their support and wants to ensure them that he will repay the loan with accuracy and on time.  

More about Tajikistan and IMON International

Tajikistan is known for its rich history, which includes a key post along the Silk Road and the end of Alexander the Great's rule. It has also produced great thinkers, philosophers, scientists and poets, including Rudaki, Avicenna, Ferdowsi, Omar Khayyam, Jomi, and Rumi. The country is home to communities that still speak the ancient Sogdian language, epic mountain passes, and a civilization that dates back to the 4th millennium BC. Even today, it is a complex mixture of the Islamic faith, Soviet culture, New West culture and Central Asian traditions.

But Tajikistan is also the poorest of the former Soviet republics. The civil war, which ignited soon after its independence from the U.S.S.R., further damaged the already weak economy. In addition, 93% of the country is mountainous and only 7% of the land is arable. These conditions have resulted in high levels of unemployment and have forced hundreds of thousands to seek work in other countries, mainly Russia. While the people of Tajikistan are working to improve its agricultural production and manufacturing sector, nearly two-thirds of the population still live in abject poverty.

IMON's History

Since December 2007, IMON International has worked closely with Kiva and Kiva lenders to ensure that poor and low income clients represent a viable business proposition. Funds raised through Kiva have already been distributed to thousands of IMON International's clients and will continue to provide thousands more with permanent access to the varied financial services they need. To learn more about IMON International's work, please visit: www.imon.tj





",0.0,1.0,To buy spare parts and a diagnostic device for repairing electronics,0,2009,0.2509259259259259,,Services,1.0,Yes,No,No,No,No,No,No
183841,male,1,individual,Transportation,1000.0,15,110,Emprender,2010-04-29T19:56:55Z,"Sr. Gerson lives in the town of La Guardia, which is 20km from the city of Santa Cruz.  He lives in a house through an “anticretico” arrangement (in which the property owner pawns the house to the occupant).  Gerson is married and has two young children.  He works in the transportation sector, but also has a second job in construction since his transport business is not stable.  His wife Sra. Magdalena looks after their children so that he can work in the early hours until late into the night to support their family.  

Gerson is a responsible, dynamic, and hardworking person who puts in tremendous effort to improve the quality of life for his family.  He will use this loan to repair and perform maintenance on his vehicle in order to offer better service to his clients.  He is grateful to Emprender and Kiva for their trust by providing this loan.

If you would like to learn more about the province of El Torno or La Guardia visit the website: http://www.ocasha-ccs.org/Proyecto/Eltorno.htm


 
						
						
						
						
						
						
						
						
						
						
						
						
						
						
<br /><p><strong>Translated from Spanish by Ronan Reodica, Kiva Volunteer</strong></p>",0.0,1.0,Vehicle repairs,0,2010,28.039375,,Services,1.0,Yes,Yes,No,No,Yes,Yes,Yes
330509,female,1,individual,Agriculture,275.0,8,163,HOFOKAM,2011-08-29T02:07:03Z,"Josephine is a 55-year-old widow with four children living in a semi permanent house in Fort Portal, Uganda. Her dream is to educate her children. She has been a farmer for 15 years, growing mainly maize and bananas for sale. Her main constraint has been high labor costs. Her desire is to buy land and practice mechanised farming. Josephine needs the loan to add to her savings so she can buy another piece of land for farming purposes.",1.0,0.0,to buy land for farming purposes.,0,2011,0.0742824074074074,,Agriculture,1.0,Yes,Yes,No,No,Yes,Yes,Yes
165033,female,1,individual,Housing,1025.0,26,98,AFODENIC,2009-12-28T03:35:01Z,"

Miriam Eduvina has been the principal at Enmanuel Mongalo y Rubio school for the past 16 years.  She lives in Zone 6 of Nueva Guinea with her family, which is composed of her husband and two children.  The children study at her school and her husband is a mechanic.  He helps her with family expenses.  Miriam Eduvina also teaches in the universities that are in the municipality in order to earn extra income that will allow her family to live better.  She is asking for her 8th financing from AFODENIC to be used to make home improvements and to finish building her kitchen; currently it's in a corner of the living room.  Miriam has always been a fighter, she is responsible, and likes to make progress in life and loves her job.  Since they got their house, both she and her husband, have made every effort to have a proper home for the family, one that has all the requisite characteristics that the family needs.  Their wish is that their daugthers study in order to become upstanding citizens, that they all have good health and work.<br /><p><strong>Translated from Spanish by Michael Bujazan, Kiva Volunteer</strong></p>",1.0,0.0,To finish building her kitchen.,0,2009,4.12130787037037,,Production & Construction,1.0,Yes,Yes,No,No,No,Yes,Yes
378370,male,1,individual,Food,800.0,14,167,PADECOMSM,2012-02-04T14:16:36Z,"José is applying for a loan again, with the objective of increasing his sales. Because it is the season when more is sold, he wishes to offer his customers a variety of drinks, including liquor of all kinds and quality. That way, he will be able to offer his customers variety. 

The previous loan helped him, because he established his business.  Sales were better and his earnings improved, so he has helped his family with the household expenses. ",0.0,1.0,To buy liquor of all kinds and quality.,0,2012,29.004525462962963,30.0,Food & Trade,1.0,Yes,Yes,No,No,Yes,Yes,Yes
140105,female,1,individual,Food,750.0,12,98,AFODENIC,2009-10-08T14:21:50Z,"Janett D. is 44 years old. She is a determined woman and works hard to achieve economic stability in her life. She gets up early to work in a kiosk that she has at a highschool where she sells various products to the students, such as: fruit drinks, ice cream, enchiladas, sweets, soft drinks, and other foods that she makes to sell every day. She has been selling at the kiosk for four years and hopes to continue there because sales are good. With this loan she will increase her stock to offer more products and increase her sales. She has been with Afodenic for eight loan cycles and has been able to achieve having a solid business. Her plans are to finish making a few changes to her house and to expand her place of business. She gives thanks to the institution for making her increased sales possible.<br /><p><strong>Translated from Spanish by Jennifer Day, Kiva Volunteer</strong></p>",1.0,0.0,"To buy meat, vegetables, and sweets to increase her sales at her kiosk",0,2009,7.306064814814815,,Food & Trade,1.0,Yes,Yes,No,No,No,Yes,Yes
203052,male,1,individual,Food,2700.0,14,100,CJSC Bank Imon International,2010-06-29T20:55:15Z,"Toir is a 54 year old, married father of 5 children. Toir owns a grocery store and provides for his family with the revenue generated by the grocery store. He is requesting a loan of $2700 US Dollars to increase his stock. Toir is ready to work even harder, make sacrifices and push every once and awhile to achieve his goal and become a successful entrepreneur. One of his dreams is that his children will progress by means of their studies.  He believes his perseverance and clear vision will become key success factors in his small business.     

More about Tajikistan and IMON International

Tajikistan is known for its rich history, which includes a key post along the Silk Road and the end of Alexander the Great's rule. It has also produced great thinkers, philosophers, scientists and poets, including Rudaki, Avicenna, Ferdowsi, Omar Khayyam, Jomi, and Rumi. The country is home to communities that still speak the ancient Sogdian language, epic mountain passes, and a civilization that dates back to the 4th millennium BC. And, even today, it is a complex mixture of the Islamic faith, Soviet culture, New West culture and Central Asian traditions.

But Tajikistan is also the poorest of the former Soviet republics. The civil war, which ignited soon after its independence from the U.S.S.R., further damaged the already weak economy. In addition, 93% of the country is mountainous and only 7% of the land is arable. These conditions have resulted in high levels of unemployment and have forced hundreds of thousands to seek work in other countries, mainly Russia. While the people of Tajikistan are working to improve its agricultural production and manufacturing sector, nearly two-thirds of the population still live in abject poverty.

IMON's History

Since December 2007, IMON International has worked closely with Kiva and Kiva lenders to ensure that poor and low income clients represent a viable business proposition. Funds raised through Kiva have already been distributed to thousands of IMON International's clients and will continue to provide thousands more with permanent access to the varied financial services they need. To learn more about IMON International's work, please visit: www.imon.tj
",0.0,1.0,Purchasing foodstuffs to increase the range of goods for sale,0,2010,28.079722222222223,,Food & Trade,1.0,Yes,No,No,Yes,Yes,Yes,No
345090,female,1,individual,Food,425.0,8,187,MicroStart,2011-10-14T18:00:51Z,"Mrs. BIBATA is married and the mother of one child, who is five years old and do not go to school. She has four persons to support.

For two years, she's been selling cereals. She gets her supplies in Léo. Her customers are women, men, and resellers. She wants to buy 15 sacks of corn.

Mrs. BIBATA wants to expand her business with her savings and ambitions to improve it. She also wants to bolster her secondary business, which consists in selling dried fish to various services, where she gets payed at the end of each month.

Finally, she wants to help her husband in building their house.",1.0,0.0,to buy 15 sacks of corn,0,2011,0.0,,Food & Trade,1.0,No,Yes,No,No,Yes,Yes,Yes
405099,female,1,individual,Retail,425.0,6,163,HOFOKAM,2012-03-21T00:45:37Z,"Sarah is 24 years old and married with one child living in Hoima, Uganda. She owns a retail shop, which she has been running for three years. She faces the challenge of customers not paying on time. Her family goal is to educate her children and her business goal is to expand to new markets. She intends to use the loan to buy sugar, soap and salt to sell.",1.0,0.0,"to buy sugar, soap and salt to sell.",0,2012,0.1357523148148148,30.0,Food & Trade,1.0,Yes,Yes,No,No,No,Yes,Yes
129058,female,1,individual,Personal Use,700.0,6,119,Asociación Arariwa,2009-09-10T02:03:26Z,"This member's name is Gilda and she lives in the Kennedy neighborhood of the Huanchac district of Cusco which is located 15 minutes from the city's main plaza. 

Gilda is 51 years old, is single, does not have children, and works at the National Cultural Institute. She is requesting a loan for personal use. She needs capital to invest in a small business that she has been thinking about starting for a long time now. She is not specifying what her business is yet, because due to her personal beliefs she would like to keep it a secret until her dream is realized. 

Gilda is happy and appreciates the loan being made to her in this way and she is committed to paying back the total of her debt. 
<br /><p><strong>Translated from Spanish by Sarah Shimmin, Kiva Volunteer</strong></p>",1.0,0.0,Working capital,0,2009,8.293854166666666,,Food & Trade,1.0,No,Yes,No,No,Yes,Yes,No
99539,male,1,individual,Agriculture,675.0,14,100,CJSC Bank Imon International,2009-04-08T18:04:01Z,"U. Dada is a very hard-working and enterprising man who works long hours cultivating his farmland. It is to this farm that he owes his daily bread, so he tries to take care of it as best he can. Dada is one of the most dedicated farmers we have ever known, and every morning the people of his town see him walking to his work. He is one of the most respected people in the area and is known for the example he sets for his children and the rest of the town. The courage and devotion he puts into his job as a farmer is what stands out in this man. Nonetheless, he has difficulties and financial problems that are bringing him irregularities and losses. For this reason Dada is requesting your help with a loan to increase his production by buying additional seeds and fertilizer.    

More about Tajikistan and IMON International

Tajikistan is perhaps best known for its rich history, which includes being a key post along the Silk Road; the end of Alexander the Great's rule; and with its famous great thinkers, philosophers, scientists and poets, including Rudaki, Ibn Sina (Avicenna), Firdousi, Omar Haiyam, Jomi, Mavlavi Rumi and many others. The country is home to communities that still speak the ancient Sogdian language, epic mountain passes and a civilization that dates back to the 4th millennium BC.  And, even today, it is a complex mixture of the Islamic faith, Soviet culture, New West culture and Central Asian traditions. 

But Tajikistan is also the poorest of the former Soviet republics.  The civil war, which began soon after its independence from the U.S.S.R., further damaged the already weak economy.  In addition, 93% of the country is mountainous and only 7% of the land is arable.  These conditions have resulted in high levels of unemployment and have forced hundreds of thousands to seek work in other countries, mainly Russia.  While the people of Tajikistan are working to improve its agricultural production and manufacturing sector, nearly two-thirds of the population still live in abject poverty. 

IMON's History
Since December 2007, IMON International has worked closely with Kiva and Kiva lenders to ensure that poor and low income clients have a viable business proposition. Funds raised through Kiva have already been distributed to thousands of IMON International's clients and will continue to provide thousands more with permanent access to the varied financial services they need. To learn more about IMON International's work, please visit: www.imon.tj

",0.0,1.0,To buy seeds and fertilizer,0,2009,4.863796296296297,,Agriculture,1.0,Yes,No,No,Yes,Yes,Yes,Yes
183640,female,1,individual,Food,725.0,8,119,Asociación Arariwa,2010-03-11T16:19:34Z,"Erica is part of the Arariwa Association Communal Bank 'Working Together'. She is from Quillabamba, 30 years old, and lives with her partner. Erica has two children: Ruth who is 7 and Junior, 4 years old. Erica is a hard working, enterprising mother who helps her family get ahead, thinking of them as she started her own business selling vegetables.

Erica tells us that she takes her vegetables from the city of Cusco to other cities, for example the city of Puerto Maldonado, Quillabamba, and the mining zone of Puerto Maldonado. This community bank member travels on Sunday at night to the mining camp of Puerto Maldonado in order to be there on Monday, Tuesday, and Wednesday, in the market near the camp where she sells her products. On Thursday she takes her produce to sell in the city of Puerto Maldonado. 

Erica, on returning to the city of Cusco from Puerto Maldonado, does not return with empty hands. She brings products like butter beans, black beans, lentils, and soy beans and sells them in the cities of Cusco and Quillabamba. Her husband is in charge of driving the truck where they carry their products, such as carrots, onions, potatoes, etc. Erica needs a loan to buy more supplies such as butter beans, black beans, and lentils.

This member is grateful for the opportunity provided by this means and so has committed to comply with the payments on time.<br /><p><strong>Translated from Spanish by Daniel Burke, Kiva Volunteer</strong></p>",1.0,0.0,"Erica requests the loan to buy supplies such as butter beans, black beans and lentils.",0,2010,1.0969097222222222,,Food & Trade,1.0,Yes,Yes,No,No,Yes,Yes,Yes
283882,female,1,individual,Agriculture,725.0,7,119,Asociación Arariwa,2011-03-22T21:28:43Z,"Brigida is 42 years old, and she was born in the community of Yanahuara, in the province of Urubamba in the department of Cusco, Peru. Brigida is married with three children, and she currently lives in the community where she was born. She raises small livestock animals, such as sheep, pigs, chickens, and guinea pigs, for a living. Brigida hopes to use this loan to buy animals, particularly guinea pigs (a traditional food source in the Peruvian Andes).
      
Brigida belongs to the ""Villa Marcelo Virgen del Carmen"" community bank, part of the Cusco Arariwa Association, and she is very pleased with the services offered by the association.
",1.0,0.0,to buy animals such as guinea pigs.,0,2011,0.1101736111111111,,Agriculture,1.0,Yes,Yes,No,No,Yes,Yes,Yes
155966,female,1,individual,Housing,350.0,12,98,AFODENIC,2009-11-24T07:04:51Z,"Juana Mercedes A. P. is 59 years old and lives in the La Borgoña neighborhood of Managua. She is a single mother of three girls, all now grown and living independently. She also is raising a 14-year-old granddaughter who helps with the housework after school. 
<p>
For 15 years Juana has worked as a domestic in a private home in the hills of Santo Domingo. The biggest difficulty has been that her income does not allow her to purchase, at one time, the construction materials she needs to improve her house. 
<p>
With this, her first loan, she will buy sand and cement to plaster the walls and put tiles on the floor, which is now dirt. If there is enough money, she will also buy metal roofing. She would like to enjoy a proper home with her family, and has worked hard to achieve it.
<p>
She thanks the lending institution for allowing many low-income families to achieve their goals through loans. 
<br /><p><strong>Translated from Spanish by jeffrey hersk, Kiva Volunteer</strong></p>",1.0,0.0,"Buy sand, cement, and metal roofing to complete her house",0,2009,0.5726273148148148,,Production & Construction,1.0,Yes,Yes,No,No,No,Yes,Yes
261707,male,1,individual,Construction,700.0,12,110,Emprender,2010-12-28T22:57:59Z,"Mr. German lives in the El Torno area. He is a carpenter and has done this work for 13 years. He was born in the Chuquisaca department but came to the Santa Cruz department 30 years ago. His wife (with whom he has four children, two of whom are under their care and two of whom are independent) works selling food. This loan will be used to buy wood. He is grateful to the institution for the economic support that they have always given him.",0.0,1.0,the purchase of wood,0,2010,0.0,,Production & Construction,1.0,Yes,Yes,No,No,Yes,Yes,Yes
299811,female,1,individual,Retail,1000.0,13,110,Emprender,2011-06-02T11:26:13Z,"Karina was born in Perú, but has lived in Bolivia since she was 14. She lives with her mother in Miraflores, just 15 mins. outside of La Paz.  For the past few years, Karina has run a shop selling sweets, chocolates, sandwiches and hamburgers from a kiosk inside a school compound. She has an ample clientele, and is the only shop selling snacks to students in the school. Karina seeks credit to buy more inventory of snacks, sweets and soft drinks.  She is a very hardworking woman and is very grateful for the support she has received. 	",1.0,0.0,to buy inventory of sweets and snacks such as cookies and chocolate,0,2011,12.087627314814815,,Food & Trade,1.0,Yes,Yes,No,No,No,Yes,Yes
472592,female,1,individual,Agriculture,200.0,6,119,Asociación Arariwa,2012-09-21T19:17:27Z,"This member continues to manage her business of buying and selling alfalfa and corn.  These crops are used as animal feed for guinea pigs and rabbits.  She works from 8:00 A.M. to 6:00 P.M.  Through this business, she is able to help her children move forward so that they can become professionals.  Her dream is to have a shop where she can sell corn and alfalfa.
<p>
The member is requesting a loan so that she can buy corn and alfalfa in bulk.  She is pleased with the loan and promises to complete her payments.  


",1.0,0.0,to buy corn and alfalfa in bulk to sell as animal feed.,0,2012,0.0259837962962962,30.0,Agriculture,1.0,Yes,Yes,No,No,Yes,Yes,Yes
188061,female,1,individual,Agriculture,1200.0,6,119,Asociación Arariwa,2010-03-26T03:08:14Z,"Delfina belongs to the Reyna de los Ángeles Communal Bank.  She is a native of Urubamba.  She is 48 years old, and she has an 11 year old daughter named Rocio.  She is a responsible mother who is every minute looking for opportunities to get ahead.  Through her daily effort she looks to give her daughter a better future.

Delfina sells alcoholic beverages such as beer and “chicha” (“chicha de jora” is an ancestral drink in Perú and América.  The main ingredient is yellow or fermented corn).  She only makes chicha on Thursdays, Fridays, and Sundays to sell in her restaurant.

She also farms and grows corn and zucchini.  She tells us very sadly that due to the strong rains that fell in the city of Urubamba the corn was lost, and she was left with unrecoverable losses.  But, in spite of the adversities, she continues working to get her family ahead.

She needs the loan to buy fertilizer, seeds, and yellow corn.  She wishes to open a store where she could sell blankets and mattresses.

She is grateful for the opportunity of the loan, and she promises to pay it on time.
<br /><p><strong>Translated from Spanish by Ginny Kalish, Kiva Volunteer</strong></p>",1.0,0.0,"Buy fertilizer, seeds, and yellow corn",0,2010,1.2626157407407408,,Agriculture,1.0,Yes,Yes,No,No,Yes,Yes,Yes
298518,male,1,individual,Clothing,1150.0,8,148,Association for Rural Development (ARD),2011-05-21T00:27:49Z,"This is 40-year-old Alhaji. He is married and has 2 children. In the year 2002, Alhaji established his clothing business. He raised his initial business capital from the sales-assistant work he was doing. Working seven days a week and 11 hours a day, he earns about 2,000,000 Sierra Leone leones (Le) from this business every month. 

He would like a loan in the amount of Le 5,000,000. Alhaji requires a loan in order to buy more bales of wax cotton. He hopes that this loan will enable him to increase his monthly profits by approximately Le 4,000,000. In the future, Alhaji plans to open a retail outlet in another strategic location. He thanks you for your support.
",0.0,1.0,to buy bales of wax cotton for his business.,0,2011,5.942905092592593,,Food & Trade,1.0,Yes,Yes,No,No,Yes,Yes,Yes
432407,female,1,individual,Retail,425.0,10,163,HOFOKAM,2012-06-10T19:33:15Z,"Constance is a 33-year-old single mother of three children living in Bundibugyo, Uganda.
She has a retail shop that she has operated for twelve years. Constance acquired the initial capital to buy the retail shop through photography, her first business venture.
The main hardship Constance faces is price fluctuation. Despite hardships, her personal goal is to build a permanent house. Her goals for her business are to diversify and buy land on which to grow crops. The purpose of this loan is to buy general merchandise, such as soap and salt, to sell in her retail shop.
",1.0,0.0,"to buy general merchandise, such as soap and salt, to sell.",0,2012,5.863344907407408,30.0,Food & Trade,1.0,Yes,Yes,No,No,Yes,Yes,Yes
336920,female,1,individual,Food,600.0,6,119,Asociación Arariwa,2011-09-21T20:14:39Z,"Amandina was born in the province of Calca. She is currently 45 years old, married and has three children.

Amandina lives and works in the same city where she was born. She is a teacher and works at a private school in the city of Calca. She has been teaching primary education at this school for 16 years and it is going very well. She also has a shop in the Calca market.

At this time, Amandina needs a loan to buy cow and pig meat.

The ""Millennium III"" communal bank meets every 30 days in the city of Calca, which is in the department of Cusco (Peru). Cusco is known as a tourist and commercial zone. It is also known for its traditional festival of Inti Raymi and as the home of Machu Picchu, one of the seven wonders of the world.",1.0,0.0,to buy cow and pig meat,0,2011,1.1351273148148149,,Food & Trade,1.0,Yes,Yes,No,No,No,Yes,Yes
414984,male,1,individual,Education,400.0,14,163,HOFOKAM,2012-04-19T23:03:22Z,"Joseph is a forty three year old married man with two children living in Kasese, Uganda. He has been teaching for twelve years. His personal goal is educating children, business goal is to start up a business. Joseph wants money to pay school fees for the children.",0.0,1.0,to pay school fees,0,2012,0.148136574074074,30.0,Services,1.0,No,No,No,Yes,Yes,No,No
256201,male,1,individual,Transportation,400.0,9,163,HOFOKAM,2010-12-22T18:43:58Z,"Andrew is a 30-year-old man, married to a teacher with four children, living in Fort Portal, Uganda, with a dream of educating his children. He is into motorcycle transport and has been in the sector for six years. He is still reaping tangible results and has an ambition to have at least three motorcycles. Andrew needs the credit to buy a motorcycle.",0.0,1.0,To purchase a motorcycle,0,2010,12.704027777777778,,Services,1.0,Yes,Yes,No,No,Yes,Yes,Yes
383096,female,1,individual,Housing,675.0,12,98,AFODENIC,2012-01-24T17:31:50Z,"Martha continues working as a cashier and making income from a room which she rents out.  This helps her to cover her expenses.  Over the years, her goal has been to improve her house and she has been managing this through loans.

Martha would currently like to build higher walls in her home as the council repaired the roads and raised the ground at the same time which meant that the streets became higher and her home was left lower than the level of the road.  She would like to make this improvement before the winter comes and she gets flooded.  She would like her front walls to be level with the street.  In order to achieve this, she will buy building supplies ( stone, sand, cement and iron) and start the work.  This will provide her family with security.",1.0,0.0,to buy building supplies so that she can start building concrete walls at the front of her home,0,2012,1.2372800925925926,,Production & Construction,1.0,Yes,Yes,No,No,No,Yes,Yes
402442,male,1,individual,Agriculture,425.0,8,100,CJSC Bank Imon International,2012-03-16T14:00:25Z,"Nasriddin is married and has one child. He rents out the land where he sows onions which has been his business for more than thirteen years. His wife helps him in the sowing of the seeds and processing of the land. Nasriddin wants to take out the loan in the amount of 2,000 somoni to buy mineral fertilizer and pesticides. He hopes for your help and kindness.
",0.0,1.0,to buy mineral fertilizers an pesticides.,0,2012,0.8822337962962963,30.0,Agriculture,1.0,Yes,Yes,No,No,Yes,Yes,Yes
403015,male,1,individual,Agriculture,750.0,8,100,CJSC Bank Imon International,2012-03-17T01:55:22Z,"Ahmad is a kind and honest man. He is married and is raising three underage children. His wife is a homemaker. Ahmad has been cultivating and selling agricultural crops for more than four years. He has a rich experience. His wife and children help him in the business. Ahmad is asking for a loan in the amount of 3,500 somoni to buy seeds and mineral fertilizer. He hopes for your help and kindness.
",0.0,1.0,to buy seeds and mineral fertilizer.,0,2012,1.0661689814814814,30.0,Agriculture,1.0,Yes,Yes,No,No,Yes,Yes,Yes
411738,female,1,individual,Food,300.0,10,167,PADECOMSM,2012-04-21T16:48:07Z,"Gloria wants to buy for and stock her fruit and vegetable business by getting an order that would include potatoes, onions, chayote, apples, grapes, and strawberries.  This will help her so that her customers will be able to find what they need.

Her first loan had positive results, as she made the necessary investment and managed her funds well.  More than anything, it helped her family in a more consistent way with their urgent needs.


",1.0,0.0,"to buy potatoes, onions, chayote, apples, grapes, and strawberries",0,2012,5.032731481481481,30.0,Food & Trade,1.0,Yes,Yes,No,No,Yes,Yes,Yes
193901,female,1,individual,Personal Use,400.0,6,119,Asociación Arariwa,2010-04-19T22:23:12Z,"Iris is a young, hardworking and enterprising woman that looks for opportunities in each moment to get ahead and with her daily efforts, support her family.
<p>
Iris is 30 years old, has a live-in partner and is a teacher.  Her main economic activity is teaching at the national school “Fortunato Herrera” in the city of Cusco.  The educational institution is hiring her for one year.  She has already been in the profession for several years and it has gone well for her, thanks to the effort that she puts into her work every day.  She is requesting the loan to save and later buy a laptop computer.
<p>
Iris belongs to the “Los Diamantes” communal bank of the Asociación Arariwa.  She is a new member and shows that she is happy and satisfied with the loan, savings, and training services that the Association provides.
<p>
Iris is grateful for the opportunity provided through these means and similarly, she promises to make her loan repayments according to schedule.<br /><p><strong>Translated from Spanish by Kathleen O&#039;Connell, Kiva Volunteer</strong></p>",1.0,0.0,To purchase a laptop computer,0,2010,0.0855324074074074,,Food & Trade,1.0,Yes,Yes,No,No,No,Yes,Yes
172763,male,1,individual,Agriculture,1500.0,14,100,CJSC Bank Imon International,2010-01-30T00:07:50Z,"Since he was a boy, Azimjon has loved animals. He has learned to raise them well so that he can market them. Azimjon is married and has three children to provide for. To support his family, he has to invest in his livestock business and, consequently, he's approached IMON International to apply for a loan that will allow him to purchase young cattle and feed for them and, in turn, increase his income from the milk, meat, horn, etc. that cattle provide.  

More about Tajikistan and IMON International:

Tajikistan is known for its rich history, which includes a key post along the Silk Road and the end of Alexander the Great's rule. It has also produced great thinkers, philosophers, scientists and poets, including Rudaki, Avicenna, Ferdowsi, Omar Khayyam, Jomi, and Rumi. The country is home to communities that still speak the ancient Sogdian language, epic mountain passes, and a civilization that dates back to the 4th millennium BC. And, even today, it is a complex mixture of the Islamic faith, Soviet culture, New Western culture and Central Asian traditions.

But Tajikistan is also the poorest of the former Soviet republics. The civil war, which ignited soon after its independence from the U.S.S.R., further damaged the already weak economy. In addition, 93% of the country is mountainous and only 7% of the land is arable. These conditions have resulted in high levels of unemployment and have forced hundreds of thousands to seek work in other countries, mainly Russia. While the people of Tajikistan are working to improve its agricultural production and manufacturing sector, nearly two-thirds of the population still live in abject poverty.

IMON's History:

Since December 2007, IMON International has worked closely with Kiva and Kiva lenders to ensure that poor and low income clients represent a viable business proposition. Funds raised through Kiva have already been distributed to thousands of IMON International's clients and will continue to provide thousands more with permanent access to the varied financial services they need. To learn more about IMON International's work, please visit: www.imon.tj

",0.0,1.0,To purchasing cattle to expand the business.,0,2010,0.2206597222222222,,Agriculture,1.0,Yes,No,No,Yes,No,Yes,No
281344,female,1,individual,Arts,700.0,6,119,Asociación Arariwa,2011-03-21T19:48:25Z,"The member belongs to the communal bank ""Amauta"" located in the district and province of Urubamba, department of Cusco. 

The member is Maritza, 50 years of age, married with three children (33, 30 and 14). She is retired and dedicates her time to making sweaters. She knits beautiful wool sweaters for women, men and children and also sells clothing for adults and children. The member wishes to take advantage of the loan being offered to buy clothing and also invest part of the money in the purchase of skeins of wool yarn, thread, needles and buttons. The member seeks the loan to invest in her business. 

The member is happy with the loan that has been granted and promises to make her payments within the established time frame. 

",1.0,0.0,to buy wool,0,2011,0.0,,Production & Construction,1.0,Yes,Yes,No,No,No,Yes,Yes
223558,female,1,individual,Retail,1275.0,12,100,CJSC Bank Imon International,2010-08-19T19:45:00Z,"M. Mashhura is 42 years old. She is married and the loving mother of 4 children. She is a hard-working woman struggling to feed her children by selling the national fabrics for the national dresses. Mashhura, together with her daughter (pictured), has the trading place in the central local market of Kanibadam town. 

She is trying to have a wide range of goods to meet the requirements of her customers and to satisfy the needs of the clients with different levels of income. Mashhura, being a devoted mother, is doing her best to give her children a good education and to make them happy. Today Mashhura feels that with more working capital her business could generate more income, so she is asking for a loan of 5500 Tajikistani Somoni to jumpstart the business and raise the family's standard of living. 

More about Tajikistan and IMON International

Tajikistan is known for its rich history, which includes a key post along the Silk Road and the end of Alexander the Great's rule. It has also produced great thinkers, philosophers, scientists and poets, including Rudaki, Avicenna, Ferdowsi, Omar Khayyam, Jomi, and Rumi. The country is home to communities that still speak the ancient Sogdian language, epic mountain passes, and a civilization that dates back to the 4th millennium BC. And, even today, it is a complex mixture of the Islamic faith, Soviet culture, New West culture and Central Asian traditions.

But Tajikistan is also the poorest of the former Soviet republics. The civil war, which ignited soon after its independence from the U.S.S.R., further damaged the already weak economy. In addition, 93% of the country is mountainous and only 7% of the land is arable. These conditions have resulted in high levels of unemployment and have forced hundreds of thousands to seek work in other countries, mainly Russia. While the people of Tajikistan are working to improve its agricultural production and manufacturing sector, nearly two-thirds of the population still live in abject poverty.

IMON's History

Since December 2007, IMON International has worked closely with Kiva and Kiva lenders to ensure that poor and low income clients represent a viable business proposition. Funds raised through Kiva have already been distributed to thousands of IMON International's clients and will continue to provide thousands more with permanent access to the varied financial services they need. To learn more about IMON International's work, please visit: www.imon.tj
",1.0,0.0,Purchasing new fabrics to expand store inventory,0,2010,0.0,,Food & Trade,1.0,Yes,Yes,No,Yes,Yes,Yes,Yes
399232,male,1,individual,Transportation,425.0,10,163,HOFOKAM,2012-03-19T00:24:07Z,"Patrick is a hardworking man and a married father of six children. He runs a motorcycle transport business, which he has been doing for three years. He faces the challenge of high price fluctuations, especially fuel prices. His family goal is to educate his children and his personal goal is to expand to new markets. He intends to use the loan to buy another motorcycle.",0.0,1.0,to buy a motorcycle.,0,2012,11.308402777777776,30.04167824074074,Services,1.0,Yes,Yes,No,No,Yes,Yes,Yes
247894,female,1,individual,Construction,700.0,20,98,AFODENIC,2010-12-20T09:39:34Z,"Dionisia, 33, and her husband, Sr. Noel Miranda, have two school-aged children.  Dionisia has worked as an assistant budget analyst for the town government of Juigalpa for 8 years. 

Dionisia is applying for this loan to add a room to her house, a project that will greatly contribute to her family's comfort.  She can count on support from her husband who is picking up responsbility for other household expenses.

Dionisia says that she will apply for other loans in the future so that she can continue to improve the house because she wants her daughters to have the best possible living arrangements.",1.0,0.0,Add room to house.,0,2010,19.068981481481483,,Production & Construction,1.0,No,Yes,No,No,No,Yes,No
246648,female,1,individual,Retail,550.0,6,119,Asociación Arariwa,2010-11-12T17:43:02Z,"Sra. Yolanda is a member of the Communal Bank “Mercamueble”, which is located in the district, province, and department of Cusco.
<p>
She is 29 years old and single.  Yolanda divides her time between her daily activities and her business of selling furniture.  She sells furniture such as chairs, beds, and wardrobes at the city fair of Cusco in a place called San Sebastian.  Yolanda works from 9am to 7pm.  She wants to expand her business, so she is requesting a loan to buy furniture in bulk.
<p>
Yolanda is grateful to those who have helped fulfill her dream and promises to complete her payments by the established deadline.",1.0,0.0,Purchase furniture in bulk,0,2010,0.0506134259259259,,Food & Trade,1.0,Yes,Yes,No,No,Yes,Yes,Yes
323458,female,1,individual,Transportation,300.0,6,119,Asociación Arariwa,2011-08-15T13:38:22Z,"This member belongs to the “MANOS JUNTAS” ´Hands Together`community bank. The bank is located in the district of Cuzco, which belongs to the province and department of Cuzco.

Her name is Isabel. She is 37 years old, married and has 3 children. She alternates her daily activities with the transportation business. Her husband works with his car, offering taxi service on different streets in Cuzco. Isabel is a housewife who cooks for her children and husband. She wants to improve the taxi service. She is asking for the loan for car maintenance and to buy replacement parts.

Isabel is happy with the loan and committed to making her payments on time.
",1.0,0.0,to do maintenance on her car and buy replacement parts.,0,2011,8.304155092592593,,Services,1.0,Difficult to tell,Yes,No,No,Yes,Yes,Yes
455359,female,1,individual,Food,1000.0,6,119,Asociación Arariwa,2012-08-03T21:06:57Z,"The lending club member has a restaurant where she makes breakfasts, lunches and dinners. She makes chicken and rice, soups and roasted chicken, working from 8:00am until 6:00pm. She sometimes only makes lunches and dinners because the products are expensive and she can't buy enough. Her dream is to increase the size of her restaurant. She asks for a loan to buy chicken, vegetables and meat.

She is happy about the loan and promises to make her payments according to schedule.",1.0,0.0,"to buy chicken, vegetables and meat.",0,2012,2.70619212962963,30.0,Food & Trade,1.0,Yes,Yes,No,No,No,Yes,Yes
140135,female,15,group,Retail,3575.0,5,119,Asociación Arariwa,2009-10-05T10:56:41Z,"The members of the community bank ""Patron de San Jeronimo II"" are located in the city of Cusco, having their meeting headquarters in the Huanchac district.

Our members alternate their various activities between different business and services. Among the members there are taxi drivers, mechanics, members that have grocery stores, a bookstore, a teacher, and members who sell  beauty products, wood, anticuchos (grilled meats) and another member who sells candy. Our members are requesting the loan to reinvest in their different businesses and in this way see greater earnings in a smaller amount of time.

Our members are thankful and value the loan granted in this manner and at the same time promise to make their repayments on time.


<br /><p><strong>Translated from Spanish by Kate Divjak, Kiva Volunteer</strong></p>",11.0,4.0,Working capital,0,2009,4.163761574074074,,Food & Trade,0.9333333333333332,Yes,Yes,No,No,No,Yes,Yes
334574,male,1,individual,Services,1200.0,32,167,PADECOMSM,2011-10-17T07:52:07Z,"Manuel lives with his wife and two children aged 7 and 3.  He has a metalworking workshop, where he works from 5 a.m. till 6 p.m.  He has been doing this for the last 6 years, and he also provides a corn milling service.

He is requesting a new loan for the purchase of spare parts for his grinder, and he will invest a small part of the loan in manure as he is growing corn and wants to improve his plantation.  This loan will be useful to him in making repairs to the grinder, and providing a better service for his customers.

Manuel's aspirations are to continue with his workshop and grinder, so that his income grows for the upkeep of his family and his children's education.",0.0,1.0,to buy spare parts for his corn grinder.,0,2011,16.036018518518517,,Services,1.0,Yes,Yes,No,No,No,Yes,Yes
385165,female,1,individual,Personal Use,1000.0,14,61,MAXIMA Microfinance,2012-02-19T16:52:29Z,"Sokkhoeun and her husband, Ley, are vegetable farmers. They have five children- four sons and one daughter. Two are married, one is a modern musician, one attends school and another one stays at home. The family is living in a village about 17 kilometers from Phnom Penh City.

Sokkhoeun is applying for a loan in the amount of 1,000 USD to buy a motorcycle for her son for commuting. He is a modern musician and plays music for a restaurant in Phnom Penh every evening. 
",1.0,0.0,to buy a motorcycle for her son for commuting,0,2012,18.015520833333333,30.0,Food & Trade,1.0,Yes,Yes,No,No,Yes,Yes,No
234066,female,1,individual,Food,1200.0,12,110,Emprender,2010-09-24T03:11:32Z,"Sra. Sonia is a long-time Emprender client.  She has remained a widow for two years and has a child of school age.  She sells several products in her well-stocked store.  She is a very hard worker, since when she was very young she took over the store.  Her mother and brother live with her to share some of the family expenses.  This last season, she also sold food at night in a rented tent in the same neighborhood.  She will use the loan to invest in the purchase of furniture and a refrigerator for the store, as well as food stuffs for meal preparation.  Sonia is a very hardworking and responsible person, why is why she is seeking this loan with preferential rates through Kiva.		<br /><p><strong>Translated from Spanish by Angela Yeh, Kiva Volunteer</strong></p>",1.0,0.0,To buy a refrigerator and groceries,0,2010,0.1745833333333333,,Food & Trade,1.0,Yes,Yes,No,No,No,Yes,Yes
221916,female,1,individual,Food,1000.0,6,119,Asociación Arariwa,2010-08-15T16:46:17Z,"Fortunata, 59, lives in the city of Cusco with her husband and four children.  Fortunata opened a small store in her home where she sells foodstuffs like: rice, sugar, pasta and many other items.  She has been in this business for 30 years and does quite well thanks to the efforts she puts into her work.  She can be found tending to her store seven days a week from 5am until 10pm or until her bread supply runs out.

Fortunata expects to receive $1000 USD in her next loan.  She currently has sufficient stock for her stand but would like to use the funds to buy more food items like sacks of sugar and sacks of rice and many other items with which to stock her store.

The “Las Leonas D. San Jerónimo” (San Jerónimo Lionesses) communal bank has been in operation for 10 cycles; Fortunata has been participating for several years and does quite well.
<br /><p><strong>Translated from Spanish by Michael Bujazan, Kiva Volunteer</strong></p>",1.0,0.0,To buy more foodstuffs like: sacks of sugar and sacks of rice.,0,2010,3.427962962962963,,Food & Trade,1.0,Yes,Yes,No,No,No,Yes,Yes
80695,female,1,individual,Housing,275.0,12,98,AFODENIC,2009-01-05T17:00:28Z,"Diana is 42 and lives in the district of Laurales Norte.  She is married and has two children, 4 and 16.  Her plan is to work on the part of her house that needs repairs, and then to partially improve her house.  Diana has worked as a caretaker for a transportation company for seven years.  Her job involves cleaning, shopping, and serving coffee, among other tasks, and after work she has to go home, a routine she is tired of.  She does not earn much, so her goal is to find a new job that pays more so she can provide for her children’s future.  Thanks to the loans from AFODENIC, she will be able to buy construction materials such as cement, iron, blocks, and bricks, so she can offer her family security and protection, and above all, a decent home.

<br /><p><strong>Translated from Spanish by Jill Heske, Kiva Volunteer</strong></p>",1.0,0.0,To buy construction materials to repair her home,0,2009,4.37462962962963,,Production & Construction,1.0,Yes,Yes,No,No,No,Yes,Yes
367396,female,1,individual,Food,500.0,14,167,PADECOMSM,2011-12-29T16:04:33Z,"Adela wants to continue to invest in her businesses and this is why she’s once again requesting a loan to continue growing in her fish selling business and in the workshop.  She will buy fresh fish, dried fish as well as iron and other metals for the shop.

The loans have had a positive effect on her businesses working in a responsible way to continue receiving the service.  To date, sales have improved and she has a new experience with these loans.
",1.0,0.0,"to buy fresh fish, dried fish and iron.",0,2011,24.12115740740741,,Food & Trade,1.0,Yes,Yes,No,No,No,Yes,Yes
355271,female,1,individual,Retail,700.0,14,100,CJSC Bank Imon International,2011-11-27T19:30:23Z,"Gulsara is a smart and hardworking woman.  She is married and is a loving mother of two children.  She is involved in buying and selling fabrics, women's dresses, men's shirts, bedding, soap, detergent, etc.  She opened her own business one year ago and now wants to expand it and increase her revolving capital.  Gulsara wants to purchase a new assortment of merchandise and is requesting a loan in the sum of $700 for this purpose.  She thanks all of you in advance for your kindness and mercy.",1.0,0.0,to purchase a new assortment of merchandise,0,2011,18.708171296296296,,Food & Trade,1.0,Yes,Yes,No,No,No,Yes,Yes
125583,female,16,group,Retail,3625.0,6,119,Asociación Arariwa,2009-09-15T03:12:01Z,"There are 16 members in the Señor de Puquin Community Bank, which is located in the Huanchac district, Cusco province and department.

The members have different small businesses.  They need working capital to invest in their different small businesses.  They sell food.  Some of them have stands in schools and work at the students’ break time.  Others are asking for a loan to increase their businesses in the fellowship market.  Other members are asking for a loan for their small café and grocery store.

The members are grateful for and value the loan given through this medium.  They promise to make their payments according to the established timeline.

<br /><p><strong>Translated from Spanish by Ginny Kalish, Kiva Volunteer</strong></p>",11.0,5.0,Working capital,0,2009,13.341504629629627,,Food & Trade,1.0,Yes,Yes,No,No,Yes,Yes,Yes
389181,male,1,individual,Food,500.0,14,167,PADECOMSM,2012-03-10T14:51:28Z,"Willian needs to invest in his business selling 'minutas' (shaved ice with fruit syrup).  He is requesting a loan to buy materials such as disposable cups, spoons, jelly, ice and bread, so that he can prepare good-tasting, top-quality 'minutas' for his customers.

Willian's previous loan had a positive effect.  He improved his business and had available the products he needed to make his sales.",0.0,1.0,"to buy disposable cups, spoons, jelly, ice and bread",0,2012,29.15366898148148,30.041655092592592,Food & Trade,1.0,Yes,Yes,No,No,No,Yes,Yes
221167,female,1,individual,Personal Use,1000.0,22,61,MAXIMA Microfinance,2010-08-16T07:03:08Z,"Mrs. Sreytoch S. (in the picture) is 46 years old  and her husband, Mr. Vichet Touch, is 42 years old. They have been married since 1991 and have two sons who are mechanics. They live in a small village outside of Phnom Penh City. 

Sreytoch has been a garment factory worker for ten years, while her husband has been a mechanic for two years. She does not have her own transportation so she spends a lot of money for traveling costs. It’s difficult for her to manage their income to support her family. 

That’s why she is requesting her first loan in the amount of US$ 1,000 to purchase a motorbike for commuting. She will be able to cut down on some expenses by not spending so much on traveling costs any more. 
",1.0,0.0,To purchase a motorcycle for commuting.,0,2010,6.911851851851852,,Food & Trade,1.0,Yes,Yes,No,No,Yes,Yes,Yes
221671,female,1,individual,Housing,1175.0,26,98,AFODENIC,2010-09-16T16:26:13Z,"Idalia is 34 years old and is single. She doesn't have children but looks after her mother who she helps with the household costs. Idalia has worked for the Municipality of Nueva Guinea for 2 years. She is seeking her second loan to invest in the construction of a bedroom and to tile her mother's house, little by little improving her conditions of living for her as well as her mother, who is helping her with this small project.

Her biggest dream in life is to have stable work and continue becoming a professional to continue supporting her mother as much as she can, and return the sacrifices that her mother made when Idalia was small. 

<br /><p><strong>Translated from Spanish by Jane McCrory, Kiva Volunteer</strong></p>",1.0,0.0,Build a room in her house,0,2010,15.393113425925923,,Production & Construction,1.0,Yes,Yes,No,No,No,Yes,Yes
264638,female,1,individual,Retail,200.0,6,119,Asociación Arariwa,2011-01-14T02:11:39Z,"The associate belongs to the “SUMAC WATA” communal bank.  The bank is located in the district of Cusco, which belongs to the province of Cusco and department of Cusco.

The associate is Señora Ruth Vanessa.  She is 26 years of age and lives with her partner and child.  The associate alternates her daily activities with the fruit sale business.  She sells in the market of San Sebastian, where she attends her stall from 6:00 AM to 4:00 PM.  The associate wants to expand and improve her fruit sale business.  She requests a loan to buy fruits such as apples, grapes, plantains, and oranges, among other fruits.  

The associate is happy to receive the loan and she promises to comply with the payments on schedule.  

",1.0,0.0,"to buy fruit to resell, such as apples, grapes, plantains, and oranges",0,2011,1.3343287037037035,,Food & Trade,1.0,Yes,Yes,No,No,Yes,Yes,Yes
79520,female,1,individual,Construction,1025.0,25,98,AFODENIC,2009-01-05T00:19:26Z,"Pastora is requesting her third loan to invest in improving her home (adding a room). She works as a teacher at the Rafael Salmerón School. She does not have any children but she helps her mother care for her elderly grandparents and with household expenses. Pastora is a responsible and hard-working young women with a strong desire to better herself and who loves her job because it helps a lot of children in Talolinga, a village 30 km away, learn how to read and write. Every morning she gets up at 4 a.m. because she has to take a bus to Talolinga. Her dream is to complete her Education Sciences degree, have job stability, good health and a home with better living conditions so she can live in more comfort.<br /><p><strong>Translated from Spanish by Marty Greenstein, Kiva Volunteer</strong></p>",1.0,0.0,Build a room in her home,0,2009,3.1795949074074072,,Production & Construction,1.0,No,Yes,No,No,No,Yes,No
464486,female,1,individual,Reuse & Recycle,750.0,17,167,PADECOMSM,2012-09-05T07:13:34Z,"Wendy makes a living selling used clothing. She lives with her father and three siblings, and she is also a single mother of one boy. Her business is the sale of used clothing, which she began on her own out of the necessity to have an income to support her family.

She is requesting a loan for the purchase of three bales of clothing, plus the transportation costs that she incurs. This purchase will help her to have a greater availability of inventory and variety of styles that she can offer this to her customers, appealing to their tastes and needs. 

Wendy's aspiration is to develop her sales skills, growing her business so that it is more profitable, and to be able to improve her earnings.",1.0,0.0,to purchase three bales of used clothing.,0,2012,5.974525462962963,30.0,Production & Construction,1.0,Yes,Yes,No,No,No,Yes,Yes
317472,male,1,individual,Agriculture,600.0,10,163,HOFOKAM,2011-07-20T21:01:12Z,"Kereb is a 36-year-old married man with two children. He lives in a rented house in Fort Portal, Uganda. Kereb's dream is to educate his children and to buy land for farming.

<p>Kereb has been selling agro veterinary products for 10 years. His major challenge is lack of enough capital to meet the demands of his customers. Kereb needs this loan to buy agro veterinary supplies to sell.
",0.0,1.0,To buy agro veterinary supplies to sell.,0,2011,0.7785300925925925,,Agriculture,1.0,Yes,Yes,No,No,Yes,Yes,Yes
226053,male,1,individual,Housing,1000.0,22,61,MAXIMA Microfinance,2010-08-29T21:38:23Z,"Mr. Bunthea M. (in the photo), 27, is a driver. His wife, Mrs. Sokheng Phon, 27, is a garment-factory worker. They have been married since 2007 and just have a young son. Nowadays, the couple lives with their parents in a village along National Road Number Four about 20 kilometers from Phnom Penh City. 

They want to live in a separate home, but they do not have money to build a house. Therefore, Bunthea is applying for his first loan in the amount of $1,000 to make the buildings. 
",0.0,1.0,To build a house to live in,0,2010,2.825219907407408,,Production & Construction,1.0,Yes,Yes,No,No,No,Yes,Yes
349865,female,5,group,Retail,550.0,6,187,MicroStart,2011-11-01T22:33:31Z,"Madame Marie Augustine is the representative of the group ""DIVINE BONTE"". She is married and the mother of 03 children. The oldest is 32 years old and the youngest is 19 months old. One goes to school and she supports one person. 

She has been making and selling soap (liquid and in balls) for the past 2 years. She gets her supplies at Faso Chimie, in the AN III section of town. Her customers are women, men, shop managers and the neighborhood. 

She wants the additional money to buy 20 liters of coconut oil, 1 sack of lye, 1 sack of carbonate and 10 liters of shea butter to make soap. 

She uses her savings to satisfy the orders. She aims to buy a second processing machine and to open a store.",5.0,0.0,"to buy 20 liters of coconut oil, 1 sack of lye, 1 sack of carbonate and 10 liters of shea butter to make soap.",0,2011,0.144537037037037,,Food & Trade,1.0,Yes,Yes,No,No,Yes,Yes,Yes
120621,female,1,individual,Food,500.0,22,61,MAXIMA Microfinance,2009-07-20T05:00:21Z,"Mrs. Saren S., age 39, and her husband, Mr. Kunthea Toun, 41, live along National Road Number One, about seventeen kilometers from Phnom Penh City. They have been married since 1993 and have four children: two sons and two daughters. 

Mrs. Saren S. has been selling fish for 16 years. She buys some of the fish from her villagers and her husband is also a fisherman. She sells the fish Korky market. Mr. Kunthea Toun has been a fisherman for 16 years; he catches fish from the lake nearby his house.

The couple hopes to supplement their income by growing vegetables, but they lack the capital. Therefore, Saren is requesting her first loan of $500 to purchase bamboo and nets to build a shelter for her vegetables.

",1.0,0.0,To towards growing vegetables.,0,2009,12.972418981481482,,Food & Trade,1.0,Yes,Yes,No,No,Yes,Yes,Yes
245772,male,1,individual,Transportation,375.0,12,98,AFODENIC,2010-11-30T10:20:15Z,"Guillermo is 42 years old.  He is married and has three beautiful children.  His wife is a trader.  “My work is providing a taxi service.  Every day I work in the capital city Managua.  I began as a young man then with my savings I managed to buy a used car which I have been maintaining in order to improve the condition of  its engine”.

Guillermo is requesting a loan because he would like to give his vehicle a paint job and replace some parts.  He does not have enough money to do this but he would like to change his vehicle's physical appearance since it is his means of work.

He is motivated by the support of our organization as it will allow him to proceed with his goal of improving his work and obtain better profits for the well-being of his family.",0.0,1.0,To maintain his taxi with a paint job and some spare parts for his engine which will enable him to provide a better service,0,2010,21.75006944444445,,Services,1.0,Yes,Yes,No,No,Yes,Yes,Yes
452737,male,1,individual,Agriculture,1550.0,6,119,Asociación Arariwa,2012-07-26T18:39:52Z,"This communal bank member is Señor Efrain. He belongs to the communal bank ""Ricchary Runa"" in the city of Cusco, Peru. He continues with his livestock business, which he has had for a long time and with which he has been able to support his family and develop. That is why he will invest the loan he is applying for now to capitalize his business by buying cattle for later sale.

Efrain is very grateful to Kiva for allowing him to maintain and develop his business and for supporting him with the strengthening and economic growth of his family.

He appreciates the loan and promises to make his payments according to the schedule.
",0.0,1.0,to buy cattle,0,2012,0.7082060185185185,30.0,Agriculture,1.0,Yes,Yes,No,No,Yes,Yes,Yes
137913,female,1,individual,Agriculture,250.0,11,98,AFODENIC,2009-09-18T01:07:44Z,"Yesenia A. R. is 27 years old.  She is a young woman who lives in the neighborhood of Las Dispersas, which is located in the town of Ticuantepe.  Her husband works as a gardener in the residential district of Campos Azules.  They both contribute toward the household expenses and support their two year old son.  Their plans include improving their living conditions.  
<p>
Doña Yessenia has been farming for 15 years.  Her greatest challenge has been a lack of financing.  She began farming with the help of her mother since both of her parents made their living by planting and harvesting crops.  She hopes to diversify her own crops in the future.
<p>
With this loan, she plans to buy chemicals, such as fertilizers and herbicides, which she will apply to her crops so that she can improve her production and command better prices at the market.  She thanks the Institution for enabling her to make improvements in both her livelihood and her personal development.
<br /><p><strong>Translated from Spanish by Ronan Reodica, Kiva Volunteer</strong></p>",1.0,0.0,Purchase fertilizers & herbicides to improve her crops,0,2009,0.0260069444444444,,Agriculture,1.0,Yes,Yes,No,No,Yes,Yes,Yes
346347,female,1,individual,Food,400.0,11,97,FAPE,2011-11-03T02:39:35Z,"Shirley has been managing her business since Fape (Kiva Field Partner) has imparted the trust in her with a loan. She invested in her refried beans business. She tells us that she is thankful for that opportunity. She now requests a second loan to purchase more products, more beans and other materials she needs to make refried beans. Her goal is to keep investing in her business and especially to make it grow. She will continue to help her husband to proviD. for their two children. They are still young and her wish and that of her husband is for them to always have what they need.",1.0,0.0,to purchase beans and other ingredients necessary to make refried beans.,0,2011,1.317835648148148,,Food & Trade,1.0,Yes,Yes,No,No,No,Yes,Yes
377981,female,1,individual,Food,300.0,8,167,PADECOMSM,2012-01-05T17:19:04Z,"Lourdes is requesting another loan to improve her business and buy ingredients such as corn, firewood, bags, and paper.  In this way she will be able to increase her sales and give her customers good service.  Her experience with the previous loan helped her a lot because she had everything necessary to serve her customers better, and she managed to help her family with the household expenses.
",1.0,0.0,"to buy corn, firewood, bags, and paper.",0,2012,0.1034722222222222,,Food & Trade,1.0,Yes,Yes,No,No,No,Yes,Yes
324361,female,1,individual,Agriculture,550.0,14,167,PADECOMSM,2011-08-15T20:33:34Z,"Gladis lives alone.  Her children do not live in her house because they are independent.  She is divorced.  She has a business selling dairy products, which she started with her own initiative.  She does not have a fixed schedule for seeing to her customers.

She is requesting a loan to buy milk in order to make cheese.  This purchase will help her to grow in her business.  Thanks to the loan she will expand her customer service.

Her greatest dream is to have a large business.  In addition to the experience in the business, it will help her continue with the business and provide for her necessities.
",1.0,0.0,to buy milk to make cheese.,0,2011,2.6691087962962965,,Agriculture,1.0,Yes,Yes,No,No,No,Yes,Yes
307401,male,1,individual,Housing,225.0,12,98,AFODENIC,2011-06-18T14:37:47Z,"Rey David is a hardworking gentleman who is a tailor by profession.  He has worked more than two years in the free trade zone.  Rey David is the father of three beautiful children.  His goals are to provide an education for his children and to make improvements to his home.  
<p>
Rey David owns a very simple house and has made improvements with the financing he has received over several loan cycles with AFODENIC.  He feels that the loans have helped to balance out his expenses.  
<p>
Rey David wants to replace the roof, so he will purchase sheets of zinc, beams, and wooden frames so that work can begin.  He currently experience difficulties on days when it rains.  His plan is to continue making improvements to his home since this is the only way possible.  

",0.0,1.0,to purchase materials for replacing the roof of his house.,0,2011,0.0,,Production & Construction,1.0,Yes,Yes,No,No,Yes,Yes,Yes
118646,female,16,group,Retail,4275.0,6,119,Asociación Arariwa,2009-07-17T14:16:31Z,"There are 16 partners of the bank ""SANTO DOMINGO"" and they all live in the sacred valley of the Inkas, in Urubamba, 1 hour by car from the town of Cusco.
<p>
Our partners work as retail dealers which they alternate with their chores. One partner sells food at the plaza of Serrachayoc, another one has a chicken restaurant and wishes to improve her business, another one has a video pub and wishes to buy more glasses, beverages, and music, other partners have restaurant, general store, video sale, food sale. They are all located in the province of Urubamba, and they all require the loan to be able to improve their different small businesses.
<p>
The partners are very thankful and state their commitment to repay the total of their debts punctually.




<br /><p><strong>Translated from Spanish by Lene Struck Christensen, Kiva Volunteer</strong></p>",13.0,3.0,Improve different businesses.,0,2009,16.053078703703704,,Food & Trade,0.9375,Yes,Yes,No,No,Yes,Yes,Yes
286677,female,1,individual,Agriculture,550.0,8,119,Asociación Arariwa,2011-04-03T03:46:04Z,"Yenny was born in Maranura, Convención Province, Cusco and is 29.  She now resides in Cotowincho, Urubamba, Cusco. Yenny is a teacher in the “Apu Torrechayoc” school in Urubamba. She has been teaching successfully for the last three years. Yenny also raises domestic animals, such as guinea pigs, chickens, and others. She is seeking credit to buy more animals to raise and sell.  Yenny is a member of the “Kuska Llankasun de Rumichaca” community bank, associated with the Arariwa Association.  She has been a member for several years. (Cotowincho is just 10 minutes from Urubamba where members hold professional meetings.)",1.0,0.0,to buy domestic animals,0,2011,0.2472337962962963,,Agriculture,1.0,Yes,Yes,No,No,Yes,Yes,Yes
275567,female,1,individual,Agriculture,1100.0,8,119,Asociación Arariwa,2011-03-01T17:06:02Z,"The member belongs to the “CAPAC QOYA” community bank. This bank is located in the district of Qoya, province of Calca, departament of Cuzco.

The member is Celia. She is 77 years old. She is a widow and works managing her crop land and making sweaters. She produces the sweaters wholesale and sells them according to the demand. On her land she grows corn, wheat, and potatoes. She harvested her corn crop and need to fertilize her land and move the dirt with tractors. For this, she needs to rent a tractor and buy fertilizer to prepare the land for the next planting. She wants the land to buy seed for the new planting, to prepare the land, for fertilizer and to improve her housing little by little.  

The member is happy with the loan that has been given to her and is committed to making the payments according to the established schedule. ",1.0,0.0,"To invest in preparing the land, buying fertilizer.",0,2011,0.3789236111111111,,Agriculture,1.0,Yes,Yes,No,No,Yes,Yes,Yes
370495,male,1,individual,Agriculture,1475.0,14,100,CJSC Bank Imon International,2012-01-19T01:19:00Z,"Shavkat has been involved in animal husbandry for over ten years, with the goal of increasing livestock headcount.  He spent several years working in Russia, and earning that money was not easy.  He returned home and got involved in animal husbandry right away.  Shavkat used his earnings to purchase eight heads of sheep and two heads of cattle and was able to increase livestock headcount over the years like this.  Currently, he has forty heads of sheep and six heads of cattle.  Today, he needs to expand the barn for his livestock because it will not fit there in the winter.  If Shavkat does not build a barn for the livestock, then he would have to sell some of the sheep, which would not be economical, since he is buying sheep at low prices now.  Shavkat is requesting a loan in the sum of 7000 Somoni to purchase construction materials to build a barn, and to use the rest of the money to purchase sheep and fodder for it.  Shavkat relies on your help and thanks you in advance.",0.0,1.0,"to purchase construction materials to build a barn, and to purchase sheep and fodder",0,2012,35.20754629629629,,Agriculture,1.0,Yes,Yes,No,No,No,Yes,Yes
299276,female,1,individual,Housing,325.0,13,98,AFODENIC,2011-05-20T10:45:50Z,"Nidia is a single mother whose daughter helps her financially.  She is an entrepreneurial woman who is self employed.  She has owned a stationery store and photocopying business for some time.  Her project is to improve the infrastructure of her home to make her business and family safer.  She started out with her own money and has plans to expand her business, offering other services such as a fax service, a text preparation service and also a variety of products.

The loan that Nidia has requested will be invested in buying metal sheets, bolts and wooden beams to replace her roof.  She is grateful to the institution for the support they have given her in developing her business.",1.0,0.0,to replace her roof,0,2011,0.8581944444444445,,Production & Construction,1.0,Yes,Yes,No,No,No,Yes,Yes
217662,female,1,individual,Clothing,1500.0,14,100,CJSC Bank Imon International,2010-08-02T21:27:46Z,"H. Farogat is an enterprising, capable and very hard-working woman. She lives in Istaravshan, Tajikistan and sells kid’s clothing. She began her business after the death of her husband. Her work is allowing her three children go to school. It is very important to Farogat that her children finish school and become honest, hard-working individuals. She needs 6500 Somoni to buy merchandise in order to increase sales. Farogat wants to continue to support her children and only wishes to work in order to achieve this. Support her!   

More about Tajikistan and IMON International

Tajikistan is known for its rich history, which includes a key post along the Silk Road and the end of Alexander the Great's rule. It has also produced great thinkers, philosophers, scientists and poets, including Rudaki, Avicenna, Ferdowsi, Omar Khayyam, Jomi, and Rumi. The country is home to communities that still speak the ancient Sogdian language, epic mountain passes, and a civilization that dates back to the 4th millennium BC. And, even today, it is a complex mixture of the Islamic faith, Soviet culture, New West culture and Central Asian traditions.

But Tajikistan is also the poorest of the former Soviet republics. The civil war, which ignited soon after its independence from the U.S.S.R., further damaged the already weak economy. In addition, 93% of the country is mountainous and only 7% of the land is arable. These conditions have resulted in high levels of unemployment and have forced hundreds of thousands to seek work in other countries, mainly Russia. While the people of Tajikistan are working to improve its agricultural production and manufacturing sector, nearly two-thirds of the population still live in abject poverty.

IMON's History

Since December 2007, IMON International has worked closely with Kiva and Kiva lenders to ensure that poor and low income clients represent a viable business proposition. Funds raised through Kiva have already been distributed to thousands of IMON International's clients and will continue to provide thousands more with permanent access to the varied financial services they need. To learn more about IMON International's work, please visit: www.imon.tj
",1.0,0.0,Purchasing of the new clothing for selling.,0,2010,1.1023726851851852,,Food & Trade,1.0,Yes,No,No,No,No,No,No
474213,male,10,group,Retail,1825.0,8,163,HOFOKAM,2012-10-21T15:55:20Z,"Purunali is a 45-year-old married man with 6 children aged between 20 and 9 living in Kagadi, Uganda.Twelve years ago he decided to set up a retail shop in order to have a sustainable income for his family.  With the profits he has been able to pay school fees for his children and buy land.  He is also charged with the responsibilty of looking after two orphans.  Rurunali is hardworking and determined to change his future and that of his children positively.  Purunali needs the loan to buy soap, sugar and other general merchandise to sell.  He is a member of a group where each member guarantees for the others to access a loan.",1.0,9.0,buy general merchandise to sell,0,2012,26.975902777777776,30.0,Food & Trade,0.8,Yes,Yes,No,No,Yes,Yes,Yes
308196,female,1,individual,Food,900.0,6,119,Asociación Arariwa,2011-06-19T16:14:47Z,"This borrower is a member of the ""Yahuar Maqui"" community bank which is located in Cusco district, in Cusco province and department.

The borrower is 46 years old, married, and has two children.  She divides her time between her daily activities and her restaurant business.  She prepares breakfasts, lunches and dinners.  She works from 8.00am to 4.00pm and, in the evenings, she sells pizzas from her restaurant premises.  The borrower would like to expand and improve her restaurant business.  She is requesting this loan to equip her restaurant and buy chairs, pots and cooking supplies such as rice, meat and vegetables.

The borrower is happy to be receiving the loan and pledges to make her repayments on time.",1.0,0.0,"to equip her restaurant and buy chairs, pots and cooking supplies such as rice, meat and vegetables",0,2011,1.3852430555555555,,Food & Trade,1.0,Yes,Yes,No,No,No,Yes,Yes
209313,male,1,individual,Agriculture,2750.0,14,100,CJSC Bank Imon International,2010-06-26T14:26:39Z,"Nematullo has 18 years of experience in producing potatoes, melons, watermelons and other items in his community, which has a favorable climate and where the cultivation of these crops is an established tradition. Nematullo works the fields with the support of his wife and children, who are also dedicated to the production. 

This family has been perfecting and modernizing their production processes. The maintenance of the land has a high cost, due to the attention that must be given to the plants in each phase of the productive process: manually weeding, using organic fertilizer and using natural supplements for the control of diseases. These give better yields for their crops, since they prevent the soil from deteriorating so much, provide better conditions for cultivation at planting time and improve the quality of the crop, increasing its value since organic products currently obtain better prices in the market. 

At the same time, Nematullo also runs a transportation business with his lorry (truck). Nematullo requests a loan for the purchase of supplies for his crops, such as seeds, fertilizer, fuels and lubricants. Part of the loan he will use for paying for the partial repair of his lorry. The loan will greatly improve Nematullo’s income and his family's living standards.   

<b>More about Tajikistan and IMON International</b>

Tajikistan is known for its rich history, which includes being a key post along the Silk Road, and for the end of Alexander the Great's rule. It has also produced great thinkers, philosophers, scientists and poets, including Rudaki, Avicenna, Ferdowsi, Omar Khayyam, Jomi and Rumi. The country is home to communities that still speak the ancient Sogdian language, epic mountain passes, and a civilization that dates back to the 4th millennium BC. And, even today, it is a complex mixture of the Islamic faith, Soviet culture, New West culture and Central Asian traditions.

But Tajikistan is also the poorest of the former Soviet republics. The civil war, which ignited soon after its independence from the U.S.S.R., further damaged the already weak economy. In addition, 93% of the country is mountainous and only 7% of the land is arable. These conditions have resulted in high levels of unemployment and have forced hundreds of thousands to seek work in other countries, mainly Russia. While the people of Tajikistan are working to improve its agricultural production and manufacturing sector, nearly two-thirds of the population still live in abject poverty.

<b>IMON's History</b>

Since December 2007, IMON International has worked closely with Kiva and Kiva lenders to ensure that poor and low-income clients represent a viable business proposition. Funds raised through Kiva have already been distributed to thousands of IMON International's clients and will continue to provide thousands more with permanent access to the varied financial services they need. To learn more about IMON International's work, please visit: www.imon.tj",0.0,1.0,Purchasing seeds and mineral fertilizer,0,2010,4.344884259259259,,Agriculture,1.0,Yes,Yes,Yes,Yes,Yes,Yes,Yes
297489,male,1,individual,Agriculture,1050.0,14,163,HOFOKAM,2011-05-19T19:31:45Z,"George is a Ugandan male, aged 72 years, who needs a loan to buy cattle for resale.   He has a farm that he has operated for 15 years. He hails from Kyenjojo district, and is the father of nine children.  His wife is a politician in the same area.  He lives in a four room permanent house and he dreams  of acquiring land to set up a good dairy farm and of educating his children. 

George acquired his initial capital from his salary savings as a retired civil servant.",0.0,1.0,to buy cattle to resell.,0,2011,7.945613425925926,,Agriculture,1.0,Yes,Yes,No,No,Yes,Yes,Yes
407828,female,1,individual,Education,600.0,6,119,Asociación Arariwa,2012-03-27T15:22:38Z,"Karina is a 27-year-old biology student at the local university. Upon graduation, she would like to work at a research lab focusing on molecular biology. She says that she is fascinated by science because science holds the answers to many questions; for example, an understanding of DNA has solved many mysteries with respect to heredity and biological development. 

Karina is requesting a loan in order to buy a laptop to aid in her studies. Additionally, she will use part of the loan to help her mother who has a street cart where she sells candy and snacks. Karina hopes to eventually earn a master's degree in molecular biology. She has used her previous Kiva loans in order to invest in micro-businesses to finance her education.

Karina is a member of the village bank Los Diamantes in Cusco, which is receiving its 16th loan.
",1.0,0.0,to buy a laptop for college and purchase sweets for a street cart.,0,2012,0.0503125,30.0,Services,1.0,No,Yes,No,No,No,Yes,Yes
221165,female,1,individual,Housing,1000.0,22,61,MAXIMA Microfinance,2010-08-10T10:31:26Z,"Mrs. Yun S., 31 ( in the photo), is a widow with one son and one daughter. Her daughter is a garment factory worker and her son attends school. The family lives in a small village in a suburb of Phnom Penh City.  

Yun has been a garment factory worker for more than ten years.  She is applying for a loan of US$ 1,000 to build a concrete brick room under her wooden house. She also will use a part of the loan to build a restroom for the family.
",1.0,0.0,To build a concrete brick room under her wooden house and a restroom,0,2010,1.0565393518518518,,Production & Construction,1.0,Yes,Yes,No,No,Yes,Yes,Yes
317946,male,1,individual,Services,700.0,6,119,Asociación Arariwa,2011-07-22T05:54:18Z,"This man belongs to the communal bank ""Tercer Milenio.""  This bank is located in the Urubamba district, which is part of Urubamba province and the department of Cusco.

He is 75 years old and is married.  He alternates his daily activities with his business renting rooms.  He also used to work as a teacher.  In his business renting rooms he rents to many different national and international tourists.  Through this business he provided for his children.  He wants to expand his business renting rooms.  He requests a loan to set up his rooms and to buy bed sheets and bedspreads. 

He is pleased to be getting this loan and is committed to making all of the payments.
",0.0,1.0,to set up rooms to rent and to buy bed sheets and bedspreads,0,2011,1.8015277777777776,,Services,1.0,Yes,Yes,No,No,Yes,Yes,Yes
277949,female,1,individual,Retail,1025.0,17,151,Fundación Mujer,2011-03-01T06:52:23Z,"María de los Ángeles M. S. is 55 years old and lives with her husband and two children.  Owing to her financial situation, María couldn't go to university.  She is a very hard-working and responsible person who took the decision to become a saleswoman since her husband lost his job and she had to take responsibility.

This is María's first loan.  She found out about the services that Fundación Mujer offer through a training client.  She plans to invest her loan in buying merchandise so that she has more working capital as she has faced a number of illnesses and had to leave her business for a while.  María started out 25 years ago with 100,000 'colones' in capital from her husband.  María does her housework in the morning and in the afternoon she sells, collects payments and sews.

This loan will be a great help to María's business since she has been without capital and this loan will enable her to improve her quality of life and have more working capital available.
",1.0,0.0,To have more working capital so that she can keep investing,0,2011,0.6126967592592593,,Food & Trade,1.0,Yes,Yes,No,No,No,Yes,Yes
413866,female,5,group,Food,2525.0,8,162,Turame Community Finance,2012-04-16T04:07:48Z,"Jeanine is a member of the Kundana group and lives in Gitega. She is 43 years old and married to Boas, who is a driver. They have seven children aged between one and 21. Six of the children are in school: two at secondary school, three at primary, and one at kindergarten. Her family also cares for three other children.

Jeanine has been selling industrially-produced beer since the age of 15. This is her fourth loan with Turame. With her Kiva loan, she will increase her capital and purchase additional crates of beer for resale, which will increase her income. She hopes for a better future, as she will be able to feed and clothe her children, and pay their school fees.",4.0,1.0,to increase her capital and buy extra crates of beer for resale.,0,2012,4.338622685185185,30.0,Food & Trade,1.0,Yes,Yes,No,No,No,Yes,Yes
377287,female,1,individual,Clothing,300.0,8,167,PADECOMSM,2012-01-01T18:58:18Z,"Rosalina works selling clothing. She lives with her husband and has a 6-year-old child. Both of them work at home, and they help each other cover the household expenses and necessities. She works in her business every day. This business is located in the city center, in a place where many customers go by. 

Currently, she is requesting a loan to buy clothing for the holiday season: blouses, skirts, shirts and suits. This investment will help her improve the inventory of her business, with the aim of offering her customers better clothing.

Rosalina's aspiration is to grow in her business and improve her family's living conditions. 

",1.0,0.0,"to buy blouses, skirts, shirts and suits.",0,2012,0.5959606481481482,,Food & Trade,1.0,Yes,No,No,No,No,Yes,Yes
339774,female,1,individual,Retail,375.0,8,119,Asociación Arariwa,2011-09-30T07:30:22Z,"Francisca, 49, belongs to the “Amanecer Anteña” (Anta Dawn) communal bank located in Anta District belonging to Anta Province, Cusco Department.

She’s single and has two children.  She alternates her daily chores with selling breakfasts of chocolate, coffee, teas and sandwiches.  She sells in Anta’s market from 6am until 2pm.  She also sells corn and barley in Anta’s market.  Through these businesses she’s able to support her children.  She wants to expand the business of selling breakfasts and the sales of corn and barley.  She is requesting the loan to buy products like milk, bread, corn and barley at wholesale.

She is happy about the loan and commits to make her installment payments.
",1.0,0.0,"to buy products like milk, bread, corn and barley at wholesale.",0,2011,3.729108796296296,,Food & Trade,1.0,Yes,Yes,No,No,No,Yes,Yes
295842,male,1,individual,Agriculture,225.0,8,167,PADECOMSM,2011-05-07T17:26:04Z,"Juan is a farmer who lives in San Miguel.  He started his business on his own initiative and works his own lands; he does not have a set work schedule.  He lives with his family, which includes his mother and sisters.  He is single and at this time he needs a loan to buy farming supplies

He will purchase manure, fertilizers and seeds; this loan will help him to have the supplies he needs to get a good yield.  

His vision for the future is to grow his business and improve the living conditions of his family, since they are dependent upon him.",0.0,1.0,"to buy manure, fertilizer and seeds",0,2011,2.670844907407407,,Agriculture,1.0,Yes,No,No,No,Yes,Yes,Yes
236536,female,1,individual,Retail,700.0,6,119,Asociación Arariwa,2010-10-09T01:35:39Z,"The member belongs to the Clorinda Matto de Turner Communal Bank; this bank is located in the Calca district in the Urubamba province in the department of Cusco.

The member is Irami; she is 29 years old, she lives with her partner and has one son, who is seven months old. The member sells groceries in the Calca market; she has a stand where she sells all sorts of groceries. She is a fighter; nothing in her life came easy, but every day she wakes up and sees her baby's smile, which makes her draw energy from places where there is no energy and start a new day with great hope of succeeding. This is how she is living. She wants to stock her stand with groceries so she will have everything her customers looking for so they will be loyal. The member is requesting this loan to purchase groceries (pasta, sugar, flour, condiments, and more).

The member is grateful for this loan authorized through this site, and she promises to make her regular payments in the established time period.",1.0,0.0,Purchase products to set up her store,0,2010,0.0,,Food & Trade,1.0,Yes,Yes,No,No,Yes,Yes,Yes
116196,male,1,individual,Agriculture,700.0,14,100,CJSC Bank Imon International,2009-06-19T15:59:14Z,"K. Khujayor is 50 years old. He is married and has 5 children. 

Khujayor sells cattle. As a rule he purchases small cattle in the central market, feeds them and then resells them at higher prices in the local market. 

Having been in this business for 5 years he knows very well how to choose the animals, how to breed them and look after them. He gets up every morning in order to feed the animals and to look after them. His knowledge and skills allow him to make his business successful and to generate a considerable, stable income for his large family. 

Khujayor is planning to enlarge the stock and to purchase more cattle. For this purpose he requests $700 that will purchase two young cattle. You can become an important part in Khujayor family's life and he deeply appreciates the trust and support you are giving him.    

More about Tajikistan and IMON International

Tajikistan is known for its rich history, which includes a key post along the Silk Road and the end of Alexander the Great's rule. It has also produced great thinkers, philosophers, scientists and poets, including Rudaki, Avicenna, Ferdowsi, Omar Khayyam, Jomi, and Rumi. The country is home to communities that still speak the ancient Sogdian language, epic mountain passes, and a civilization that dates back to the 4th millennium BC. And, even today, it is a complex mixture of the Islamic faith, Soviet culture, New West culture and Central Asian traditions.

But Tajikistan is also the poorest of the former Soviet republics. The civil war, which ignited soon after its independence from the U.S.S.R., further damaged the already weak economy. In addition, 93% of the country is mountainous and only 7% of the land is arable. These conditions have resulted in high levels of unemployment and have forced hundreds of thousands to seek work in other countries, mainly Russia. While the people of Tajikistan are working to improve its agricultural production and manufacturing sector, nearly two-thirds of the population still live in abject poverty.

IMON's History

Since December 2007, IMON International has worked closely with Kiva and Kiva lenders to ensure that poor and low income clients represent a viable business proposition. Funds raised through Kiva have already been distributed to thousands of IMON International's clients and will continue to provide thousands more with permanent access to the varied financial services they need. To learn more about IMON International's work, please visit: www.imon.tj
",0.0,1.0,To purchase two cattle to raise and sell.,0,2009,2.436898148148148,,Agriculture,1.0,Yes,Yes,No,Yes,Yes,Yes,Yes
180742,female,1,individual,Agriculture,500.0,15,61,MAXIMA Microfinance,2010-02-27T17:00:13Z,"Mrs. Lak S. (pictured here), age 30, and her husband, Mr. Phal Leng, age 37, have been married since 1994 and have three children: two sons and one daughter. The family lives along National Road Number One about 15 km from Phnom Penh City. 

Lak has been selling sugarcane juice in her village for almost three years. Her husband has been a motorcycle repairer for almost three years. Lak wants to supplement her income with a new business raising pigs.  She will be able to earn extra income from selling pigs when they grow big enough.  

Hence, Lak is requesting her first loan of $500 to purchase piglets to raise and to buy motorcycle spare parts for her husband’s motorcycle repair business. 

",1.0,0.0,To purchase piglets and motorcycle spare parts,0,2010,1.0695486111111112,,Agriculture,1.0,Yes,Yes,No,No,Yes,Yes,Yes
220189,female,3,group,Food,1125.0,13,97,FAPE,2010-08-05T13:37:19Z,"This group is from Sumpango, Sac. Ms. Valentina is a farmer, a business which has been profitable for her because the land that she works has been very fertile. Valentina's daughter, Rosario, sells bread from her home. She hopes to expand her sales and offer other basic commodities. Valentina's youngest daughter, Hilda, weaves traditional bands. They have previously been clients of field parnter FAPE and today are thankful to Kiva for helping them realize their dreams. <br /><p><strong>Translated from Spanish by Cindy Manzo, Kiva Volunteer</strong></p>",3.0,0.0,Invest in their businesses,0,2010,1.046701388888889,,Food & Trade,1.0,Yes,Yes,No,No,No,Yes,Yes
106574,male,1,individual,Food,1050.0,12,98,AFODENIC,2009-05-18T04:50:30Z,"Mr. Pablo López, is 51 years old. He lives in the Laureles Norte neighborhood of the city of Managua. He and his wife have four children. He does very well in his small fruit and vegetable business. The sector where he sells his products is in the streets of Managua as he is a street vendor and provider of several of the supply businesses in the country of varied products. He began as an employee and later launched his own business selling vegetables and fruits. He has had his business for seven years. This is his eighth cycle in Afodenic. He is grateful for the benefits that he has achieved personally as well as for his family. With this loan from Afodenic he will buy larger quantities of fruits and varied vegetables to offer to his customers and be able to sell more to obtain higher profits.<br /><p><strong>Translated from Spanish by Heather Nicholson, Kiva Volunteer</strong></p>",0.0,1.0,Purchase fruits and vegetables,0,2009,9.423877314814815,,Food & Trade,1.0,Yes,Yes,No,No,Yes,Yes,Yes
206954,female,1,individual,Housing,500.0,22,61,MAXIMA Microfinance,2010-06-25T06:32:04Z,"Mrs. Savet Vior, age 28, and her husband, Mr. Sinoeun Kloeng, age 23, have been married since 2005 and have a young daughter. The family lives in a small village across the Mekong River about fifteen kilometers from Phnom Penh. 

Savet has been selling fish in her village since 2008. Her husband has been a construction worker since 2002. She is asking for her first loan in the amount of $500. She will use $200 of the loan to build a new staircase and $300 to put an addition on her house.
",1.0,0.0,To build a new staircase and put an addition on her house.,0,2010,14.786122685185186,,Production & Construction,1.0,No,Yes,No,No,No,Yes,No
296612,female,1,individual,Agriculture,725.0,7,119,Asociación Arariwa,2011-05-09T16:53:07Z,"Maria Dolores was born in the city of Cusco, in Cusco department.  She is 50 years old, has two sons, and lives in the city in which she was born.

Maria Dolores has a large farm called “Vista Florida” where she grows white corn.  She has been working on her farm since 1987.  It is located in Vilcabamba community and Maria Dolores also raises animals such as guinea pigs and hens.  She needs this loan to buy more animals (guinea pigs).

Maria Dolores is a member of Asociación Arariwa's “Mamacha del Carmen” community bank.  The bank is in its third year and is doing very well.
",1.0,0.0,to buy more animals (guinea pigs),0,2011,0.1271412037037037,,Agriculture,1.0,Yes,Yes,No,No,Yes,Yes,Yes
255047,male,1,individual,Transportation,750.0,11,163,HOFOKAM,2010-12-24T14:47:08Z,"John is a 28-year-old married man with a child living in his own house in Fort Portal, Uganda. His aspiration is to secure enough funds to set up a business for his wife and child. He is into the transport sector and has been in the business for two years now. John’s ambition is to buy a motorcycle so that he can stop remitting part of his daily income to his boss. John needs the loan to buy a motorcycle.",0.0,1.0,To purchase a motorcycle for his transport business.,0,2010,18.89378472222222,,Services,1.0,Yes,Yes,No,No,Yes,Yes,Yes
324706,female,1,individual,Housing,450.0,15,98,AFODENIC,2011-08-15T10:37:09Z,"Juana has been selling tortillas and baked goods for five years.  She is working for the common good of her family.  Her husband works as an operator, and her children are in elementary school.  

Juana has been improving her house with loans from Afodenic.  It has been very satisfying because she has, little by little, made good progress in three cycles.  She has built a room, expanded her porch, and she continues to make improvements.

With this new loan she will be able to construct a bathroom in order to obtain improved hygienic conditions and better personal care.

She will buy materials like crossbeams, sand, zinc metal sheeting, cement blocks, and cement to finish the work.

",1.0,0.0,to buy construction materials to build a bathroom in order to obtain improved hygienic conditions and better personal care.,0,2011,2.0466203703703703,,Production & Construction,1.0,Yes,Yes,No,No,No,Yes,Yes
122755,female,1,individual,Retail,400.0,12,98,AFODENIC,2009-07-20T13:37:36Z,"Young Milagros de Jesus, 28, lives in the Villa Reconciliacion neighborhood.  She is single and has no children.  She has operated a business selling cosmetics and jewelry for nine years.  She started the business with her own money and help from her mother who is also a dressmaker.  Milagro de Jesus will use the loan to buy cosmetics and silver jewelry pieces so that she can continue to have stock for her customers and be able to attract new customers.  Her plan is to grow her business and set up her own store one day.

<br /><p><strong>Translated from Spanish by Jere Wiseman, Kiva Volunteer</strong></p>",1.0,0.0,Buy merchandise to resell.,0,2009,2.2760300925925927,,Food & Trade,1.0,Yes,Yes,No,No,No,Yes,Yes
381631,male,1,individual,Construction,825.0,15,110,Emprender,2012-01-23T19:56:24Z,"Wilfredo works in construction as an experienced contractor. He has a good reputation for doing quality work. Wilfredo lives with his daughters in the Loreto zone. Thanks to his business, which is the family's only source of income, Wilfredo is able to pay for his daughters' university fees and he is very proud to see the fruits of his labor. With this loan, Wilfredo will buy tools to replace ones that have worn out. This will allow him to improve the equipment he uses in his work.",0.0,1.0,To buy tools for his business.,0,2012,4.07380787037037,,Production & Construction,1.0,Yes,Yes,No,No,No,Yes,Yes
393789,male,1,individual,Retail,575.0,8,119,Asociación Arariwa,2012-03-14T09:43:02Z,"Ubaldo was born in the city of Paucartambo (Cusco, Peru). He is 55 years old, married and has six children from this union. Currently he lives and works in the city of Pisaq. He is a bricklayer and performs all types of work, for instance floor covering, street paving, and other tasks. He and his wife have a family business where they sell staple goods, such as rice, sugar, noodles and much more. Ubaldo offers motor taxi services in the city of Pisaq and sells spare parts for motor taxis.

Ubaldo applies for this loan to buy spare parts, such as brakes, oil, clutches, tires and other things.

The members of the communal bank ""Mosoq Ñusta"" meet at the end of each month in the district of Pisaq in the province of Calca (Cusco, Peru). Cusco is known as a popular tourist resort as well as for its commercial activities and its traditional Inti Raymi festival. One of the Seven Wonders of the World, the Machu Picchu, is nearby.
",0.0,1.0,to buy spare parts for his motor taxi business.,0,2012,18.99513888888889,30.041666666666668,Food & Trade,1.0,Yes,Yes,No,No,No,Yes,Yes
455804,female,1,individual,Clothing,500.0,6,119,Asociación Arariwa,2012-08-07T16:58:19Z,"The member belongs to the community bank ""SEÑOR DE TETE CACA"". The bank is located in the province of Cusco and the department of Cusco.

The member is Mrs. Nancy Mariuska. She alternates her daily activities with the business of buying and selling underwear like briefs and polos. She has fun in this business, which is going well thanks to the effort she puts forth every day. She is a nice and responsible person, which is the reason that she is successful by herself.

She is asking for a loan to buy wholesale men's briefs.

She is happy because of the loan and promises to pay the payments on time.",1.0,0.0,to purchase wholesale men's briefs.,0,2012,1.4571412037037037,30.0,Food & Trade,1.0,Difficult to tell,Yes,No,No,Yes,Yes,Yes
81146,male,1,individual,Manufacturing,225.0,8,98,AFODENIC,2009-01-01T21:56:32Z,"Mr. David is 33 years old and lives in the Villa Reconciliación neighborhood. He is married and his wife works as an operator in the free trade zone. They have two beautiful children, ages 8 and 19, who are in school. Their plans for their family include expanding their home and improving their quality of life for their children. David is a coroner by profession but he has worked as a solderer for nine years. He started by learning from his father, and soon began working independently. In the future David would like to increase his production and buy high quality tools. Thanks to the Afodenic loans, he'll be able to buy tools like: soldering iron, welding, masks and gloves, all of which will create utility and better service for his clients. <br /><p><strong>Translated from Spanish by Sarah Bishop, Kiva Volunteer</strong></p>",0.0,1.0,Buy tools like a soldering iron and prime materials,0,2009,0.0802199074074074,,Production & Construction,1.0,Yes,Yes,No,No,No,Yes,Yes
171418,female,1,individual,Housing,575.0,26,98,AFODENIC,2010-01-27T01:04:14Z,"Ileana is 46 years old and is single. She has 4 grown children. Her youngest son Robin, who is 22, lives with her.  Currently, Ileana is also caring for her 12 year old grandson Melsin, who is in the first year of high school. 

Ileana has worked for the Ministry of Education as an elementary school teacher in the Enrique Tierno Galvan School for 23 years. She is asking for a 6th loan from AFODENIC to add a room to her house. This will improve her living conditions and her level of comfort because her house is part of a subsidized construction project and is very small. She hopes to find support through Kiva to finish this small project. <br /><p><strong>Translated from Spanish by Catherine Fountain, Kiva Volunteer</strong></p>",1.0,0.0,Construction of a room.,0,2010,0.1208333333333333,,Production & Construction,1.0,No,Yes,No,No,Yes,No,No
464256,female,45,group,Food,4525.0,8,162,Turame Community Finance,2012-08-29T11:43:58Z,"Juvénal is part of the group Buheta and lives in Gitaga. He is a 44 years old and has lost his wife and children.

Juvénal has been selling Primus beer, banana wine, and meat kebabs in his pub for thirteen years. 

He is on his eighth loan with Turame. With this KIVA loan he is obtaining, he is going to increase his capital and purchase many cases of Primus beer, a large quantity of banana wine, and some meat for making kebabs to sell in his pub, so as to earn more. 

In the coming years, thanks to the profit from his business, he would like to start a modern livestock farming enterprise and to buy a motorbike. 

",41.0,4.0,"to purchase many cases of Primus beer, a large quantity of banana wine, and some meat for making kebabs to sell in his pub",0,2012,6.148587962962963,30.0,Food & Trade,1.0,Yes,Yes,No,No,Yes,Yes,Yes
464613,female,1,individual,Retail,700.0,8,148,Association for Rural Development (ARD),2012-08-29T13:26:19Z,"This is 29-year-old Wuyah, a married mother of three children aged 12, 9, and 6. She has one additional dependent, her mother, who lives with her.<p>

In 2009, Wuyah established her plastic slippers business in order to enhance her independence.  Working seven days a week and ten hours a day, she earns about Le 780,000, her only income, every month. Now requesting a loan of Le 3,000,000 to buy more plastic slippers, Wuyah hopes that this loan will enable her to increase her monthly profits by approximately Le 320,000. <p>

In the future, Wuyah plans to rent a shop, educate her children and support her husband's goal to build a house.   She thanks you for your support.",1.0,0.0,to buy plastic slippers.,0,2012,2.914085648148148,30.0,Food & Trade,1.0,Yes,Yes,No,No,No,Yes,Yes
286463,male,1,individual,Agriculture,900.0,14,100,CJSC Bank Imon International,2011-04-17T22:09:36Z,"Khumidin lives in Kurgantube, Tajikistan. He is married and lives with his parents. He started his business 4 years ago. His career began with his father and the business investment he received from his father. His father works as a butcher.

Khumidin buys cattle from Kurgantyube, Yavan, Jomi and Khuroson markets. Khumidin believes that that the profit from the resale of the cattle is greater than from the fattening of cattle, as well as providing a constant turnover. Khumidin would like to get a loan of 4,000 Somoni to purchase cattle, to expand his business.   

More about Tajikistan and IMON International:

Tajikistan is known for its rich history, which includes a key post along the Silk Road and the end of Alexander the Great's rule. It has also produced great thinkers, philosophers, scientists and poets, including Rudaki, Avicenna, Ferdowsi, Omar Khayyam, Jomi, and Rumi. The country is home to communities that still speak the ancient Sogdian language, epic mountain passes, and a civilization that dates back to the 4th millennium BC. And, even today, it is a complex mixture of the Islamic faith, Soviet culture, New West culture and Central Asian traditions.

But Tajikistan is also the poorest of the former Soviet republics. The civil war, which ignited soon after its independence from the U.S.S.R., further damaged the already weak economy. In addition, 93% of the country is mountainous and only 7% of the land is arable. These conditions have resulted in high levels of unemployment and have forced hundreds of thousands to seek work in other countries, mainly Russia. While the people of Tajikistan are working to improve its agricultural production and manufacturing sector, nearly two-thirds of the population still live in abject poverty.

IMON's History:

Since December 2007, IMON International has worked closely with Kiva and Kiva lenders to ensure that poor and low income clients represent a viable business proposition. Funds raised through Kiva have already been distributed to thousands of IMON International's clients and will continue to provide thousands more with permanent access to the varied financial services they need. To learn more about IMON International's work, please visit: www.imon.tj

",0.0,1.0,to purchase cattle,0,2011,19.19410879629629,,Agriculture,1.0,Yes,Yes,Yes,Yes,Yes,Yes,Yes
399010,male,1,individual,Agriculture,525.0,11,163,HOFOKAM,2012-03-08T22:10:46Z,"Quinto is 52 years old. For the past ten years, he has been a farmer. He began on a subsistence level and later moved to commercial farming. Quinto’s business challenges are inadequate capital and high price fluctuations. 

Quinto is requesting a loan to buy seeds to plant. He wants to take advantage of the new planting season and expand his farm. Quinto’s personal goal is to educate his children and business-wise, he wishes to expand his business into new markets and diversify.
",0.0,1.0,to buy seeds to plant,0,2012,7.882453703703704,30.04167824074074,Agriculture,1.0,Yes,Yes,No,No,Yes,Yes,Yes
472609,male,1,individual,Health,1175.0,10,148,Association for Rural Development (ARD),2012-09-20T20:23:05Z,"This is 46-year-old John. He is married and has three children aged 3, 5, and 9. He has one additional dependent who lives with him to assist his wife with the house chores.  

In 2007, John established his patent drugs business. He started to be self-reliant in the business after dropping out of school. Working 7 days a week and 14 hours a day, he earns about Le 2,341,000 every month from this business. 

He would like a loan in the amount of Le 5,000,000. John has already received and successfully repaid four loans, and now requires a new loan in order to improve on the status of the pharmacy and increase the stock. He hopes that this loan will enable him to increase his monthly profits by approximately Le 749,120. 

In the future, John plans to improve the business from patent drugs to a big drug shop. He thanks you for your support.
",0.0,1.0,to pay for patent drugs.,0,2012,0.8561342592592592,30.0,Services,1.0,Yes,Yes,No,No,No,Yes,Yes
261653,female,1,individual,Retail,550.0,6,119,Asociación Arariwa,2011-01-05T02:28:47Z,"The member belongs to the Los Heraldos community bank. The bank is located in the Cusco district, belonging to the province and department of Cusco. The member is Mrs Eudiviges. She is 73, married and has 4 children. She alternates her daily activities with her seamstress and weaving business. She makes her weavings in her house with the help of her children. She is retired from a private company where she was an accounting assistant. She now does what she likes to do. She is requesting this loan for the purchase of materials for her business. She is happy to have this loan and promises to honour the payments of the quotas.",1.0,0.0,for the purchase of materials for her business.,0,2011,3.269699074074074,,Food & Trade,1.0,Yes,Yes,No,No,No,Yes,Yes
222988,female,1,individual,Personal Use,600.0,14,61,MAXIMA Microfinance,2010-08-17T18:01:53Z,"Mrs. Sroy H. (her daughters are in the photo), is 34 years old and her husband, Mr. Lavi Ly, is 37 years old. They live in a small village along National Road Number Five about twenty kilometers from Phnom Penh City. They have been married since 1998 and have four children--two sons and two daughters. All of them are in school.  

Sroy sells cake at the local school. Her husband is a construction worker. In addition, the couple is hired by their villagers to produce Khmer noodles. They do not have their own transportation for commuting which costs them a lot of money. 

Therefore, Sroy is applying for her first loan of US$ 600 to purchase a motorbike. 

",1.0,0.0,To purchase a motorbike for commuting,0,2010,0.0,,Food & Trade,1.0,Yes,Yes,No,No,Yes,Yes,Yes
170826,male,1,individual,Agriculture,1850.0,14,100,CJSC Bank Imon International,2010-01-23T16:45:51Z,"Born in 1980, N. Saifullo is married and has one child. He is a farmer and agriculture has become his beloved job, and has been the principle source of income for him for the last ten years. On his land he produces different kinds of produce. Thanks to his experiences that he gained during ten years, he gets a rich harvest every year from his land.

In light of the current high demand, Saifullo would like to improve his land and production to meet the market. In order to do this, he is seeking a loan of 8,000 Somoni to buy fuels and lubricants and fertilizer for improving and expanding his harvest. He would then be able to better take care of his family's health and food needs.

You could become an important part of the life of Saifullo’s family. He deeply appreciates the trust and support you are giving him.


<b>More about Tajikistan and IMON International</b>
Tajikistan is known for its rich history, which includes a key post along the Silk Road and the end of Alexander the Great's rule. It has also produced great thinkers, philosophers, scientists and poets, including Rudaki, Avicenna, Ferdowsi, Omar Khayyam, Jomi, and Rumi. The country is home to communities that still speak the ancient Sogdian language, epic mountain passes, and a civilization that dates back to the 4th millennium B.C. And, even today, it is a complex mixture of the Islamic faith, Soviet culture, New West culture and Central Asian traditions.

But Tajikistan is also the poorest of the former Soviet republics. The civil war, which ignited soon after its independence from the U.S.S.R., further damaged the already weak economy. In addition, 93% of the country is mountainous and only 7% of the land is arable. These conditions have resulted in high levels of unemployment and have forced hundreds of thousands to seek work in other countries, mainly Russia. While the people of Tajikistan are working to improve its agricultural production and manufacturing sector, nearly two-thirds of the population still live in abject poverty.

<b>IMON's History</b>
Since December 2007, IMON International has worked closely with Kiva and Kiva lenders to ensure that poor and low income clients represent a viable business proposition. Funds raised through Kiva have already been distributed to thousands of IMON International's clients and will continue to provide thousands more with permanent access to the varied financial services they need. To learn more about IMON International's work, please visit: <a href=""http://www.imon.tj""> www.imon.tj </a>
",0.0,1.0,"To purchase mineral fertilizer, fuels and lubricants",0,2010,1.2955439814814815,,Agriculture,1.0,Yes,Yes,No,Yes,Yes,Yes,Yes
311487,female,1,individual,Food,500.0,14,167,PADECOMSM,2011-07-10T14:25:11Z,"Rosa sells a variety of seafood.  She lives with her husband and 15-year-old grandson.  Rosa started her business 17 years ago from her home.  She has extensive experience in this business and it has allowed her to raise and educate her children using the profits she has earned.  
<p>
At the moment, she is requesting a loan to buy fish, squid, lobster, and shrimp.  This investment will increase the inventory that she offers to her customers.  By offering fresh seafood, she will be able to attract more customers.  
<p>
Rosa aspires to increase her sales and improve her business each day so that she can submit her loan payments on time and acquire everything she needs for her home.  

",1.0,0.0,"to purchase fish, squid, lobster, and shrimp.",0,2011,13.024398148148148,,Food & Trade,1.0,Yes,Yes,No,No,No,Yes,Yes
467941,male,1,individual,Agriculture,500.0,14,167,PADECOMSM,2012-09-12T11:52:31Z,"Manuel lives in his own house. He is a farmer and depends on this work to have what he needs in his home. He has five children who are now able to work and who help him farm every day. He learned how to farm from his father when he was about 10 years old and this has enabled him to have, since he was very young, the experience of planting the earth.  Nowadays he is working hard to teach his own children the same skills.

He is requesting a loan to purchase fertilizer and other materials, such as insecticides and pesticides, which are always used in the process of planting and growing crops. These purchases will help him to have all he needs to improve production.

Manuel’s goal is to improve conditions by increasing his family’s income through the loans that are financed by this institution, which will insure better production of his crops, so that he can market them.


",0.0,1.0,"to purchase fertilizer, insecticides and pesticides.",0,2012,0.953125,30.0,Agriculture,1.0,Yes,Yes,No,No,Yes,Yes,Yes
222465,female,1,individual,Arts,200.0,14,61,MAXIMA Microfinance,2010-08-15T02:06:06Z,"Mrs. Chantha U. (pictured) is 31 and has been a silk weaver since 1995. Her husband, Mr. Rayut Choun, 35, has been a construction worker for more than six years. They have been married since 2002. 

Chantha is requesting a loan in the amount of $200 to purchase silk materials for her weaving business. The family lives on an island on the Mekong River about 15 kilometers from Phnom Penh City.

",1.0,0.0,To buy silk materials for her weaving business,0,2010,0.0736574074074074,,Production & Construction,1.0,Yes,Yes,No,No,Yes,Yes,Yes
318644,male,1,individual,Retail,3000.0,14,100,CJSC Bank Imon International,2011-09-01T15:32:41Z,"Bakhtiyor lives and works in Dushanbe, Tajikistan. He is married and the father of two children. Bakhtiyor sells jewelry, souvenirs and hair clips at the market of “Korvon” in Dushanbe city. He tries to keep his family in a good living condition. That’s why he would like to get a loan of $3000 USD for purchasing jewelry, souvenirs and hair clips in order to expand his business and make a good profit to meet his family's needs.   


More about Tajikistan and IMON International

Tajikistan is known for its rich history, which includes a key post along the Silk Road and the end of Alexander the Great's rule. It has also produced great thinkers, philosophers, scientists and poets, including Rudaki, Avicenna, Ferdowsi, Omar Khayyam, Jomi, and Rumi. The country is home to communities that still speak the ancient Sogdian language, epic mountain passes, and a civilization that dates back to the 4th millennium BC. And, even today, it is a complex mixture of the Islamic faith, Soviet culture, New West culture and Central Asian traditions.

But Tajikistan is also the poorest of the former Soviet republics. The civil war, which ignited soon after its independence from the U.S.S.R., further damaged the already weak economy. In addition, 93% of the country is mountainous and only 7% of the land is arable. These conditions have resulted in high levels of unemployment and have forced hundreds of thousands to seek work in other countries, mainly Russia. While the people of Tajikistan are working to improve its agricultural production and manufacturing sector, nearly two-thirds of the population still live in abject poverty.

IMON's History

Since December 2007, IMON International has worked closely with Kiva and Kiva lenders to ensure that poor and low income clients represent a viable business proposition. Funds raised through Kiva have already been distributed to thousands of IMON International's clients and will continue to provide thousands more with permanent access to the varied financial services they need. To learn more about IMON International's work, please visit: www.imon.tj


",0.0,1.0,To buy jewelry and souvenirs,0,2011,29.286527777777778,,Food & Trade,1.0,Yes,No,No,No,Yes,No,No
133977,female,1,individual,Food,1200.0,14,110,Emprender,2009-09-24T20:33:00Z,"Sra. Julia has a food store at the Upper San Antonio Market, where she sells chicken, tripe, sausage, and pork, as well as groceries and canned goods.  She is from Yunas de La Paz and also has a store in Coripata, which is located in Nor Yungas, north of the district of La Paz.  She takes turns with her daughter in managing both locations.  Her husband operates a hardware store out of their home, where he sells construction materials.  Both of them are well-known in the neighborhood and have done well in their businesses.  
<p>
Doña Julia will purchase groceries for her two stores.  She and her husband have worked with our Institution for one year.  They have been inactive for awhile, but they have now returned to continue working with us.
			
				
				
				
				
				
<br /><p><strong>Translated from Spanish by Ronan Reodica, Kiva Volunteer</strong></p>",1.0,0.0,"Purchase groceries (oil, rice, flour, sugar, etc.)",0,2009,20.126967592592592,,Food & Trade,1.0,Yes,Yes,No,No,No,Yes,Yes
261851,female,1,individual,Services,225.0,8,163,HOFOKAM,2010-12-29T20:38:53Z,"Beatrice is twenty-seven years old, married with two children, living in a rented house in Fort Portal, Uganda and her goal is building rentals for the family. She has been operating a salon for three years and this has generated minimal income to help her provide for the family amidst mishaps of bad debts. Beatrice needs the loan to buy synthetic hair and chemicals for the salon.",1.0,0.0,Buying braids and cosmetics for her salon,0,2010,0.0,,Services,1.0,Yes,Yes,No,No,Yes,Yes,Yes
227571,female,1,individual,Agriculture,300.0,14,167,PADECOMSM,2010-09-03T21:21:15Z,"Juan is 22 year old and he lives in the El Transito municipality of the San Miguel region. He is single and he lives with is mother. He sells chickens. 

He started out his business with his mother's help. She has always sold chickens as a business. He has no fixed work schedule. The challenge he faces is the deficiency of funds to purchase building materials to build another chicken coop, for which reason he requests a loan. He will purchase wood, nails, aluminum sheeting, chicken feeders, and to purchase more chickens. This initiative will help him expand his farm and it will translate into greater sales. He always faces the risk of having his chickens fall ill. His aspirations are to have a large chicken farmer and to be a wholesale distributor. He wishes to keep working and to support his mother and improve the family's living conditions. <br /><p><strong>Translated from Spanish by Erika Lindig, Kiva Volunteer</strong></p>",1.0,0.0,"To purchase wood, nails, aluminum sheeting, chicken feeders, and chicken livestock.",0,2010,0.8271527777777777,,Agriculture,1.0,Yes,Yes,No,No,Yes,Yes,Yes
302412,female,1,individual,Retail,1000.0,8,110,Emprender,2011-06-04T01:13:22Z,"Sandra has a business selling DVDs.  She is separated from her husband, but she lives with her two young daughters.  One of them is sick, but thanks to Sandra's support she is getting better.  They live in the Alto Pampahasi neighborhood, which is 20 minutes from the center of the city.  Sandra has a store where she sells DVDs, and she also sells in the ""16 de Julio"" market in the city of El Alto, which is the largest market in the city.  Sandra is a  cheerful person who works very hard for her daughters so that they can have a good education, since she hopes that someday they will become professionals.  Sandra and her daughters are currently living in a small apartment, and they hope to save enough money to buy a house.  She requests a loan to buy DVD movies and display cases to exhibit her merchandise.  Sandra is grateful to Emprender and Kiva for their trust in providing her with this loan.",1.0,0.0,to buy DVD movies and display cases to exhibit her DVDs,0,2011,6.863391203703704,,Food & Trade,1.0,Yes,Yes,No,No,No,Yes,Yes
315921,female,1,individual,Agriculture,250.0,8,163,HOFOKAM,2011-07-14T23:48:10Z,"Theresa is a forty-three-year-old married woman with three children. She owns a house in Kasese, Uganda. 
<p>
Theresa has been in the poultry business for a year. This has enabled her to provide for basic needs for her family. Her challenge is expensive chicken feed.
<p>
Theresa needs a loan to pay for her children’s school fees. Her vision is to have a flock of at least 1,000 chickens and to buy more land. 
",1.0,0.0,to pay for her children’s school fees.,0,2011,0.130625,,Agriculture,1.0,Yes,Yes,No,No,Yes,Yes,Yes
168792,female,1,individual,Food,250.0,6,119,Asociación Arariwa,2010-01-15T16:48:58Z,"Our borrower is YOLANDA, who belongs to the “MUJERES UNIDAS” (""Women United"") communal bank. She comes from the city of Cusco.

Yolanda is 37 years old and married, with four children who are 14, 13, 4, and 4 months old. She divides her time between her household activities and her retail business. She has a small sales stand where she sells quinua and cakes. Preparing the quinua is an involved process (sorting the grains, washing the quinua in 4 changes of water, placing it in a pot and boiling it for at least 30 minutes). After that, it is processed in a blender with chopped green apple and served hot with milk. It is a nutritious breakfast, and Yolanda also prepares cakes of various flavors and sandwiches to go along with the quinua. This food is sold in various neighborhoods on the corners between 6 and 9 in the morning. The result is a delicious breakfast that provides plenty of energy. Yolanda is requesting a loan so she can reinvest in her small business. 

Yolanda reports that she is grateful and happy for the opportunity to continue expanding her business, and she is committed to making her loan payments on time. 
<br /><p><strong>Translated from Spanish by Patricia Linderman, Kiva Volunteer</strong></p>",1.0,0.0,Purchasing supplies for her business,0,2010,0.0268171296296296,,Food & Trade,1.0,Yes,Yes,No,No,No,Yes,Yes
472771,female,1,individual,Arts,400.0,6,119,Asociación Arariwa,2012-09-21T19:51:12Z,"She continues in the embroidery business.  She does work on cushions, mats and tablecloths.  She embroiders with thread and sells them independently.  She works from 8am until 5pm.  Her dream is to have a store where she can sell her embroidery.  She’s requesting the loan to buy colored thread and needles at wholesale.  She’s happy about the loan and commits to make her installment payments.",1.0,0.0,to buy colored thread and needles at wholesale.,0,2012,0.0907175925925925,30.0,Production & Construction,1.0,Yes,No,No,No,No,Yes,Yes
451105,male,1,individual,Services,400.0,6,119,Asociación Arariwa,2012-07-24T09:35:22Z,"Our member is Sr. Juan, who belongs to the ""Los Lideres"" communal bank in Cusco, Peru. He continues dedicating himself to automobile repair in his shop, and with the requested loan he will purchase parts for the vehicles that he repairs. 

Juan is very grateful to Kiva for allowing him to keep working in his activity and for supporting his family. 

He appreciates the loan and promises to comply with the payments in his payment plan. ",0.0,1.0,to buy auto parts for his mechanics shop,0,2012,1.08,30.0,Services,1.0,Yes,Yes,No,No,Yes,Yes,Yes
342443,female,10,group,Transportation,1650.0,6,119,Asociación Arariwa,2011-10-15T09:52:58Z,"Patricio was born in the municipality of San Ramón in Puno department, and has resided in the city of Cusco for 15 years. He is the member raising his hand in the photograph. 

Patricio is 51, married, with five children, of whom three are on their own, and two still depend on him. He is a very hard-working and responsible man, who is helping his family get ahead in life.  He is a driver for a city bus company, and in his free time he also operates his own taxi. It's going very well, thanks to the effort he puts into his work. On this occasion, Patricio needs the loan to have maintenance done on his taxi.

The members of the ""Real Atahualpa"" communal bank meet every 30 days in the city of Cusco. The communal bank is made up of people who are hard-working and enterprising, who at every turn are looking for opportunities to get ahead, and through their daily effort provide a better future for their children. The majority of the members live in the city of Cusco. The rest of the members are involved in money-making activities such as selling groceries, renting cars, cooking, master bricklayer's helper, farming, renting a retail stand and other things.

Cusco is well known for its tourism, commerce, traditional Inti Raymi festival, and because Machu Picchu, one of the Seven Wonders of the World, is located there.",7.0,3.0,To have maintenance done on his taxi.,0,2011,10.026423611111111,,Services,1.0,Yes,Yes,No,No,Difficult to tell,Yes,Yes
334278,male,1,individual,Transportation,1200.0,16,110,Emprender,2011-10-08T05:06:12Z,"Señor Jorge works in passenger transport in the urban area of our city. He works as a taxi driver (metered taxi) and has been doing this job for the last 3 years. He is single and works to support himself. He lives in rented accomodation at an altitude of 6km. The loan he is asking for is for the maintenance and repair of his vehicle which is his only source of income.

						
		
",0.0,1.0,to pay for the maintenance and repair of his car,0,2011,24.67789351851852,,Services,1.0,Yes,Yes,No,No,No,Yes,Yes
257150,female,1,individual,Food,1200.0,21,98,AFODENIC,2010-12-16T23:12:42Z,"Melania is a small businesswoman who has grown thanks to her tenacity and the support with which our institution has provided her through nine loans.  Melania's business is a bakery where she works every day making delicious bread to distribute to different parts of the capital city.

Melania has workers who make the bread as well as herself and her husband.  They work toward better production results.

Melania will use this loan to buy ingredients for making bread such as: flour, sugar, oil, butter, cheese, yeast as well as some new pans for preparing the bread.

Melania is happy that she has managed to keep her business steady since everything is costing a lot right now and she has to sell in order to be able to fulfil her responsibilities.",1.0,0.0,"To buy ingredients for making bread such as: flour, sugar, cheese, yeast, etc. to increase her production",0,2010,4.987916666666667,,Food & Trade,1.0,Yes,Yes,No,No,No,Yes,Yes
444079,female,6,group,Services,825.0,6,187,MicroStart,2012-06-29T16:02:02Z,"Mrs. Zalissa is the representative of WINDIN GOUDI Group. She's faring well, and so does her family. She was able to buy sewing supplies and is very happy because the loan helped her very much. She's now seeking a new loan and hopes that everything will go well once again.

She's married and the mother of three children. The oldest is 10 and the youngest is 4 years old. Both go to school, and she has three persons in her care.

Mrs. Zalissa has been a seamstress for fifteen years. She gets her supplies at the markets Toecin, Bissighin and Sector 22. Her customers and women and men.

She wants to purchase two rolls of poplin, some double collars, satin fabric, one pack of zippers, and other accessories.

She wants to put some of her profits away and improve the living standard of her family. She ambitions to buy an embroidery machine for her business.",6.0,0.0,"to buy two rolls of poplin, some double collars, satin fabric, one pack of zippers, and other accessories",0,2012,0.1402430555555555,30.0,Services,1.0,Yes,Yes,No,No,No,Yes,Yes
308999,female,1,individual,Housing,1000.0,22,61,MAXIMA Microfinance,2011-06-21T03:02:40Z,"Sat (in the photo) is 51 years old; her husband, Buntheun, is 61 years old. They have been married since 1982 and have four sons and one daughter. They live about fifteen kilometers from Phnom Penh City. 

Sat is a garment worker, while her husband is a security guard. She is in the process of building a new house, but lacks some money to finish it. Hence she decided to request her first loan of $1,000 to do the finishing details. 
",1.0,0.0,To finish her house building.,0,2011,0.2309837962962962,,Production & Construction,1.0,Difficult to tell,Yes,No,No,Yes,Yes,Yes
278696,female,1,individual,Housing,1200.0,22,61,MAXIMA Microfinance,2011-03-16T12:59:28Z,"Mrs. Mony N. and her husband, Mr. Moeurn Chea, have been married since 1985.  They have four children -- two sons and two daughters. One is married, one is a garment factory worker and other two are in school. The couple lives along the Tonle Basac River, a tributary of the nearby Mekong River, about fifteen kilometers from Phnom Penn City.

Mony is a flower farmer.  She also buys bananas in her village and transports both flowers and bananas to sell at the Phnom Penh market. A recipient of a previous Kiva loan, she is now requesting another loan of $1,200 to organize her house by laying bricks in order to visually enhance it.
",1.0,0.0,To organize her house by laying bricks in order to visually enhance it.,0,2011,13.08292824074074,,Production & Construction,1.0,No,No,No,Yes,Yes,No,No
477758,male,1,individual,Food,600.0,6,163,HOFOKAM,2012-10-12T01:29:21Z,"Jared lives in the town of Masindi, Uganda, where he operates a bar business selling soft drinks and beers.  He is charged with the responsibility of  looking after three children, all of whom are his biological children.  

Jared needs the loan facility to buy drinks to sell.  Theft and customers not paying on time hinder his business, while his dreams are to build a permanent home and buy land to grow crops.",0.0,1.0,To buy more drinks to sell.,0,2012,7.339803240740741,30.0,Food & Trade,1.0,Yes,Yes,No,No,Yes,Yes,Yes
330165,male,1,individual,Clothing,2000.0,14,100,CJSC Bank Imon International,2011-10-04T14:12:00Z,"Bakhtiyor owns a small business in the southern part of Tajikistan.  He is the sole provider for his family.  He has a wife and two children.  He sells men's, women's and children's clothing at the market.  Bakhtiyor has been working in this business for about five years.  He wants to expand his business and open a new sales outlet and, thus, increase his profits.  Bakhtiyor is requesting $2000 for the purchase of clothing for the upcoming season.  He wants to expand his business and achieve successes and, thus, improve his family's quality of life.",0.0,1.0,to purchase clothing,0,2011,30.07775462962963,,Food & Trade,1.0,Yes,Yes,No,No,Yes,Yes,Yes
159838,female,1,individual,Arts,350.0,15,61,MAXIMA Microfinance,2009-12-09T07:13:04Z,"Kunthy L., 29, is single and lives on an island in the Mekong River with her grandfather and her mother, who is a silk weaver. Her home is approximately fifteen kilometers from Phnom Penh, the capital city of Cambodia.

Kunthy has been a silk weaver since she was fourteen years old, a skill she learned from her mother. She sells her finished products to a middleman in the village, who then takes them to sell in Phnom Penh market.
<p>
The space under her house where she weaves is small, which makes weaving difficult for her. Therefore, Kunthy is applying for her first loan of $350 to build a shelter in front of her house. After the renovations, she will be able to weave more comfortably.
",1.0,0.0,To build a shelter in front of her house where she weaves.,0,2009,0.7033217592592592,,Production & Construction,1.0,Yes,No,No,No,Yes,Yes,Yes
414553,male,1,individual,Health,700.0,12,148,Association for Rural Development (ARD),2012-04-19T00:39:10Z,"This is 48-year-old Bashiru.  He is married, and has three children aged 4, 7 and 14 years old. He has two additional dependents who live with him to help with the house chores.  In 2010, Bashiru established his patent drugs business. He began his business out of the need to care for the needs of the patients within the community. Working six days a week and 14 hours a day, he earns about Le 1,500,000 every month from this business. He would like a loan of Le 3,000,000. Bashiru requires a loan in order to buy additional medical drugs. He hopes that this loan will enable him to increase his monthly profits by approximately Le 300,000. In the future, Bashiru plans to increase the business and improve on the pharmacy.   He thanks you for your support.",0.0,1.0,To pay for medical drugs,0,2012,0.2216087962962963,30.0,Services,1.0,Yes,Yes,No,No,No,Yes,Yes
490370,female,1,individual,Food,200.0,8,119,Asociación Arariwa,2012-11-08T19:13:05Z,"Piedad was born in the small town of Huayocari, Huayllabamba district, and she still lives there. This district is a part of the Calca province, department of Cusco. She is 27, married, and has two children, fruits of this beautiful relationship.

She sells essential supplies, such as rice, sugar, milk cans, bread and noodles. She is now requesting a loan to buy rice and sugar by the sack and some additional supplies.

She is a responsible and committed person, and that is why she is a member of the communal bank “Pro Mujer de Huayocari”, part of Asociación Arariwa.",1.0,0.0,"to buy rice and sugar by the sack, and some additional supplies.",0,2012,2.7382407407407405,30.0,Food & Trade,1.0,Yes,Yes,No,No,No,Yes,Yes
347936,female,1,individual,Retail,225.0,8,187,MicroStart,2011-10-20T21:04:15Z,"Mrs. Djamilatou is married and the mother of five children. The eldest is 20, the youngest is 6. Out of them, four attend school. She has eight persons to support.

She's been selling kabakourou soap (made in Côte d'Ivoire), gari (cassava flour), and aloco (plantain) for five years. She gets her supplies at the Ouagadougou train station. Her customers are both women and men.

She wants to buy two sacks of kabakourou soap, two sacks of gari, and five bunches of aloco.

Mrs. Djamilatou would like to expand her business with her savings, by purchasing larger supply quantities. She ambitions to get her supplies directly in Côte d'Ivoire, in order to sell wholesale and semi-wholesale.

She also wants to help her children study by paying their school expenses.",1.0,0.0,"to buy two sacks of soaps, two sacks of cassava flour, and five bunches of plantains",0,2011,0.0237152777777777,,Food & Trade,1.0,Yes,Yes,No,No,No,Yes,Yes
142363,female,1,individual,Construction,600.0,15,61,MAXIMA Microfinance,2009-10-07T21:42:49Z,"Mrs. Mon M., 39, and her husband, Mr. Sengkry Teng, 45, married in 1993 and have four children: three sons and one daughter. Two of them stay at home, one is in school and another one is still young. The family lives on an island in the Mekong River about fifteen kilometers from Phnom Penh, the capital city of Cambodia.<P>

Mon has been a silk weaver for almost 20 years, a skill she learned from her mother. She sells her finished products to a middleman who then takes them to sell in Phnom Penh market. Her husband has been a construction worker for over 10 years. He works in his village. <P>

Mon is requesting a loan of US$ 600 in order to build pillars on her house and purchase silk materials for her weaving business. 
",1.0,0.0,To build pillars of her house and buy silk materials for her silk weaving business,0,2009,0.1197685185185185,,Production & Construction,1.0,Yes,Yes,No,No,Yes,Yes,Yes
134130,male,1,individual,Agriculture,500.0,14,98,AFODENIC,2009-09-23T16:32:30Z,"Mr. Remigio Antonio P. Sánchez is 37 years old and lives in the neighborhood of San José de los Ríos, in the municipality of Ticuantepe. Remigio lives with his wife, who works and helps out with the household costs. They have two children who attend secondary school and also assist with the farm work. Remigio hopes to improve his family's living conditions. For almost 20 years he has worked in the agriculture business, starting the venture independently with his own effort. In the future, Remigio hopes to diversify the crops grown on his property, but now the biggest difficulty he faces is that the farm lacks the tools and supplies necessary to cultivate a good harvest. With the loan, Remigio is going to buy fertilizers and other supplies that will allow him to increase his production, which he hopes to sell at a good price to cover the business costs and his family's needs. <br /><p><strong>Translated from Spanish by Kevin Credo, Kiva Volunteer</strong></p>",0.0,1.0,To buy fertilizers and use them on the farm,0,2009,21.21681712962963,,Agriculture,1.0,Yes,Yes,No,No,Yes,Yes,Yes
299062,male,1,individual,Agriculture,550.0,8,119,Asociación Arariwa,2011-05-20T21:50:46Z,"Mario is a native of the city of Urubama and is a father of two children. He is 50 years old and lives with his wife in a house in Urubamba, department of Cusco, Peru. This area is known for being a tourist zone rich with livestock and agriculture, and the skillful and hard-working people identify with the local saying: ""Peru's Archaeological Province."" Mario has more than six years of experience as Urubamba's chief registrar and can be found fulfilling his duties from 8 a.m. until 4 p.m. Monday through Friday. He also makes a living raising small animals and is requesting a loan of 1,500 soles from Kiva partner Asociación Arariwa that he plans to use to purchase more animals, such as guinea pigs, chickens, ducks and pigs, so he can increase his capital. This will allow him to expand his business and earn more profits he can put toward the well-being of his two children. Mario has a good reputation with Asociación Arariwa since in the past he has repaid his various loans punctually and responsibly.",0.0,1.0,"to purchase animals such as guinea pigs, chickens, ducks and pigs.",0,2011,1.819930555555556,,Agriculture,1.0,Yes,Yes,No,No,No,Yes,Yes
364969,male,1,individual,Housing,425.0,13,163,HOFOKAM,2011-12-24T12:03:42Z,"Lawrence, a 49-year-old married father of three children, lives in Hioma, Uganda where he has been a primary school teacher for 22 years. His personal goal is to educate his children, and his business goal is to complete the construction of his rental houses.Faced with the challenges of price fluctuations and inflation, Lawrence is requesting a loan to complete building his rental houses.",0.0,1.0,to complete building his rental houses.,0,2011,3.967789351851852,,Production & Construction,1.0,Yes,Yes,No,No,Yes,Yes,Yes
339765,female,1,individual,Clothing,625.0,6,119,Asociación Arariwa,2011-09-27T05:12:48Z,"
Amira, 35, is a member of the “Mujeres Unidas” (United Women) communal bank located in San Jerónimo District in Cusco Province and Department.

She’s single and has two children.  She is a clothes merchant.  She buys bundles of American clothes on the border between Chile and Perú and brings them to sell every Saturday.  She rents a small stand to exhibit her clothes.  She wants to use the loan to invest in the trip and to buy two bundles of assorted clothes.  She is requesting the loan to invest in the purchase of bundles of American clothes.

She is grateful for the support she’ll get and at the same time commits to make her installment payments in a disciplined manner.
",1.0,0.0,to buy bundles of Amercian clothes.,0,2011,0.654537037037037,,Food & Trade,1.0,Yes,Yes,No,No,No,Yes,Yes
371773,female,1,individual,Food,1200.0,19,110,Emprender,2011-12-30T08:47:39Z,"Eugenia is married to Jorge, and they live in the city of La Paz. They have two school-age children.

Eugenia sells food, and her husband works for a public agency. They both work hard and make sacrifices to get ahead and to achieve the family's goals.

She will use the loan she asked for to buy construction materials for repairs on their house because the rainy season is coming and she wants to make the repairs quickly. Eugenia is happy to have the loan because she can use it to make her family more comfortable.",1.0,0.0,to buy construction materials to repair her home,0,2011,12.907905092592593,,Food & Trade,1.0,Yes,No,No,No,No,Yes,Yes
259824,male,1,individual,Agriculture,500.0,14,167,PADECOMSM,2010-12-21T00:10:45Z,"José, 39, lives in Jucuapa, Usulután department with his wife and three children who are 18, 14 and 10 years of age.  He has a poultry raising business that his father started and then passed on to José to run.  He has worked Monday through Sunday for the last 12 years.

He is asking for a loan now to buy chicks and concentrated feed because he wants to increase his flock size to have more to offer his area customers. The loan will make it possible for him to increase production for sale.  He also wants to generate higher profits for his household.

His hopes are to set up a new poultry ranch and help his children to continue with their studies.
",0.0,1.0,To buy chicks and chicken feed.,0,2010,0.1948148148148148,,Agriculture,1.0,Yes,Yes,No,No,Yes,Yes,Yes
255636,male,1,individual,Agriculture,1000.0,14,100,CJSC Bank Imon International,2010-12-20T12:57:32Z,"M. Abdumajid is 33 years old. He is married with two children. From the time he was young, Abdumajid was learning to work in the small business of cattle breeding. After he married, he continued working in the same business, watching the business grow as a result of his sacrifice, and seeing his family progressing more and more. His hope is to continue growing and improving his business to offer a better future for his children, and see them as professional, ethical and hardworking. For this reason Abdumajid is asking for a loan of $1000 USD. He wants this loan to buy additional livestock and is sincerely thankful for your support. 


More about Tajikistan and IMON International

Tajikistan is known for its rich history, which includes a key post along the Silk Road and the end of Alexander the Great's rule. It has also produced great thinkers, philosophers, scientists and poets, including Rudaki, Avicenna, Ferdowsi, Omar Khayyam, Jomi, and Rumi. The country is home to communities that still speak the ancient Sogdian language, epic mountain passes, and a civilization that dates back to the 4th millennium BC. And, even today, it is a complex mixture of the Islamic faith, Soviet culture, New West culture and Central Asian traditions.

But Tajikistan is also the poorest of the former Soviet republics. The civil war, which ignited soon after its independence from the U.S.S.R., further damaged the already weak economy. In addition, 93% of the country is mountainous and only 7% of the land is arable. These conditions have resulted in high levels of unemployment and have forced hundreds of thousands to seek work in other countries, mainly Russia. While the people of Tajikistan are working to improve its agricultural production and manufacturing sector, nearly two-thirds of the population still live in abject poverty.

IMON's History

Since December 2007, IMON International has worked closely with Kiva and Kiva lenders to ensure that poor and low-income clients represent a viable business proposition. Funds raised through Kiva have already been distributed to thousands of IMON International's clients and will continue to provide thousands more with permanent access to the varied financial services they need. To learn more about IMON International's work, please visit: www.imon.tj



",0.0,1.0,To purchase cattle to expand the business,0,2010,13.185659722222224,,Agriculture,1.0,Yes,No,Yes,Yes,Yes,Yes,Yes
239593,female,1,individual,Housing,1000.0,14,110,Emprender,2010-10-20T17:36:03Z,"Yalila is married and she has three children, two of whom are grown and help her with the business. Her husband also helps with the business. They have a restaurant bar where they server a variety of meals, including soups and other traditional foods. The business is equipped with furniture and dishes that are her own. She previously lived in the district of Saipina near Santa Cruz. For financial reason they came to live to Cochabamba. They have purchased a plot of land to build a house later on. Currently they live in a section of the building where the business is located. The funds from this loan will be used to pay for the plot of land. She is a very hard working person and she is very grateful for the support provided.",1.0,0.0,To purchase a plot of land.,0,2010,0.0,,Production & Construction,1.0,No,Yes,No,No,No,Yes,No
352703,female,1,individual,Services,200.0,6,119,Asociación Arariwa,2011-10-29T23:00:17Z,"Josefina continues to participate in one of the communal banks in the microfinance unit of the Asociación Arariwa in the city of Cusco. Josefina still has her travel agency and things are going very well.

With her previous loan things went very well for Josefina and she was able to attain good benefits. For this reason she wants another loan as it helps her a lot.

Josefina needs the loan to invest in the capital of her travel agency; that is, she wants to buy tourist tickets and desk supplies.
 
Josefina is grateful for the opportunity offered to her through this means, and she is committed to making the repayments according to the timeline.
",1.0,0.0,to buy tourist tickets and desk supplies.\r\n.,0,2011,0.1598726851851852,,Services,1.0,Yes,Yes,No,No,No,Yes,Yes
304107,female,1,individual,Food,350.0,7,163,HOFOKAM,2011-06-02T03:31:29Z,"Alice is 24 years old with four children. She has no other dependents and lives in her own house in Hoima in western Uganda. For six years she has been operating a produce business and she started as a market vender in a small village market of Katikara. She hopes her business grows to a big produce store in the future and she is requesting for a loan to purchase maize, rice and beans. 
",1.0,0.0,To buy maize and beans for sale.,0,2011,0.994039351851852,,Food & Trade,1.0,Yes,Yes,No,No,Yes,Yes,Yes
139814,male,1,individual,Food,1500.0,14,100,CJSC Bank Imon International,2009-10-03T13:27:24Z,"M. Bahodir is an experienced bread baker. He has been doing this business for more than 6 years. He is baking the national bread “lepeshka” at home. He believes that this business is profitable and is not the subject to the seasonality. He is getting up early and baking the lepeshka and bread so that people have the fresh bread on their tables for breakfast. All the input materials like the flour, salt, yeast he is purchasing in the local market. Now due to high demands Bahodir wants to increase the number of his breads so that he requests for a loan of $1500 USD. The loan will be spend for purchasing the flour, and coal for baking the “lepeshka”. Bahodir deeply appreciates the trust and support you are giving him.   


More about Tajikistan and IMON International

Tajikistan is known for its rich history, which includes a key post along the Silk Road and the end of Alexander the Great's rule. It has also produced great thinkers, philosophers, scientists and poets, including Rudaki, Avicenna, Ferdowsi, Omar Khayyam, Jomi, and Rumi. The country is home to communities that still speak the ancient Sogdian language, epic mountain passes, and a civilization that dates back to the 4th millennium BC. And, even today, it is a complex mixture of the Islamic faith, Soviet culture, New West culture and Central Asian traditions.

But Tajikistan is also the poorest of the former Soviet republics. The civil war, which ignited soon after its independence from the U.S.S.R., further damaged the already weak economy. In addition, 93% of the country is mountainous and only 7% of the land is arable. These conditions have resulted in high levels of unemployment and have forced hundreds of thousands to seek work in other countries, mainly Russia. While the people of Tajikistan are working to improve its agricultural production and manufacturing sector, nearly two-thirds of the population still live in abject poverty.

IMON's History

Since December 2007, IMON International has worked closely with Kiva and Kiva lenders to ensure that poor and low income clients represent a viable business proposition. Funds raised through Kiva have already been distributed to thousands of IMON International's clients and will continue to provide thousands more with permanent access to the varied financial services they need. To learn more about IMON International's work, please visit: www.imon.tj
",0.0,1.0,Purchasing the flour as a wholesale for baking the national bread “lepeshka”.,0,2009,2.268414351851852,,Food & Trade,1.0,Yes,Yes,Yes,No,Yes,Yes,Yes
346894,female,1,individual,Retail,375.0,6,119,Asociación Arariwa,2011-10-16T05:50:26Z,"Elaine is 36, married and has three children.  Along with her daily activities, she sells motorcycle spare parts. She works from 8:00am to 7:00pm. 

She no longer has the sweater knitting business, because the motorcycle spare parts business is more profitable. She wants to expand the motorcycle spare parts business. She is applying for the loan in order to buy motorcycle spare parts at wholesale.

She is happy about getting the loan, and promises to make her instalment payments.",1.0,0.0,to buy motorcycle spare parts for her business.,0,2011,0.0,,Food & Trade,1.0,Yes,Yes,No,No,Yes,Yes,Yes
438126,female,1,individual,Agriculture,400.0,14,167,PADECOMSM,2012-06-26T19:05:11Z,"Consuelo lives with her husband and children in her own house.  She is a homemaker and also helps her husband grow corn and raise livestock.  For 20 years they have been in the farm business.

She is requesting a loan to begin planting corn for which she must buy fertilizers, weed killers and instecticides.  These are the supplies she needs for the land in order to have a good harvest free of plagues.

Her goal is to use the loan to improve their crop so they can obtain a good profit from selling their harvest.
",1.0,0.0,"To buy fertilizers, weed killers and insecticides.",0,2012,8.801898148148148,30.0,Agriculture,1.0,Yes,Yes,No,No,Yes,Yes,Yes
363049,female,1,individual,Retail,200.0,6,119,Asociación Arariwa,2011-11-25T16:25:44Z,"Urbana devotes herself to the business of selling nougats, which are maD. with a base of rice and honey.  She prepares the nougats, and she later distributes them to different stores or schools.  She works from 9:00 a.m. to 5:00 p.m.  It is through this business that she gets her children ahead.

She wants to expand and improve her business of selling nougats.  She is requesting a loan to buy rice, honey, and papers to wrap the nougats.

She is happy about the loan, and she pledges to make her payments.
",1.0,0.0,"to buy rice, honey, and papers to wrap the nougats.",0,2011,0.0386574074074074,,Food & Trade,1.0,Yes,No,No,No,No,Yes,Yes
202315,male,1,individual,Manufacturing,475.0,14,98,AFODENIC,2010-05-23T08:35:54Z,"Sr. Eddy Arnulfo G. is an older gentleman who lives in the neighborhood of Buena Vista.  His wife is a merchant while he operates a woodworking shop where he makes furniture based on orders that he receives.  This is how he earns money to meet the daily needs of his family.  Eddy has invested 25 years worth of effort into maintaining his business.
<p>
In the future, he wants to make improvements to the infrastructure of his workshop.  His first loan was used to buy a large inventory of raw materials for making furniture to sell in the capital markets.  Subsequent financial support to the G. family will bring about a significant change in their household finances.  The development of new investment opportunities represents new sources of income that will help his family become more stable and comfortable.  

<br /><p><strong>Translated from Spanish by Ronan Reodica, Kiva Volunteer</strong></p>",0.0,1.0,Purchase woodworking materials,0,2010,0.9832407407407407,,Production & Construction,1.0,Yes,Yes,No,No,Yes,Yes,Yes
304446,female,1,individual,Retail,300.0,8,167,PADECOMSM,2011-06-13T15:50:55Z,"María lives with her husband and two children who are 17 and 4 years old.  She sells “pupusas” (typical Salvadoran fast food) and basic need items at home.  She does not have a fixed work schedule and she’s been running the business for the last 18 months.

Currently, María needs to buy merchandise for the business so is asking for a loan to buy oil, sugar, cured meats, snacks, soft drinks and soap.  This arises because of the need to strengthen the business and offer customers what they most need in their homes.

For María, the goal is to contribute to her children’s development through the daily effort she puts into her business.
",1.0,0.0,"to buy oil, sugar, cured meats, snacks, soft drinks and soap.",0,2011,6.361689814814815,,Food & Trade,1.0,Difficult to tell,Yes,No,No,Yes,Yes,Yes
384746,male,1,individual,Food,850.0,12,163,HOFOKAM,2012-01-31T04:17:55Z,"Charles is a 35-year-old married man with two children living in Masindi, Uganda.

He started as a farmer, managed to make some savings, and now he deals in produce selling. 

His dream is to have a big food store that can sustainably supply the vast market available.

Charles needs the loan to buy maize, millet and beans to resell.",0.0,1.0,"to buy maize, millet and beans to resell.",0,2012,5.074884259259259,30.0,Food & Trade,1.0,Yes,Yes,No,No,Yes,Yes,Yes
411684,male,1,individual,Agriculture,150.0,8,167,PADECOMSM,2012-04-15T20:42:25Z,"Omar is a farmer. He lives with his wife and their two children. He only works at home. He began when he was very young with his father who taught him to work. He doesn’t have set work hours. 

He is asking for a loan to buy materials to use in farming, like fertilizers, herbicides, and better seeds. This purchase will help him to have the necessary supplies and be able to boost his harvest. 

Omar’s goal is that his work with the land will be profitable, yielding good production to support his family. 

",0.0,1.0,"to buy fertilizer, herbicide, and better seeds.",0,2012,0.0155439814814814,30.0,Agriculture,1.0,Yes,No,No,No,Yes,Yes,Yes
347582,female,1,individual,Food,375.0,6,119,Asociación Arariwa,2011-10-17T21:47:38Z,"Her name is Clorinda. She is 43 years old, married common-law, and she has 2 children. Her business is a grocery store from where she sells basic consumer goods such as rice, sugar, milk, flour, and pasta. She works from 6:00 a.m. until 11:00 p.m. She wants to keep expanding and improving her grocery store business. She requests a loan to purchase products such as rice, sugar, milk, and pasta in wholesale for her grocery store. 

She is happy for the loan and she is committed to making her loan payments.
",1.0,0.0,"to purchase products such as rice, sugar, milk, and pastas in wholesale for her grocery store.",0,2011,0.1925231481481481,,Food & Trade,1.0,Yes,Yes,No,No,No,Yes,Yes
428412,female,1,individual,Arts,575.0,6,119,Asociación Arariwa,2012-05-21T10:48:35Z,"The member is 45 is married and has three children. She works as a kindergarten teacher. Her husband has a postcard business. He is a photographer who designs postcards, which he then sells in various touristic sites around Cusco and near Macchu Picchu, the famous Incan ruins. 
The member is requesting a loan to buy postcard materials, such as cardstock, and to pay for printing expenses. In the future, the member and her husband would like to buy a printer in order to reduce the costs of making the postcards.

The member is receiving an individual loan as a member of the village bank ""Hatunchaskas"" in Cusco, which is located in the South Andean region of Peru. The bank is in its third cycle with Asociación Arariwa.
",1.0,0.0,to purchase materials for the production of postcards that her husband makes.,0,2012,0.0,30.0,Production & Construction,1.0,Yes,Yes,No,No,No,Yes,Yes
265716,male,1,individual,Arts,1100.0,26,167,PADECOMSM,2011-01-19T07:55:59Z,"Mr Juan, age 51, lives with his wife and four children ages 20, 17, 12 y 10. They live in Lolotiquillo, in the Morazán department. He makes crafts. Specifically, he makes saddles, woven rings and bedrolls. He makes the bedrolls from reeds. This is a full-time business.

He is requesting this loan for the purchase of basic materials to keep making his products. He will purchase reeds and leather in order to have the necessary items to do his work.

He intends to work in order to improve his home and to support his children with their studies.",0.0,1.0,the purchase of reeds and leather,0,2011,0.6984953703703703,,Production & Construction,1.0,Yes,Yes,No,No,Yes,Yes,Yes
226231,female,1,individual,Food,1025.0,12,148,Association for Rural Development (ARD),2010-08-27T11:57:33Z,"Marie J. sells provisions at O.I.C road in Makeni. She is hard working and committed to her business. She is married and got her start up capital from her husband, a high school graduate. She has 42 years of business experience. She needs a loan of SLL 4,000,000 to buy additional provisions and groceries. She hopes to use the proceeds of the loan to send her five dependants to the university level and help her husband complete their house. She thanks you for supporting her.",1.0,0.0,To buy provisions and grocery products,0,2010,1.1649189814814815,,Food & Trade,1.0,Yes,Yes,No,No,No,Yes,Yes
328157,female,9,group,Retail,1175.0,8,163,HOFOKAM,2011-08-26T09:35:45Z,"Neverless is a 50-year-old single mother with four children. She owns a house in Kasese, Uganda. 

She has been operating a retail shop for 16 years. She started her shop with capital of 100,000 UGX, and now she has 1,000,000 UGX as her working capital. 

Her hardship is debtors who take too long to pay. Her vision is to run a wholesale business and to educate her children.

Neverless needs the money to buy sugar, rice and soap for resale.",8.0,1.0,"To buy sugar, rice and soap to resell.",0,2011,3.774768518518519,,Food & Trade,1.0,Yes,Yes,No,No,No,Yes,Yes
448153,female,1,individual,Food,100.0,6,119,Asociación Arariwa,2012-07-15T21:30:26Z,"This is our member, Guillermina.  She belongs to the Sol Naciente Communal Bank in the city of Cusco, Peru.  She cleans hotel rooms for a living.  Guillermina will use the loan she requested to buy utensils and cutlery for the upcoming opening of her restaurant.

Guillermina is very thankful to Kiva for allowing her to open her own business and for helping her support her family.

She is thankful for the loan and promises to make her payments on time.
",1.0,0.0,to buy kitchenware and cutlery to open her restaurant,0,2012,0.0141203703703703,30.0,Food & Trade,1.0,Yes,Yes,No,No,Yes,Yes,Yes
447721,female,1,individual,Food,400.0,8,119,Asociación Arariwa,2012-07-15T18:11:34Z,"This member belongs to the 'Ima Sumac Suncco' community bank which is located in Cusco province and department.

The member is 55-year-old Nicolasa who divides her time between her daily activities and her business raising animals such as guinea pigs.  She raises these animals and then sells them to customers who request them from her.  She is also in the cattle business and sells vegetables such as carrots, onions, squashes, etc.  She has been in this business for a long time and it is doing well thanks to the effort that she puts in every day.  This is how she provides for her family.

Nicolasa is requesting a loan to buy carrots wholesale.  She is happy to be receiving the loan and pledges to make her repayments on time.",1.0,0.0,to buy carrots wholesale,0,2012,0.8273958333333333,30.0,Food & Trade,1.0,Yes,Yes,No,No,Yes,Yes,Yes
385481,male,1,individual,Retail,700.0,9,148,Association for Rural Development (ARD),2012-02-09T09:20:49Z,"Abu Bakarr is 48 years old and is married with three children, ages 7, 10, and 19. He has one additional dependent, who lives with him because he is in school and needs assistance. Abu Bakarr established a cosmetic and artificial hair business in 1996. He began his business to avoid being idle and it is his only source of income. Abu Bakarr works seven days a week and nine hours a day to earn about 950,000 SLL every month. 

Abu Bakarr is requesting a 3,000,000 SLL loan to buy hair extensions and artificial hair products such as Darling and Rihenna. He hopes that his loan will enable him to increase his monthly profits by approximately 250,000 SLL. In the future, Abu Bakarr plans to own a house in Freetown, educate his children, and buy a car. He thanks you for your support.
",0.0,1.0,to buy cosmetics and artificial hair products,0,2012,12.736631944444444,30.0,Food & Trade,1.0,Yes,Yes,No,No,No,Yes,Yes
435933,female,1,individual,Food,225.0,8,163,HOFOKAM,2012-06-13T18:23:04Z,"Malaika is a thirty-three-year-old single mother of three children living in Fort Portal, Uganda. She has a personal goal of educating her children up to the university. Her main business is a pub, which she has been running for the last year. Her main hardship is customers not paying on time; however, she has a vision of diversifying her business to include farming. Malaika needs a loan to buy sodas for resale.",1.0,0.0,to buy sodas for resale.,0,2012,2.91181712962963,30.0,Food & Trade,1.0,Yes,Yes,No,No,Yes,Yes,Yes
360957,male,1,individual,Retail,800.0,12,163,HOFOKAM,2012-01-16T18:25:20Z,"Brian is a married man, 29 years old, with one child. His main business is electrical appliances and he has been doing it for four years. The main challenge in the business is customers not paying back on time. His business goal is to expand his business into new markets and his personal goal is to build a permanent home. Brian needs a loan to procure mobile phones to boost his business.",0.0,1.0,To procure mobile phones.,0,2012,53.58696759259259,,Food & Trade,1.0,Yes,Yes,No,No,No,Yes,Yes
345901,male,1,individual,Agriculture,1375.0,14,100,CJSC Bank Imon International,2011-11-19T10:53:21Z,"Hakim is a hardworking and responsible person.  He is married and has five children.  Hakim is involved in a dekhan (farming) business for over six years.  He grows vegetables, such as onions, potatoes, carrots and others.  Hakim has an extensive experience in this business.  He grows ecologically clean and quality products on his land, and, thanks to this, his products are always in high demand among customers.  Hakim wants to obtain a loan in the sum 6500 somoni for the purchase of seeds and mineral fertilizers.  These means will help him increase harvestability and eliminate harmful insects.  Hoping to get your support, Hakim expresses his gratitude to you.",0.0,1.0,to purchase seeds and mineral fertilizers,0,2011,16.710613425925924,,Agriculture,1.0,Yes,Yes,No,No,Yes,Yes,Yes
386696,female,1,individual,Retail,875.0,14,98,AFODENIC,2012-02-21T15:38:35Z,"Ines is an enterprising, modest, hard-working woman who has a small business selling groceries and other products. With the help of the loan, she has succeeded in increasing the variety of her produce, and in bringing in new products.  

Her plan is to expand her shop, gradually improving her standard of living, and her housing conditions for her children's benefit. With this new loan she will buy merchandise such as cosmetics, perfumes, deodorants, body creams, hair treatments, staple grains, rice, beans, sugar, cooking oils, dairy products, cold cuts, vegetables, cereals, oatmeal, soft drinks, juices, canned goods, powdered milk, cookies, candy, costume jewelry, toilet paper, soaps, maggi and maruchan soups, and other products that she sells every day in her small general store, supplying the homes in the surrounding area with food products. 

She is grateful to the institution for their continued support in the development of her business, and the improvement of her standard of living.",1.0,0.0,To buy merchandise for daily household use.,0,2012,17.353171296296296,30.0,Food & Trade,1.0,Yes,Yes,No,No,No,Yes,Yes
79463,female,1,individual,Food,225.0,8,98,AFODENIC,2009-01-01T19:52:51Z,"Maria del Socorro García is 36 years old, and lives in the Monimbo municipality located in the city of Masaya with her husband and children.  Her husband works to help meet the household expenses.  Through her own efforts, she has managed to maintain the sale of vegetables for six years now.  Her biggest difficulty has been a lack of financing.  Maria’s dreams are to provide better living conditions for her children, and to improve her business to generate greater earnings.  At the same time, she would like to invest in the purchase of more products.  With the request for this loan in Afodenic, which she hopes is very beneficial, she will increase the quantity of her products.<br /><p><strong>Translated from Spanish by Mary Lynn Malaby, Kiva Volunteer</strong></p>",1.0,0.0,To purchase fruits and vegetables.,0,2009,0.0,,Food & Trade,1.0,Yes,Yes,No,No,Yes,Yes,Yes
168666,male,1,individual,Agriculture,1150.0,14,100,CJSC Bank Imon International,2010-01-16T14:16:55Z,"Abduvosit is 34 years old and lives with his wife and two children. He is a humble farmer, dedicated to the production of such crops as potatoes, onions, wheat, and corn. He is encouraged when the harvest of his land is plentiful, and he wants to increase his harvests in order to attain better results. He is also aware that his vegetables have to be of a better quality in order to be able to sell them for more income. However, in order to do that, he needs to invest large amounts of money. In addition to his crops, Abduvosit is also engaged in raising livestock. He has applied to IMON International for a loan in the amount of 5,000 Somoni, which will be used both to increase his crop production and to purchase more cattle to breed.
<p>
More about Tajikistan and IMON International
<p>
Tajikistan is known for its rich history. It was a key post along the Silk Road and was the site of the end of Alexander the Great's rule. It has produced great thinkers, philosophers, scientists, and poets, including Rudaki, Avicenna, Ferdowsi, Omar Khayyam, Jomi, and Rumi. The country, home to epic mountain passes, contains communities that still speak the ancient Sogdian language, and its civilization dates back to the 4th millennium BC. Even today, it is a complex mixture of the Islamic faith, Soviet culture, New West culture, and Central Asian traditions.
<p>
However, Tajikistan is also the poorest of the former Soviet republics. The civil war, which ignited soon after its independence from the U.S.S.R., further damaged the already weak economy. In addition, 93 percent of the country is mountainous and only 7 percent of the land is arable. These conditions have resulted in high levels of unemployment and have forced hundreds of thousands to seek work in other countries, mainly Russia. While the people of Tajikistan are working to improve the country’s agricultural production and manufacturing sector, nearly two-thirds of the population still live in abject poverty.
<p>
IMON's History
<p>
Since December 2007, IMON International has worked closely with Kiva and Kiva lenders to ensure that poor and low income clients represent a viable business proposition. Funds raised through Kiva have already been distributed to thousands of IMON International's clients and will continue to provide thousands more with permanent access to the varied financial services they need. To learn more about IMON International's work, please visit www.imon.tj.
",0.0,1.0,To purchase cattle and to increase crop production,0,2010,0.9073842592592593,,Agriculture,1.0,Yes,Yes,Yes,Yes,Yes,Yes,Yes
349845,female,1,individual,Agriculture,1000.0,14,100,CJSC Bank Imon International,2011-11-08T18:35:42Z,"Barno is married and is a loving mother of four children.  She is a smart and hardworking woman.  She has been involved in fattening up livestock and growing agricultural crops for over 16 years.  Barno primarily grows wheat, onions and corn.  She wants to expand her business in order to make a desired profit.  Barno wants to obtain this loan for the purchase of cattle and onion seeds.
",1.0,0.0,to purchase cattle and onion seeds,0,2011,6.885416666666667,,Agriculture,1.0,Yes,Yes,No,No,Yes,Yes,Yes
311639,male,1,individual,Health,925.0,12,148,Association for Rural Development (ARD),2011-06-28T23:51:04Z,"This borrower is 38 years old.  He is married and has 3 children aged 6, 10 and 18. In 2006, he established a pharmacy. He began this business immediately after he left secondary school, which he did because he did not have financial support to continue his schooling.  At that point in his life,  he became involved in business with the aim of generating enough income to continue his schooling.  Unfortunately, he did not continue.  He therefore decided to make business his career and thanks to God, he has achieved greatly in business.  He has been able to build a house, where he presently lives, and can now take good care of his home.  

Working 6 days a week and 10 hours a day, he earns about Le 900,000 every month from this business.  He serves the Makama community, where he sees over 30 customers each day.  His business is popular because he is the only person selling pharmaceutical products in his area.  He would like a loan in the amount of Le 4,000,000 to purchase more pharmaceutical products -- ampicilin (100 cartons @ 120,000), pinoplex (5 cartons @ Le180,000), etc. He hopes that this loan will enable him to increase his monthly profits by approximately Le 300,000.  

In the future, he plans to take this loan, which will help him greatly as additional capital, and realize more profit so that he can give a quality education to his children and take good care of his wife.  He thanks you for your support.",0.0,1.0,buy pharmaceutical drugs in bulk,0,2011,0.2507291666666666,,Services,1.0,Yes,Yes,No,No,No,Yes,Yes
157038,female,1,individual,Housing,1175.0,26,98,AFODENIC,2009-12-20T18:20:00Z,"

Candida has three children, one an adult, and two under her care.  The eldest is a painter, the other son is in 9th grade, and the youngest daughter is in third grade.  She has been employed by the Ministry of Education as an elementary school teacher for the last 15 years.  This is her 7th loan request which will be used for home improvements, specifically to replace the zinc metal sheeting on the roof which is in such bad state, that during the rainy season much of her belongings are water damaged.  It bears mentioning that with her previous loans from AFODENIC she has improved her home and her living conditions.  She is a woman who dreams with having a better future, that her children always have their basic needs met, that they study to become excellent professionals, that she have work, and above all, to be in good standing with God; they profess the evangelical faith.<br /><p><strong>Translated from Spanish by Michael Bujazan, Kiva Volunteer</strong></p>",1.0,0.0,To replace the roof.,0,2009,24.90258101851852,,Production & Construction,1.0,Yes,Yes,No,No,No,Yes,Yes
249639,female,1,individual,Food,750.0,8,148,Association for Rural Development (ARD),2010-11-19T23:41:04Z,"This is Mariatu, who is 46 years old.  She is married and has 5 children, aged 22, 18, 16, 9, and 4.  She also has 4 additional dependents.

In 1980, Mariatu established her local foodstuffs, cooked rice, and palm oil business.  She started her business in order to generate enough income to help her husband provide a livelihood for their family.  Working 7 days a week, 10 hours a day, she earns about 1,118,600 Sierra Leone leones (SLL) per month from her business.

Mariatu has a very good loan repayment history.  She needs a loan of 3,000,000 SLL in order to buy more foodstuffs.  She hopes that this loan will enable her to increase her monthly profits by approximately 380,324 SLL.  She thanks you for your support.",1.0,0.0,To buy more local foodstuffs,0,2010,0.2228472222222222,,Food & Trade,1.0,Yes,Yes,No,No,No,Yes,Yes
330784,female,1,individual,Arts,150.0,8,119,Asociación Arariwa,2011-08-29T19:04:14Z,"
Marivel was born in the city of Pisaq (Cusco, Perú).  She’s 34 years old, married and has three children.  Currently, she’s living in the city of Pisaq where she carries out her activities.  She makes and sells all sorts of silver crafts.  She’s been in this business for 15 years now and does very well thanks to the effort she puts into her work.  Marivel wants the loan to buy supplies like wire and other things.

The “Mosoq Ñusta” communal bank meets monthly in Pisaq District, Calca Province, (Cusco, Perú). Cusco is known for tourism, commerce, its traditional “Inti Raymi” festival and because one of the Seven Wonders of the World, Machupicchu, is located here.
",1.0,0.0,to buy supplies like wire and other things.,0,2011,0.0653587962962962,,Production & Construction,1.0,Yes,Yes,No,No,Yes,Yes,Yes
332476,female,1,individual,Health,300.0,14,167,PADECOMSM,2011-09-07T14:25:37Z,"Manuela sells natural medicines.  She is married and lives with her husband and two children.  Her children work and help her with the household expenses.  Her business is located in the town market.

Manuela would currently like to invest in her business so that she can improve her customer service by having available more medicines for different illnesses.  She is requesting a loan in order to resolve this situation.  This will help her to continue with a stronger business and be able to satisfy her customer demand.

Manuela will buy vitamins, antibiotics and stimulants in the form of pills, syrups and injections.",1.0,0.0,"to buy vitamins, antibiotics, stimulants and natural medicines",0,2011,0.1844097222222222,,Services,1.0,Yes,Yes,No,No,No,Yes,Yes
244573,female,1,individual,Services,1200.0,10,110,Emprender,2010-11-06T00:21:38Z,"Amalia is an old customer and she sells food from her home on Fridays, Saturdays, and Sundays, but her main activity is making skirts in her home. She lives in anticrético (a special tenant-friendly renting arrangement in Bolivia) on the street between rivers. She lives with her husband, who works at a printing press and with her son, who's in high school. The loan will be for the purchase of cloth for this season. She has contracts to make skirts for which she should buy swaths of fabric. She also needs to buy groceries (rice, noodles, potatoes, and potato flour) wholesale. She's a very nice and hardworking person. ",1.0,0.0,Purchase of fabric to make skirts and purchase of groceries,0,2010,0.8135300925925926,,Services,1.0,Yes,Yes,No,No,No,Yes,Yes
212270,male,1,individual,Arts,300.0,15,61,MAXIMA Microfinance,2010-07-04T03:30:27Z,"Mr. Rottanak S., 24 and single, lives with his widowed mother and three brothers and three sisters on an island in the Mekong River about 15 kilometers from Phnom Penh, the capital city of Cambodia.  A motorcycle repairer since 2009, Rottanak operates the business at his shop in front of his house. He is now applying for a loan of $300 to help finance his mother's purchase of silk materials for her weaving business.
",0.0,1.0,To help finance his mother's purchase of silk materials for her weaving business.,0,2010,0.2711226851851852,,Production & Construction,1.0,Yes,Yes,No,No,Yes,Yes,Yes
279005,female,1,individual,Agriculture,1000.0,22,61,MAXIMA Microfinance,2011-03-05T19:48:43Z,"Mrs. Phum K. is 52 years old and her husband Mr. Ruos Sok is 53 years old. They have been married since 1979 and have seven children--six sons and one daughter. Three are married and live separately; two are construction workers and another one assists his parents in the business. The family is living in a small village on National Road Number Two about 25 kilometers from Phnom Penh.

Phum and her husband are farmers. They grow rice on their farmland in the village where they live. Phum is asking for her first loan of $1,000 to purchase a cow. She will use the cow to plow her rice farmland.  

Photo: Mrs. Phum K. is at home, was not at the farm
",1.0,0.0,To buy a cow for plowing her farmland,0,2011,0.5893518518518519,,Agriculture,1.0,Yes,No,No,No,Yes,Yes,Yes
386054,female,1,individual,Food,300.0,12,167,PADECOMSM,2012-01-31T00:22:30Z,"Jacqueline lives with her family--her husband, her son, and a sister--all in the same house. She manages a diner at the municipal market that she started with the help of a friend.  Jacqueline already has several customers, a stable business, and experience.
<p>
She is requesting a loan to purchase the ingredients for preparing her dishes such as meat, chicken, oil, beans, sodas, and condiments.  This purchase will improve the availability of supplies at her disposal so that she can continue producing better dishes.  
<p>
Jacqueline’s goals are to take her business to a new level, grow, and improve the income of her family.  
",1.0,0.0,"to buy meat, chicken, oil, beans, sodas, and condiments.",0,2012,0.0,30.0,Food & Trade,1.0,Yes,Yes,No,No,No,Yes,Yes
329095,female,1,individual,Food,700.0,17,167,PADECOMSM,2011-08-26T03:39:40Z,"Mercedes lives with her 27-year-old daughter.  She sells tortillas and “<a href=""http://en.wikipedia.org/wiki/Pupusa"" target=""_blank"" >pupusas</a>”.  Mercedes sells her products every day at the municipal market.  At night she makes tortillas.  
<p>
This business has allowed her to generate income to pay for her necessities.  Mercedes wants to make a few changes to her vending stall, so she will invest in the purchase of sand and cement with the intent of having a better established location so that her customers will be more comfortable and satisfied with her service.  
<p>
Mercedes dreams of someday having her own home.  

",1.0,0.0,to buy sand and cement for remodeling the premises of her business.,0,2011,0.0,,Food & Trade,1.0,Yes,Yes,No,No,Yes,Yes,Yes
248086,female,1,individual,Retail,550.0,9,163,HOFOKAM,2010-11-16T19:49:21Z,"Dorothy is forty-three years old, married with six children and living in Fort Portal, Uganda. She lives in her own permanent house and her family dream is to educate her children. Dorothy operates a retail shop besides her pasturing and has been operating it for the past ten years. Her business dream is to have her retail shop turned into wholesale. 

Dorothy intends to use this loan to purchase sugar, soap, and cooking oil for resale at her shop.",1.0,0.0,"Purchasing sugar, soap, and cooking oil for resale",0,2010,0.7077199074074074,,Food & Trade,1.0,Yes,Yes,No,No,No,Yes,Yes
246721,female,1,individual,Agriculture,250.0,11,98,AFODENIC,2010-11-15T14:07:20Z,"Felix is a very hard-working woman who is dedicated to selling pork products.  She has bought and sold pigs for years.

Felix has 4 children, 1 of whom works with her in the butcher shop.  Another is a seamstress who makes and repairs clothes.

Felix has worked with this institution during 8 loan cycles, making it possible for her to buy more pigs, since often, she lacks the funds to cover the cost of the pigs.  So, the financing has been of great benefit to her business.

With this new investment she will buy 2 pigs, and continue making the “nacatamales” (a local favorite) which day by day she sells, along with fried meat, among other rich dishes of this sort.",1.0,0.0,TO BUY TWO PIGS AND INCREASE MEAT SALES,0,2010,4.28275462962963,,Agriculture,1.0,Yes,Yes,No,No,No,Yes,Yes
364572,female,1,individual,Services,200.0,6,119,Asociación Arariwa,2011-11-28T22:05:45Z,"Hilda is 41 years old, married, and has four children.  She continues working in her dressmaking business.  She makes suits, skirts and blouses for men, women and children.  Hilda works from 8.00am to 9.00pm and, through this business, she provides for her children.  Hilda would like to expand and improve her business.  She is requesting this loan to buy buttons, fasteners, clasps and threads for making suits, blouses and skirts.

Hilda is grateful for, and values, this loan.  She pledges to make her repayments according to schedule.
",1.0,0.0,"to buy buttons, fasteners, clasps and threads for making suits, blouses and skirts",0,2011,0.1705902777777777,,Services,1.0,Yes,Yes,No,No,No,Yes,Yes
366414,female,1,individual,Retail,575.0,6,119,Asociación Arariwa,2011-12-14T01:41:51Z,"The member is Gladys, and she now wants to invest her loan to increase her supply of beauty products, which she sells from catalogues. She also wants to buy wallets and shoes, so that she has merchandize to sell to her clients and friends. She will buy wallets, shoes, and increase her supply of beauty products. 
",1.0,0.0,"to buy wallets, shoes, and increase her supply of beauty products.",0,2011,7.244293981481482,,Food & Trade,1.0,Yes,Yes,No,No,No,Yes,Yes
367776,male,1,individual,Personal Use,300.0,8,167,PADECOMSM,2011-12-17T09:33:43Z,"José is employed at a national hospital.  He lives with his family on the property of a friend who has given him some space to live on her plot of land.  He is a very hard-working person who has spent 23 years as an employee of the hospital and tending his position in the warehouse.

He needs the loan for the purchase of a pump for a well, as this will help him to get water from the well more easily and with less effort.

He wants this loan to help him meet his need, as the installation of the pump will help improve his life and relax a little more with his household tasks.
",0.0,1.0,to buy a pump for his well.,0,2011,10.127511574074074,,Food & Trade,1.0,Yes,Yes,No,No,No,Yes,Yes
374293,male,1,individual,Transportation,1000.0,14,100,CJSC Bank Imon International,2012-01-31T07:12:34Z,"Nuriddin is married and is responsible father of three children.  His wife is involved in household work and raising the children.  Nuriddin is involved in passenger transportation.  He recently purchased his own ""Gazel"" vehicle.  Currently, he needs to make repairs to the body of the vehicle.  This is why he is requesting a loan in the sum of $1000.",0.0,1.0,to make repairs to his vehicle,0,2012,29.904340277777777,30.0,Services,1.0,Difficult to tell,Yes,No,Yes,Yes,Yes,No
93130,female,1,individual,Clothing,800.0,14,100,CJSC Bank Imon International,2009-03-09T15:09:47Z,"For the past seven years, Dilbarjon has sold women’s dressing gowns and underclothes at “Somon” market in Khujand. Dilbarjon is married and has three children. She is determined to provide a better living for her entire family. Dilbarjon is hard working and kind, giving her the ideal blend of entrepreneurial determination and service. Skilled in trade and abounding in character, Dilbarjon has both a strong business base and a perfect credit history with IMON International. Currently, she is seeking a loan of $800 USD to purchase a new vending facility and to expand her business. With the increased income, Dilbarjon plans to continue growing her business and improving the financial situation of her family.    

More about Tajikistan and IMON International

Tajikistan is perhaps best known for its rich history, which includes a key post along the Silk Road; the end of Alexander the Great's rule; and it’s famous great thinkers, philosophers, scientists, and poets: Rudaki, Ibn Sina (Avicenna), Firdousi, Omar Haiyam, Jomi, Mavlavi Rumi and many others. The country is home to communities that still speak the ancient Sogdian language, epic mountain passes, and a civilization that dates back to the 4th millennium BC.  And, even today, Tajikistan is a complex mixture of the Islamic faith, Soviet culture, New West culture and Central Asian traditions. 

Tajikistan is also the poorest of the former Soviet republics. The civil war, which ignited soon after its independence from the U.S.S.R., further damaged the already weak economy.  In addition, 93% of the country is mountainous and only 7% of the land is arable. These conditions have resulted in high levels of unemployment and have forced hundreds of thousands to seek work in other countries, mainly Russia. While the people of Tajikistan are working to improve its agricultural production and manufacturing sector, nearly two-thirds of the population still live in abject poverty. 

IMON's History
Since December 2007, IMON International has worked closely with Kiva and Kiva lenders to ensure that poor and low-income clients represent a viable business proposition. Funds raised through Kiva have already been distributed to thousands of IMON International's clients and will continue to provide thousands more with permanent access to the varied financial services they need. To learn more about IMON International's work, please visit: www.imon.tj
",1.0,0.0,To expand her business.,0,2009,5.937280092592593,,Food & Trade,1.0,Yes,No,No,Yes,Yes,Yes,Yes
362995,female,1,individual,Food,1000.0,6,119,Asociación Arariwa,2011-12-01T20:34:37Z,"Cirila continues running her restaurant and preparing delicious typical and homemade vegetable and pulse stews. She wants to earn some more money and expand her activity, and in this occasion she is requesting a loan to invest it in the purchase of ingredients to prepare the different vegetable and pulse stews. She will also invest it in the purchase of cutlery and dishware; she will improve the restrooms and next years she plans on expanding her restaurant. She is requesting a loan to invest it in the purchase of dishware, cutlery and products at wholesale price to improve her activity.",1.0,0.0,"To buy dishware, cutlery and products at wholesale price to improve her activity.",0,2011,4.829548611111111,,Food & Trade,1.0,Yes,Yes,No,No,No,Yes,Yes
261266,male,1,individual,Retail,225.0,8,163,HOFOKAM,2010-12-30T07:14:38Z,"Vidra is a 55-year-old married man blessed with three children. He is living in his own house in Fort Portal, Uganda.He has had a retail shop for six years, which has facilitated him in supporting his family.

Vidra intends to use the loan to buy sugar, salt and soap for selling in his shop.",0.0,1.0,"Buying sugar, salt and soap for selling in his shop",0,2010,0.864224537037037,,Food & Trade,1.0,Yes,Yes,No,No,No,Yes,Yes
401951,female,1,individual,Agriculture,375.0,8,119,Asociación Arariwa,2012-03-13T20:25:19Z,"Juliana tends to a flock of about 20 sheep and earns a profit by fattening them and later selling them. She is 36 years old and married, with six children between the ages of 1 and 15. She has been raising sheep since she was a teenager, for about 20 years in total. During that time, she has been responsible for ensuring that her sheep are well fed and receive medication when they become sick. Juliana is requesting a loan in order to purchase more sheep. She would like to buy ten more sheep, and her dream is to continue expanding her flock and thereby earn more profits.

Juliana is a member of the village bank “Los Caminantes de Ocongate,” which is receiving its first loan from Asociación Arariwa. The group members live in a fairly remote rural community several hours outside of Cusco city, located at an altitude of 3,800 meters up in the Andean mountains.
",1.0,0.0,to buy sheep.,0,2012,0.0,30.0,Agriculture,1.0,Yes,Yes,No,No,Yes,Yes,Yes
372467,male,1,individual,Food,2125.0,20,100,CJSC Bank Imon International,2012-01-19T20:07:44Z,"Suhrobjon comes from a family of bakers and operates a flatbread bakery with his father. Their flatbreads are famous and in demand in the city. Suhrobjon has been in this business for over five years. He is married and has a child. In order to advance his business, Suhrobjon would like to obtain a loan. Baking flatbreads is fun and rewarding. After all, if there is good bread in the house, then all is well. Suhrobjon would like to receive a loan of 10000 somoni to make a bulk purchase of flour and coal. He is hoping for your support in obtaining this loan.",0.0,1.0,to purchase flour and coal,0,2012,0.9080555555555556,,Food & Trade,1.0,Yes,Yes,No,No,No,Yes,Yes
441143,female,1,individual,Housing,650.0,12,100,CJSC Bank Imon International,2012-07-17T22:51:01Z,"Zebokhon has a friendly family. She has three children and a lovely husband. Zebokhon and her husband want to live in a comfortable house with their children. Zebokhon has her own business in animal sales. She loves animals very much, which is why she chose this kind of business. She cares for her livestock very well and she has many customers in the local market. 
Zebokhon wants to repair her house but her income is not sufficient for it. She is requesting a loan to buy building materials.",1.0,0.0,to buy building materials for repairing her house.,0,2012,23.08400462962963,30.0,Production & Construction,1.0,No,Yes,No,Yes,Yes,Yes,No
282882,female,1,individual,Housing,1150.0,26,98,AFODENIC,2011-04-22T18:35:32Z,"Lilliam is 37 years old and has two school-aged children and is very thankful for her family.  Her husband works as the director of a radio station and, together, they share the household expenses.  She has worked as the director of the Cesar Augusto Salinas Pinell school for 15 years.  Lilliam is a professional woman who just received her masters degree.  She is a well-loved teacher among her colleagues and students as well as her family because she is very sociable.

She is requesting her ninth loan to improve her home's infrastructure and improve living conditions.  She is grateful to Kiva for the previous loan which allowed her to plaster the walls.

Her dream is to obtain her doctor's degree and that her children follow in God's footsteps and study to be good people.",1.0,0.0,To improve home infrastructure,0,2011,20.982789351851853,,Production & Construction,1.0,Difficult to tell,Yes,No,No,No,Yes,No
257225,female,1,individual,Housing,925.0,26,98,AFODENIC,2011-01-06T12:15:04Z,"Nelly is 32 years old, married and has two daughters who are both in elementary school.  Nelly has been working for the City of Juigalpa for 7 years.  She is a business management technician.  She has the support of her husband who takes care of their household expenses.

Nelly is requesting her 4th loan so that she can continue improving her house.  She used her previous Kiva loan to improve the roof of her room.  She now plans to build a bathroom in her home (drain, toilet, bath, sink) so that she can provide her family with better living conditions.",1.0,0.0,To build a bathroom,0,2011,5.177025462962963,,Production & Construction,1.0,No,Yes,No,No,No,Yes,Yes
307758,female,1,individual,Retail,675.0,8,119,Asociación Arariwa,2011-06-17T19:21:05Z,"Nancy, 27, is a member of the “Siempre Adelante” (Always Forward) communal bank located in Ollantaytambo District belonging to Urubamba Province and Cusco Department.

She is single.  She alternates her daily chores with running a grocery store and bar.  The businesses are her mother’s also and they work together.  She also works in tourism managing a restaurant in Ollantaytambo District that’s an hour and a half from the city of Cusco.  She wants to expand the grocery store and bar and is asking for a loan to buy stock items for the store like, rice, sugar, milk and noodles, and to equip the bar.

She is happy with the loan and commits to make her installment payments.
",1.0,0.0,to buy stock items for her store and to equip the bar.,0,2011,0.0354282407407407,,Food & Trade,1.0,Yes,Yes,No,No,No,Yes,Yes
432113,female,1,individual,Retail,1000.0,20,151,Fundación Mujer,2012-06-26T17:08:40Z,"Seidy is a 54 year-old woman who lives with her common-law husband.  She is hardworking and exerts herself a lot to achieve her goals.  She has a business where she sells goods from a catalog in an itinerant manner.  First, the goods go to her home, and later she goes out to offer them for sale.  She has been getting income this way for a number of years, without neglecting her family.  In her previous loan she was responsible and punctual.  Now she wants to increase her sales so that she can excel as a person and succeed in her business, and to do this she is requesting a loan.  She will invest in a line of shoes, because her customers have requested them and she wants to satisfy them.",1.0,0.0,to invest in the purchase of merchandise,0,2012,21.95043981481481,30.0,Food & Trade,1.0,Yes,Yes,No,No,No,Yes,Yes
248672,female,1,individual,Food,500.0,11,110,Emprender,2010-11-17T21:06:12Z,"Beatriz is an old client of Emprender.  She is 49 years old and lives in La Guardia district in the 3 de Mayo neighborhood.  She has lived there for 35 years and is originally from the department of Santa Cruz.  Beatriz has been single for 30 years.  She has one daughter in her care.  Her business is selling chicken, chorizo and duck in the district market.  She has been in this business for 10 years.  She will use her loan to buy pigs and ducks to fatten since she has a lot of orders for the end of the year.  Beatriz is a very hard-working lady who works hard so that her daughter can become a professional.  She is grateful that we are trusting in her again and we are providing her with a loan so that she can invest in what she needs and thereby increase her working capital.",1.0,0.0,Working capital and to buy pigs,0,2010,0.0,,Food & Trade,1.0,Yes,Yes,No,No,No,Yes,Yes
386001,male,1,individual,Agriculture,1050.0,26,167,PADECOMSM,2012-01-31T07:47:37Z,"
Raúl is a farmer.  He lives with his wife and three children; he’s the only one who works planting corn and beans, an occupation he learned from his father when he was still single.  He works on leased lands and he does not have a fixed schedule.

He will buy supplies to prepare the soil so is asking for a loan to buy manure and herbicides to be ready to start the seasonal farming tasks.  This purchase will be very good for Raúl.

Raúl's hope is to have a better farming business with abundant harvest to meet his family’s needs while at the same time providing for his customers.
",0.0,1.0,to buy manure and herbicide.,0,2012,1.817743055555556,30.0,Agriculture,1.0,Yes,No,No,No,Yes,Yes,Yes
455287,female,1,individual,Arts,575.0,6,119,Asociación Arariwa,2012-07-31T08:49:34Z,"Lucia belongs to the village bank ""Señor de los Milagros de Chimpahuaylla"" in the city of Cusco, Peru. She continues raising small animals in her home and also making jewelry - products like earrings, necklaces, bracelets, etc. Lucia is a mother of two children, for whom she sacrifices daily to be able to give them a better education and nutrition. On this occasion she will invest her loan in materials like accessories and wires to make jewelry.

Lucia is very grateful to Kiva for allowing her to give her family a better quality of life and her children a better education. ",1.0,0.0,to buy materials like accessories and wires to make jewelry.,0,2012,0.7079976851851851,30.0,Production & Construction,1.0,Yes,Yes,No,No,Yes,Yes,Yes
342822,female,9,group,Clothing,2850.0,6,119,Asociación Arariwa,2011-10-15T09:52:58Z,"The members belong to the “KILLA” communal bank. This bank is located in the district of Cuzco, which belongs to the province and department of Cuzco. 

This member's name is Bertha Elena. She is single and 53 years old. She has 4 children. She has her own business buying and selling clothing. She sells pants, sweaters, polo shirts and blouses. She sells independently taking the clothes to different places or to the general public. With this business she gets her family ahead. Bertha Elena wants to grow and improve her business selling clothes. She is asking for the loan to buy pants, blouses, polo shirts wholesale.
 
The members work in selling artisanal crafts, food, hardware, sweaters, in transportation, and providing a telephone calling service.

Bertha Elena is thankful to those who are taking a part in her dream in this way and she is committed to making her payments on time. 
",7.0,2.0,"to buy pants, blouses, polo shirts wholesale.",0,2011,8.932569444444445,,Food & Trade,1.0,Yes,Yes,No,No,Yes,Yes,Yes
248713,male,1,individual,Food,875.0,12,163,HOFOKAM,2010-11-29T12:34:01Z,"Ahmed is a thirty-seven-year-old married man. He has seven children and lives in a family house in Kasese, Uganda. He has had a retail shop for ten years that he started with 500,000 Uganda shillings of capital but increased to capital of 4,500,000 Uganda shillings. However, his hardships include low demand as a result of a sparsely populated area and increased costs of goods.

Ahmed wants credit to purchase sugar, salt, cooking oil, soap to sell in his shop.

",0.0,1.0,"To buy sugar, salt, cooking oil, soap to sell",0,2010,12.856863425925926,,Food & Trade,1.0,Yes,Yes,No,No,Yes,Yes,Yes
355623,female,1,individual,Clothing,600.0,17,167,PADECOMSM,2011-12-27T12:17:43Z,"Doris is requesting a new loan to buy seasonal merchandise.  This new investment will help her to offer her customers new products in different colors and styles.  She will specifically buy shoes, shirts, pants and blouses.

This type of investment helps Doris to increase her potential and gradually grow in the market.",1.0,0.0,"to buy shoes, shirts, pants and blouses",0,2011,47.20571759259259,,Food & Trade,1.0,Yes,Yes,No,No,No,Yes,Yes
355154,female,1,individual,Food,200.0,8,167,PADECOMSM,2011-11-08T21:27:01Z,Patricia decided to take out another loan because she wants to buy cashews because their price is better now and she’ll be able to have on-hand supply to stay in business.  The previous loans helped her because she increased profits which led to better economic stability for her family.,1.0,0.0,to buy cashews.,0,2011,0.0185300925925925,,Food & Trade,1.0,Yes,Yes,No,No,No,Yes,Yes
274543,female,1,individual,Arts,125.0,8,119,Asociación Arariwa,2011-02-18T23:45:58Z,"32-year old Marivel is married and has three children. She lives in the town of Pisaq, in Calca province, Cusco department, Peru. After completing her household tasks, Marivel sells crafts. In her house she has a small workshop where she makes crafts. She’s been doing this work for 15 years and all is going well thanks to the hard work she puts in.  She now needs a loan to buy materials such as wire.

Marivel belongs to the Mosoq Ñusta community bank, a part of the Arariwa Association. She is grateful for the opportunity this loan brings and promises to pay back the money according to the established schedule.
",1.0,0.0,to buy craft supplies such as wire,0,2011,0.1082523148148148,,Production & Construction,1.0,Difficult to tell,Yes,No,No,Yes,Yes,Yes
344260,female,1,individual,Retail,500.0,14,199,CrediCampo,2011-10-30T22:36:23Z,"
Mercedes is 60 years old and lives with two grandchildren.  She’s been a merchant for over 20 years and has worked just with her children for the last 11 years.  She learned how to run the business well thanks to training from her husband.  Because he was a cattle merchant he started bringing her a bag of snacks or an arroba of sugar and gradually she started to make progress until her business became strong.

Mercedes has to travel to the city to make her purchases.  She boards a bus that takes her on a trip that takes three hours.  She returns home in a mototaxi (a motorcycle that provides taxi services).  When Mercedes makes larger purchases she travels to a more distant city and takes seven hours to do her shopping and return home.  On these occasions she avails herself of a truck that leaves once a week and transports all the merchants from her community.

She requests a loan from Fundación Campo to improve her store.  Mercedes previously sold on credit to her customers, a common practice in her community, but they delayed paying her which decreased Mercedes’ buying capacity.    The loan will make it possible for her to buy larger amounts of merchandise to meet customer demand thus improving her income.

In the future, Mercedes intends to continue improving her business to always have what’s necessary to survive and not be dependent on others.  Besides, Mercedes wants to leave a legacy for her children and grandchildren: that they know how to earn their livelihood honestly.
",1.0,0.0,to buy merchandise for her store.,0,2011,20.12241898148148,,Food & Trade,1.0,Yes,Yes,No,No,No,Yes,Yes
476265,female,1,individual,Food,500.0,14,167,PADECOMSM,2012-10-01T01:44:05Z,"Páula wants to buy basic ingredients for her dining area. For this reason, she is applying for a loan that will help her improve the availability of her cuisine. She will buy meat, shellfish, chicken, beans, rice, and sausages, which are some of the ingredients that she uses daily to make her various dishes.

She hopes that this new investment will give her the desired results, just as she succeeded with the investment of her previous loan, which she considers very successful and which up until now has allowed her to maintain her family, covering all the household expenses.
",1.0,0.0,"to buy meat, shellfish, chicken, beans, rice, and sausages",0,2012,3.905497685185185,29.99990740740741,Food & Trade,1.0,Yes,Yes,No,No,No,Yes,Yes
490730,female,1,individual,Food,1350.0,6,119,Asociación Arariwa,2012-11-15T17:12:31Z,"
Leonor, 35, was born in Cusco but lives in Urubamba.  She continues in the “Los Solidarios” communal bank and works selling mobile phones and crafts but wants to open a grocery store.  On this occasion she needs the loan to buy merchandise like sacks of rice and sacks of sugar.  She’s happy about the loan and commits to make her payments.
",1.0,0.0,to buy merchandise like sacks of rice and sacks of sugar.,0,2012,10.439074074074076,30.0,Food & Trade,1.0,Yes,Yes,No,No,Yes,Yes,Yes
503232,female,1,individual,Retail,225.0,14,100,CJSC Bank Imon International,2012-12-05T06:26:54Z,"Mohruhsor is twenty nine years old.  She is not married and she lives with her parents.  She is a very kind and hardworking woman.  Her parents are very proud of her.  She started her own business a few years ago, selling stationary.  Because of a lack of opportunity, she was unable to develop her business.  Now, she decided to organize another stationary business.  In preparation, she's taken the course ""Bring it On"", organized by the Association of Business Women and received a certificate.  Now she has the ability to organize her business and become successful in the trade.  With her revenue, she plans to help her parents improve their quality of life.  She's asking for the sum of 1,000 somoni to purchase inventory to organize her new business. She awaits your kindness.  ",1.0,0.0,To buy stationery to organize a new business,0,2012,0.6228356481481482,30.0,Food & Trade,1.0,Yes,Yes,No,No,No,Yes,Yes
469463,female,1,individual,Retail,1350.0,8,119,Asociación Arariwa,2012-09-20T11:15:35Z,"Ana María is now 33 years old. She is married and has three children. She lives in Tambo Real, in the province of Anta, whre she produces and dairy products such as milk, cheese, and yogurt and sells them in the markets and shops in the region. Ana María needs more milk to make her products, so she will use the requested loan to buy a milk cow. She is very grateful to Kiva for helping her with her business and is committed to making her payments on time. Ana María belongs to the San Bartolo de Tambo Real village bank in Tambo Real, Anta Province, in Cusco, Peru. Ana María wants to offer her children a better life and education. She makes sacrifices for them and hopes to work hard and save money to pay for their education.",1.0,0.0,to buy a cow.,0,2012,5.260706018518518,30.0,Food & Trade,1.0,Yes,Yes,No,No,No,Yes,Yes
450939,female,30,group,Clothing,3400.0,8,162,Turame Community Finance,2012-07-28T21:33:40Z,"Francine belongs to the  Siyoni group and lives in Bujumbura. She is 24 years old, and is married to Gilbert, who is a driver. Together, they have a 3-year-old child.

For the last five years, Francine has been selling clothing, curtains and sheets. She is on her fifth loan from Turame. 

With the Kiva loan, she is going to increase her capital and buy a large quantity of clothing, curtains and sheets to re-sell, to make more profit. 

In the future, she would like to build her own house and see her child go to school.",19.0,11.0,"to increase her capital and buy clothing, curtains and sheets to sell, to make more profit.",0,2012,7.933055555555556,30.0,Food & Trade,0.9,Yes,Yes,No,No,No,Yes,Yes
309822,female,1,individual,Agriculture,1025.0,29,151,Fundación Mujer,2011-06-27T02:18:46Z,"Sra. Elba is a 38-year-old woman who only has a first grade education.  She lives in an area near Puntarenas, Corredores, La Cuesta, Bella Luz de la Vaca, Río Incendio.  This location is 300 meters north of the school and has one of the lowest Human Development Index scores in the country.  
<p>
Elba is the mother of two children who are attending elementary school.  She raises livestock, specifically pigs.  Elba has been in a common-law relationship with her companion for two years.  Even though she and her partner are not married, they have two children as a result of their relationship.  For this reason, she has not been able to work outside of the home.  She receives a pension in the amount of 70,125 CRC, which is a very small amount for her to provide a decent quality of life for her children.  Five years ago, Elba looked for a way to supplement the family income so she decided to raise pigs.  She buys the animals when they are small so that she can fatten them. Elba raises them for a period of six months before selling them and starting the process over again.  Her business is located in an area behind her house that is well-suited for keeping her pigs.  She was able to construct a pig sty by reinvesting the profits from her previous sales.  
<p>
Doña Elba has a viable business that she can develop from her home.  She also has land on which she planted bananas and plantains.  Elba will use her loan to buy concentrated feed for her pigs so that she can obtain excellent results.  
",1.0,0.0,to purchase pigs and concentrated feed.,0,2011,1.3741203703703704,,Agriculture,1.0,Yes,Yes,No,Yes,Yes,Yes,Yes
122758,female,1,individual,Housing,1150.0,26,98,AFODENIC,2009-07-22T23:54:40Z,"Xiomara Maritza, 42, is married and has two children.  She is a primary care doctor, and she works as the head teacher in the Health Center of Juigalpa.  She has been doing this for 16 years.  Her husband is also a doctor, and he helps with the family expenses.  He also supports her in asking for the loan.

Xiomara is asking for her fifth loan to improve her house.  She wants to install a ceiling and put tile down on the damaged floor.

She dreams of having a pretty house with adequate conditions so that her children can grow up in a comfortable and happy atmosphere.
<br /><p><strong>Translated from Spanish by Ginny Kalish, Kiva Volunteer</strong></p>",1.0,0.0,"Put in a ceiling, tile, and paint",0,2009,4.211516203703703,,Production & Construction,1.0,Yes,Yes,No,No,No,Yes,Yes
351115,female,1,individual,Retail,200.0,8,119,Asociación Arariwa,2011-10-29T23:00:18Z,"
The member’s children are 24, 20, 17 and 15 years old.  She carries out a variety of activities like buying and selling clothes for women and men, raising animals like chickens, guinea pigs and sheep and now plastic sheeting for the rainy season.  She wants to use the loan to buy plastic at wholesale.  She will buy plastic to resell in her market stand in town.  She buys it at wholesale in Juliaca and then sells it by the meter.  She’d like to be able to buy a piece of farmland to cultivate shortly and sell her crops.  She invests income generated from her sales into her children’s education.  She is asking for the loan to buy plastic sheeting at wholesale.
",1.0,0.0,to buy plastics at wholesale.,0,2011,2.23625,,Food & Trade,1.0,Yes,Yes,No,No,Yes,Yes,Yes
322252,male,1,individual,Agriculture,300.0,10,167,PADECOMSM,2011-08-01T08:50:08Z,"Fidel plants pipian [a squash] and corn. He lives with his wife and 2 children. He has worked in agriculture for 10 years and learned the trade at home from his father. This currently serves as his family's livelihood.

He asks for a loan to buy compost for his pipian and squash plantations, since this is the season to fertilize in order to get a good harvest.

Fidel proposes to have good harvests and improve them each year so that he can also improve his family's earnings. ",0.0,1.0,to buy compost for the corn and squash plantations.,0,2011,0.8750462962962963,,Agriculture,1.0,Yes,Yes,No,No,Yes,Yes,Yes
326639,male,1,individual,Retail,1050.0,8,148,Association for Rural Development (ARD),2011-08-31T03:21:01Z,"This is 27-year-old Ibrahim.  He is married and has one child aged three. In 2004, Ibrahim began his assorted goods business selling sardines, soap, batteries, razors, tooth paste, etc. He took over his business from his eldest sister who has relocated to the United States of America.  Working 6 days a week and 10 hours a day, he earns about Le 750,000 every month from this business. He would like a loan in the amount of Le 4,500,000.  

Ibrahim has already received and successfully repaid one loan, and now requires a new loan in order to buy different items -batteries (3 cartons @ Le140, 000), Grafton Drinking Water (40 bundles @ Le3000), soft drinks (150 crates @ Le15,000), candles (10 cartons @ Le50,000), torch lights (1 carton @ Le200,000), toilet soap (1 carton @ Le150,000) and foam surf (cartons @ Le60,000). 

He hopes that this loan will enable him to increase his monthly profits by approximately Le 200,000. In the future, Ibrahim plans to buy both a taxi and a motorcycle and build a house for his family. He thanks you for your support.

",0.0,1.0,To pay for various goods to stock his store.,0,2011,12.056203703703703,,Food & Trade,1.0,Yes,Yes,No,No,No,Yes,Yes
219386,female,1,individual,Clothing,1000.0,15,110,Emprender,2010-07-30T12:51:43Z,"Julieta buys and sells young ladies’ and girls’ clothing and has been doing this for 13 years.  She buys the clothing from her sister, who makes it, and sells it in the commercial areas of the city of La Paz.  She lives with her husband and children, in an “anticrético” apartment, in Bajo Pampahasi.  Her children attend school. (In an “anticrético” arrangement, the owner leases property for a lump sum deposit in lieu of monthly rent. At the end of the lease period, the money is returned to the renter. If the owner fails to repay the money, the renter gets to keep the property.)

[Julieta] is a very responsible client, and part of a united group, who’s been working with us for some time.  She will use the money from this loan to buy embroidered dresses, since she has had some requests and these types of dresses are in high demand.  She is very hard working and responsible and is very grateful to Emprender and Kiva for the opportunity they have given her.
<br /><p><strong>Translated from Spanish by Hugo Reyes, Kiva Volunteer</strong></p>",1.0,0.0,Inventory,0,2010,0.9942361111111112,,Food & Trade,1.0,Yes,Yes,No,No,No,Yes,Yes
334638,female,1,individual,Food,500.0,14,167,PADECOMSM,2011-09-27T03:22:16Z,"Sandra works selling food and drinks.  She lives with her husband and three children, and has worked in the business for the last 8 years.  She is a very hard-working woman, and the business is profitable.  Her husband helps her make the sales.

She will be investing the loan in the purchase of drinks (sodas, juices, natural refreshments), and also ingredients such as oil, spices and meat, to stock up her business with products that will allow her to better meet demand.

Sandra's objective is to invest in her business, expand the variety of dishes, and to continue growing as a micro-enterprise thanks to the loans.",1.0,0.0,"to buy drinks (sodas, juices, natural refreshments)",0,2011,11.97375,,Food & Trade,1.0,Yes,Yes,No,No,No,Yes,Yes
250818,male,1,individual,Construction,550.0,6,119,Asociación Arariwa,2010-11-22T22:24:44Z,"Abel belongs to the ""Granito de mostaza"" (Mustard Seed) Community Bank located in Cuzco.  He is 40 years old, lives with his partner, and has four children.  He works in carpentry alongside his wife.  He crafts products such as beds, doors, shelves, wardrobes and others.  He is asking for a loan to start a carpentry business.  He is thankful for all those who help make his dream come true through these means and promises to repay his loan on time.

",0.0,1.0,To start a carpentry business,0,2010,0.0,,Production & Construction,1.0,Yes,Yes,No,No,No,Yes,Yes
315077,female,1,individual,Housing,600.0,22,61,MAXIMA Microfinance,2011-07-11T05:46:07Z,"Kunthy (shown in the photo), 48, and her husband, Sok, 40, are fishermen and rice farmers. They live along National Road number five, about twenty kilometers from Phnom Penh. They have two sons and one daughter. Two are garment workers and another one is married and lives in separate home.

Kunthy is asking for a loan of $600 to fill-up the land of her house foundation and to bury a highway drainage pipe because the house where she lives needs a more functional water system.
",1.0,0.0,to fill-up the land of her house foundation and to bury a highway drainage pipe because she needs to arrange a more functional water system for her house.,0,2011,0.6847337962962963,,Production & Construction,1.0,Yes,Yes,No,No,Yes,Yes,Yes
341583,male,1,individual,Agriculture,225.0,14,199,CrediCampo,2011-10-11T05:26:54Z,"Elmer, 42, is divorced and has two children.  He has worked in agriculture since he was a child, and he learned the profession from one of his uncles.

To buy the supplies he needs for his crops, Elmer leaves his house at 7 a.m. and has to travel a total of four hours.  To leave his community, he pays for transportation in a pick-up truck, then takes a bus.  Elmer sells 80% of his crop at a market four hours from his house.  He stores the other 20% for home consumption.

Elmer is requesting a loan from Fundación Campo to buy fertilizer, herbicides, and pesticides for his corn and millet crops.  The loan will help him to be able to buy all his supplies at the same time, and so save on the cost of transportation.

Elmer dreams about being able to construct a pond to raise freshwater fish in the future.  In this way he would be able to improve his earnings with a new product.
",0.0,1.0,"to buy fertilizer, herbicides, and pesticides for his crops.",0,2011,6.781932870370371,,Agriculture,1.0,Yes,Yes,No,No,Yes,Yes,Yes
336304,male,1,individual,Agriculture,2700.0,14,100,CJSC Bank Imon International,2011-10-30T13:35:45Z,"Fakhriddin is a kind and responsible husband. He is married and is a loving father of three children. He grows agriculture crops. His wife also helps him in this business and they work together as a team. He uses the profit which he gets from the business for his family needs and for expansion of the business. Fakhriddin wants to receive a loan in the amount of $2,700USD to buy mineral fertilizer. He is grateful to Kiva and its lenders for their kindness in advance.
",0.0,1.0,to buy mineral fertilizer,0,2011,29.27461805555556,,Agriculture,1.0,Yes,Yes,No,No,Yes,Yes,Yes
382547,male,1,individual,Agriculture,600.0,10,163,HOFOKAM,2012-01-20T06:05:29Z,"Wilson wants a loan to buy more land to plant tea. The forty-five-year-old hardworking man lives in Fort Portal, Uganda. He still has challenges of unpredictable seasonal changes and his dream is to own at least forty acres of tea plantation. He used the previous loan to pay workers who were plucking his tea.",0.0,1.0,to buy more land to plant tea.,0,2012,0.5107060185185185,,Agriculture,1.0,Yes,No,No,Yes,Yes,Yes,No
310409,male,1,individual,Transportation,550.0,6,119,Asociación Arariwa,2011-06-26T17:54:35Z,"Caledonio was born in the city of Quillabamba (Cusco, Peru). He is 44 years old, and now lives in Cusco with his spouse and their three children. Caledonio works in the city as a chauffeur, using his own taxi. He works from 6 AM to 9 PM, seven days a week. He has been driving a taxi for several years now, and thanks to his work ethic, he has done quite well for himself. Caledonio needs a loan so that he can make some repairs to his taxi and pay his children's school fees. Because Caledonio is so responsible and hard-working, he was invited to join the Hatun Rumiyoc community bank, which is part of the Araiwa Association. ",0.0,1.0,to repair his taxi and pay his children's school fees.,0,2011,0.9198148148148148,,Services,1.0,Yes,Yes,No,No,No,Yes,Yes
404385,female,1,individual,Agriculture,600.0,6,119,Asociación Arariwa,2012-03-22T23:40:15Z,"Victoria belongs to the communal bank ""Reyna de Los Angeles.""  This bank is located in the district of Urubamba, which is in Urubamba province in the department of  Cusco.

Victoria is 48 years old, married, and has 4 children.  She alternates her daily activities with her business raising chickens.  She buys the little chicks and later fattens them and sells them in the different markets that take place in the city of Urubamba.  Victoria wants to expand her business.  She is requesting a loan to buy more chickens at wholesale.

Victoria is grateful for the loan that she is requesting, and she promises to make all of her payments according to the established schedule.",1.0,0.0,to buy chickens at wholesale,0,2012,0.0626273148148148,30.0,Agriculture,1.0,Yes,Yes,No,No,Yes,Yes,Yes
491692,female,1,individual,Food,600.0,14,167,PADECOMSM,2012-11-18T17:49:12Z,"Reina lives with her husband and three children. She runs a food stall where she sells items such as juice, snacks, and pupusas [a thick corn tortilla stuffed with cheese, fried pork rind, chicken, or refried beans]. Her business is located in the downtown area and she has a good client base.
She is requesting a loan for the purchase of snacks, sweets, and ingredients for making pupusas, such as quesillo [soft Salvadoran cheese], corn, chicharrón [fried pork rind], and oil. This loan will allow her to strengthen her business. The local festival is coming up, and she will now have the capacity to serve customers at this time.
Her goal is to improve her business and help her children with everything they need and with their studies.",1.0,0.0,"to buy snacks, sweets, quesillo [soft Salvadoran cheese], corn,  chicharrón [fried pork rind], and oil.",0,2012,18.13133101851852,29.95833333333333,Food & Trade,1.0,Yes,Yes,No,No,No,Yes,Yes
302318,female,1,individual,Food,550.0,8,119,Asociación Arariwa,2011-06-06T15:40:59Z,"Sara belongs to the Perolniyoc Communal Bank.  The bank is located in the Urubamba district, Urubamba province, Cusco department.

Sara, age 37, has a life partner and five children.  She alternates her daily activities with her business, a grocery store.  She works from 6:00 a.m. until 9:00 p.m.  In her free time she does beautician work like cutting hair and dyeing hair.  Through these small businesses she gets her children ahead.

She wants to expand her grocery store business, and she wants to improve her beauty salon service.  She is requesting the loan to buy products like rice, sugar, noodles, oil, and sweets for her grocery store.

She is happy about the loan, and she pledges to make her payments.

",1.0,0.0,"to buy products like rice, sugar, noodles, oil, and sweets for her grocery store.",0,2011,3.4034375,,Food & Trade,1.0,Yes,Yes,No,No,No,Yes,Yes
288146,female,1,individual,Arts,575.0,8,119,Asociación Arariwa,2011-04-07T15:05:29Z,"Here is a member of the communal bank named ""Virgen del Carmen de Yuncaypata"". It is located in the community of Yuncaypata, in the province of Cusco and the department of Cusco.

Her name is Purificacion. She is 25 years old, separated, and she has 1 child. She alternates her daily activities with her knitting business. She knits wraps, sweaters, scarves, mittens and others. She knits at home to later sell to her clients. She works independently and this ways she is able to have more time for her son. This is something she really enjoys and she puts a lot of effort into her work. She is a responsible person and this is how she is able to provide for her son.

She requests a loan to purchase materials such as yarn, needles, wool and other materials.

She is happy for her loan and she is committed to making her payments.
",1.0,0.0,"to purchase yarn, needles, and wool",0,2011,0.0732291666666666,,Production & Construction,1.0,Yes,Yes,No,No,Yes,Yes,Yes
239228,male,1,individual,Retail,575.0,11,98,AFODENIC,2010-10-22T07:54:41Z,"Marlon is a young man who desires to get ahead. He is a hard worker who has established a small business selling cellular accessories. He achieved this using the funding from Afodenic, as it was an opportunity to grow his small business. He started off just selling movies and music with savings from his job as a mason. Today he only works at his own business, with the help of his wife. She sells enchiladas, tacos, and refreshments in the afternoons, thus sharing the costs. With this loan, he will buy cellular accessories, TV remotes, calculators, movies, and music to augment his stock, improve his sales, and be more profitable.
",0.0,1.0,"Cellular accessories, movies, and videos",0,2010,3.732268518518519,,Food & Trade,1.0,Yes,Yes,No,No,No,Yes,Yes
512005,female,1,individual,Food,1200.0,18,167,PADECOMSM,2012-12-27T13:00:39Z,"Apolinaria needs new financing for her tortilla and tamale business in order to aquire corn and wood. She also needs some condiments which are necessary for her to continue the business.

The past loan allowed her to buy materials for her business and manage to paint another part of her house. Her home is currently doing well, her business is stable, and she is always preparing any type of products for sale. 
",1.0,0.0,to purchase corn and firewood.,0,2012,1.0768402777777777,30.0,Food & Trade,1.0,Yes,Yes,No,No,Yes,Yes,Yes
215149,female,1,individual,Housing,1100.0,26,167,PADECOMSM,2010-07-20T11:22:51Z,"Karla Patricia is 27 years old and lives in San Miguel.  She is single and lives with her parents and two siblings.  She has a store selling products that are basic necessities.  

She has been running the store for 4 years.  She transports the products from the city to the rural area where her business is located.  She requests a loan to build a bedroom.  She will buy construction materials such as cement, iron, bricks, sand, and gravel.  

This will improve the home, since she needs to have a bedroom and have her own personal space.

Karla aspires to grow her business so that she can cover the basic needs of her parents and herself. 
<br /><p><strong>Translated from Spanish by Lisa Grobar, Kiva Volunteer</strong></p>",1.0,0.0,"to buy construction materials such as cement, iron, bricks, sand and gravel",0,2010,0.8422222222222222,,Production & Construction,1.0,Yes,Yes,No,No,No,Yes,Yes
347665,female,1,individual,Clothing,1000.0,20,167,PADECOMSM,2011-11-27T21:38:55Z,"Rhina lives with her husband and two children. She sells clothing: comforters, bed sheets, shorts, skirts, pants, and blouses for ladies, gentlemen and children. She has her business in her house and two days out of the weeks she sets out to sell in her customer's houses. She has had her business for several years.

She requires the loan to purchase more merchandise to add inventory to her business through the purchase of more clothing: pants, shirts, and blouses. This will increase her profits because she will have a wider variety of items to offer her clients.

Rhina's dream is to have a better quality of life and to keep her children in school so that they will have a career in the future.
",1.0,0.0,"to purchase clothing such as pants, shirts, and blouses.",0,2011,26.06672453703704,,Food & Trade,1.0,Yes,No,No,No,No,Yes,Yes
259819,male,1,individual,Health,1000.0,20,167,PADECOMSM,2010-12-22T16:53:03Z,"Manuel is 27 years old.  He lives in Jiquilisco, in Usulután department.  He owns a pharmacy from which he makes profits to cover his household expenses.

Manuel lives with his wife and daughter.  This business used to be run by his grandmother and he recently inherited it so that he could keep it running.

In order to keep his pharmacy running, Manuel is requesting a loan so that he can make some investments in buying medicine for his business.  This will help to strengthen the pharmacy and help him to provide a better service to his customers.

Manuel's goal is to keep the pharmacy running and to keep providing a good service to the customers who he has known for a long time.  By strengthening his inventory of medicines, he is looking to make more profits for his family.",0.0,1.0,To buy medicines,0,2010,0.1617013888888888,,Services,1.0,Yes,Yes,No,No,No,Yes,Yes
377538,male,1,individual,Clothing,425.0,8,163,HOFOKAM,2012-01-18T03:51:35Z,"Zephanous is a 42-year-old hardworking man with two children who lives in Kasese Uganda. For the past seven years, he has been operating a clothing shop. He started with 400,000 UGX in working capital and now has over 1,500,000 UGX. Zephanous's business hardships are price fluctuations, inflation, and inadequate capital to purchase stock. 

Zephanous is requesting a loan to buy clothes to sell. His personal goal is to educate his children and his business vision is to expand his business into new areas. 
",0.0,1.0,to buy clothes to sell,0,2012,13.97324074074074,,Food & Trade,1.0,Yes,Yes,No,No,Yes,Yes,Yes
340547,male,1,individual,Agriculture,1000.0,13,100,CJSC Bank Imon International,2011-10-25T20:52:46Z,"Abduvoris is married and is a loving father of four children. He grows agriculture crops. He mainly grows onion and melons. He has been in this business for more than seven years and continues to have success. Abduvoris wants to get a loan to buy mineral fertilizer and seeds. He wants to expand his business so that he can support his family in good living conditions.
",0.0,1.0,to buy mineral fertilizer and seeds.,0,2011,24.07797453703704,,Agriculture,1.0,Yes,Yes,No,No,Yes,Yes,Yes
394209,female,4,group,Clothing,1175.0,6,187,MicroStart,2012-02-21T02:32:05Z,"Mrs. Mahamounin is the representative of the Nakimbzanga II group. She is married and the mother of two children, 11 and 5 years of age. Both children are in school. She has two dependents. For the last five years she has been selling soap and  traditional colorful cloth. She stocks up at the Sector 10 market in the city. She sells to both women and men.

She would like to buy 12 sets of simple traditional “pagnes” cloth, five sets of damask-type “bazin” cloth and three boxes of soap.
Mrs. Mahamounin uses her revenues to take care of her family’s needs. Her goal is to open a store for selling traditional cloths at the market of ""Pouissière yaar.""
",4.0,0.0,"to buy 12 sets of simple traditional “pagnes” cloth, five sets of damask-type “bazin” cloth and three boxes of soap.",0,2012,0.3,30.041655092592592,Food & Trade,1.0,Yes,Yes,No,No,Yes,Yes,Yes
79476,female,1,individual,Construction,325.0,12,98,AFODENIC,2009-01-04T19:20:22Z,"Zoraida is 43 years old and lives in the neighbourhood of Sandino, in the capital Managua.  She is a single mother of two beautiful children aged 14 and 16.  Zoraida has worked as a pharmacist for the past nine years.  She began as an assistant pharmacist and now serves as head pharmacist downtown.  Her goals are to improve her lifestyle so that her children can have all the necessary comforts.  She continues to provide good care to her customers at her workplace and wants to open her own pharmacy.  She will use this loan to buy construction materials to improve her home as it is very simple and insecure as well as being very small, so much so that she needs to make improvements and other modifications to her house.  She is grateful for Afodenic's loans for the purchase of materials and for providing security, protection and a heritage to her children. <br /><p><strong>Translated from Spanish by Laure Kwon, Kiva Volunteer</strong></p>",1.0,0.0,To buy construction materials to increase the size of her home.,0,2009,2.9719444444444445,,Production & Construction,1.0,Yes,Yes,No,No,No,Yes,Yes
445298,female,1,individual,Clothing,300.0,10,167,PADECOMSM,2012-07-02T00:31:35Z,"Ana is requesting a new loan, so that she can use it to stock her business by buying new clothing such as blouses, pants, and other articles of clothing as necessary. This is in order to better serve customer demand. This loan will help her to have her business in a better state.

She has had a positive experience with the earlier loan, making a considerable investment in footwear of various styles. To date, her family has supported itself, and the goods in the store are improving, as she is adding other product lines to the business.


",1.0,0.0,"To buy blouses, skirts and pants.",0,2012,0.9107986111111112,30.0,Food & Trade,1.0,Yes,Yes,No,No,No,Yes,Yes
155826,male,1,individual,Agriculture,1150.0,14,100,CJSC Bank Imon International,2009-12-21T15:58:13Z,"K. Ozodjon is a 43-year-old married man with three children. He is a hard-working man who, while continuing to work another job, started his own business as a source of additional income and savings in case of unemployment. He knew many people who purchased cattle, and this motivated him to start his own business six years ago. Over time, Ozodjon has increased his cattle sales and he is proud to say that the business has been running well. Now Ozodjon needs additional capital to expand his business. Therefore, he is requesting a loan of 5000 Somoni to purchase additional cattle to sell. More specifically, he will reinvest the loan proceeds and grow the business, as he has been doing. Ozodjon and his family thank you very much for the support that you offer them in helping to expand his business and helping them give their children a better quality of life.      


More about Tajikistan and IMON International

Tajikistan is known for its rich history, which includes a key post along the Silk Road and the end of Alexander the Great's rule. It has also produced great thinkers, philosophers, scientists and poets, including Rudaki, Avicenna, Ferdowsi, Omar Khayyam, Jomi, and Rumi. The country is home to communities that still speak the ancient Sogdian language, epic mountain passes, and a civilization that dates back to the 4th millennium BC. And, even today, it is a complex mixture of the Islamic faith, Soviet culture, New West culture and Central Asian traditions.

But Tajikistan is also the poorest of the former Soviet republics. The civil war, which ignited soon after its independence from the U.S.S.R., further damaged the already weak economy. In addition, 93% of the country is mountainous and only 7% of the land is arable. These conditions have resulted in high levels of unemployment and have forced hundreds of thousands to seek work in other countries, mainly Russia. While the people of Tajikistan are working to improve its agricultural production and manufacturing sector, nearly two-thirds of the population still live in abject poverty.

IMON's History

Since December 2007, IMON International has worked closely with Kiva and Kiva lenders to ensure that poor and low income clients represent a viable business proposition. Funds raised through Kiva have already been distributed to thousands of IMON International's clients and will continue to provide thousands more with permanent access to the varied financial services they need. To learn more about IMON International's work, please visit: www.imon.tj
",0.0,1.0,To purchase more cattle,0,2009,27.34577546296296,,Agriculture,1.0,Yes,No,Difficult to tell,Yes,Yes,No,No
300274,female,1,individual,Agriculture,500.0,14,167,PADECOMSM,2011-05-23T01:19:47Z,"Nelis lives with her husband and 15 year old son.  She and her husband are farmers, raising corn and beans.  Sometimes they hire help to prepare the land.  Their schedule is from 6am to 3pm, or as needed.  

Nelis is requesting a loan to purchase fertilizer and pesticide.  These agricultural products are essential for a successful crop, so the loan will be a great help for them to have the materials they need.  

Her goal is to work to help her son be able to study and get ahead.
",1.0,0.0,to purchase fertilizers and pesticide.,0,2011,0.9928703703703704,,Agriculture,1.0,Yes,No,No,No,Yes,Yes,Yes
317923,female,1,individual,Arts,500.0,6,119,Asociación Arariwa,2011-07-20T19:31:12Z,"The member belongs to the “Amauta” communal bank located in Huanchac District, Cusco Province and Department.

She is 65 years old, single and has three children.  She is a former health care worker.  She worked her whole life in the health field but now she is a craftsperson.  She makes costume jewelry: earrings, necklaces and bracelets.  She works with beads, wire, little hooks.  She also makes living room and dining room cushions, all kinds of tablecloths and embroidery.  She is asking for the loan to buy supplies to make the costume jewelry.

She is satisfied and very grateful for the support she’ll get and commits to pay her debts in a timely fashion.
",1.0,0.0,to buy costume jewelry making supplies.,0,2011,0.0841203703703703,,Production & Construction,1.0,Yes,Yes,No,No,No,Yes,Yes
416624,female,1,individual,Services,575.0,6,119,Asociación Arariwa,2012-04-26T06:45:15Z,"Mirtha is 25 years old and is separated from her husband.  She was born in the city of Cusco, but she currently lives in the province of Urubamba for work reasons.

Mirtha now works in tourism; she is a hotel receptionist in a hotel in her zone, and she's also been a tour guide for the past year.  Her dream is to continue working hard so that she can open an internet kiosk business very shortly.  She needs a loan to begin buying her computers one by one, at the same time as she studies accounting, which will help her greatly in her business activities.  

Her tenacity and drive led her to start a business buying and selling corn, an activity which she does concurrently with her work at the hotel to pay for her advanced studies and she is trying to start a new relationship, get married, and have her own family.  This is really an example of struggle and perseverance.",1.0,0.0,to buy computers.,0,2012,0.955011574074074,30.0,Services,1.0,Yes,Yes,No,No,Yes,Yes,Yes
328544,female,1,individual,Retail,2300.0,14,100,CJSC Bank Imon International,2011-09-21T20:47:20Z,"Bahriniso is a divorced mother of two children.  She is an honest and goal-oriented woman.  She supports her children on her own and has a hard time satisfying all of the needs of her children, and always needs support.  She decided to deal with these difficulties by getting involved in buying and selling materials, shoes, food products and agricultural crops.  She travels monthly to other districts to purchase materials and shoes, and travels weekly to buy food products.  Bahriniso wants to obtain a loan in the sum of $2300 for the purchase of materials and school uniforms.  She thanks everyone in advance for the support and mercy.",1.0,0.0,to purchase materials and school uniforms,0,2011,20.07422453703704,,Food & Trade,1.0,Difficult to tell,Yes,No,Yes,Yes,Yes,No
111361,female,1,individual,Agriculture,675.0,8,119,Asociación Arariwa,2009-06-05T16:41:58Z,"Maria Mercedes is a member of the Immaculada Concepcion Village Bank and lives in the small Peruvian jungle town of Pilcopata. She is 36 years old and lives with her partner and their three children. Two of her children are adolescents, while the youngest is just a year and a half old. Maria Mercedes works on her family farm, where she has been growing yucca and bananas for the past eight or nine years. After harvesting the crops, she sells them at the local market. Though Pilcopata is a very small town and consists of little more than a few blocks of houses and stores along a dirt road, its market is quite new and modern. Pilcopata receives a lot of traffic, since all travelers coming to surrounding towns come into Pilcopata first by bus. 

Maria Mercedes is requesting a loan of 2000 soles. She will use most of the loan money to pay her field hands. She usually employs two to three people during harvest time, and pays each worker 25 soles per day. Part of the money will also go towards her household expenses, and another part will be used to buy wood. She has pledged to repay this loan on time and in full. 

Maria Mercedes has been a member of her village bank ever since it was founded several years ago. Her goal for the future is to open a big store in Cusco and move to the city. 
",1.0,0.0,"Pay field hands, buy wood, cover household expenses",0,2009,4.404016203703704,,Agriculture,1.0,Yes,Yes,No,No,Yes,Yes,Yes
385189,female,1,individual,Education,800.0,26,61,MAXIMA Microfinance,2012-02-01T21:28:55Z,Lan earns a living by making clothing while her husband Phal teaches in a local university. They have been married since 2001 and have three young children -- two sons and one daughter. They live in a suburb that is located about 25 kilometers outside of Phnom Penh.  Lan has applied for a loan for $800 so that her husband can buy a laptop computer to use when preparing documents and lesson plans. ,1.0,0.0,to buy a laptop computer for her husband.,0,2012,0.0,30.0,Services,1.0,Yes,Yes,No,No,No,Yes,Yes
275593,male,1,individual,Health,300.0,6,119,Asociación Arariwa,2011-03-01T09:01:38Z,"The borrower is a member of the communal bank, “CHASKA ÑAHUI”; located in the district of Cusco, in the department of Cusco in the Cusco province.

The borrower is Sr. Percy, 75 years old, who is married with 7 children. He is a doctor, and unemployed surgeon, with a surgery in the center of the city of Cusco where he works afternoons from Monday to Saturday, attending to every patient that comes to see him. He is a very happy person with a strong desire to continue helping people, something which makes him feel happy. He is applying for the loan to equip his surgery. He is very happy about the loan and is committed to fulfilling the repayment schedule.
",0.0,1.0,The applicant requests a loan to equip his surgery.,0,2011,0.0425347222222222,,Services,1.0,Yes,Yes,No,No,Yes,Yes,Yes
340279,female,1,individual,Agriculture,475.0,8,119,Asociación Arariwa,2011-09-28T02:51:52Z,"Yovanna belongs to the ""Tres de Mayo de Poroy"" communal bank, located in the Cusco district, which is part of Cusco province and department.  Yovanna is 28, in a  common-law relationship, and has one child.  

She alternates her daily chores with the buying and selling of smaller animals such as guinea pigs, pigs, chickens.  She sells door-to-door, and also carries on her business at different markets. She raises and fattens the animals and then sells them. By means of this business, she is helping her family get ahead in life. She wants to expand and improve her business of selling smaller animals.

She is applying for the loan in order to buy guinea pigs, pigs and chickens and also to buy feed for the animals. She is happy to receive the loan, and is committed to making her instalment payments.",1.0,0.0,"To buy guinea pigs, pigs, chickens, and animal feed.",0,2011,0.181724537037037,,Agriculture,1.0,Yes,Yes,No,No,Yes,Yes,Yes
453787,male,1,individual,Construction,500.0,6,119,Asociación Arariwa,2012-07-28T19:04:53Z,"Our member is Cecilio. He belongs to the communal bank ""Tercer Milenio"" in the province of Urubamba in Cusco, Peru. Our member, along with his brother, took a chance on the construction business some time ago. Together they started a business of manufacturing cement blocks or concrete bricks for the construction and building of buildings. Cecilio, thanks to the growth of this business, has been able to increase his economic profits and in this way, improved his family's whole quality of life, giving a better education to his children so that they will have a better future. Cecilio will invest his loan to buy the raw material that will allow him to produce his bricks. In this case, he will buy cement and crushed stone. 
Cecilio's big dream is to grow his business and develop it as a construction consulting firm at a regional level. 
Cecilio thanks KIVA for allowing him to develop his work and to continue growing more each time. ",0.0,1.0,to buy cement and crushed stone,0,2012,0.0519675925925925,30.0,Production & Construction,1.0,Yes,Yes,No,No,Yes,Yes,Yes
330208,male,1,individual,Agriculture,375.0,8,119,Asociación Arariwa,2011-08-27T20:53:08Z,"Niceforo was born in Muñoa in the department of Puno (Peru). He is 56 years old. He is in a common law marriage from which he has 6 children. Currently, he lives and works in the town of Urubamba. He has been a farmer and bricklayer for many years. Niceforo needs the loan to buy more seeds and fertilizer.

The communal bank “Señor de los Milagros de Urubamba” meets every 30 days in the town of Urubamba (Cusco, Peru). Cusco is known as a popular tourist area and commercial centre. It is also known for its traditional festival of Inti Raymi and for being located near one of the seven wonders of the world ""Machupicchu"".


 ",0.0,1.0,to buy seeds and fertilizer.,0,2011,0.0,,Agriculture,1.0,Yes,Yes,No,No,Yes,Yes,Yes
162901,female,1,individual,Services,600.0,11,98,AFODENIC,2009-12-22T01:04:33Z,"Susana Jiménez has a small beauty salon.  She has been managing it for 18 years.  When she was young she studied the program, and it has been her source of income.  She has eight grown children, and she is 63.  It has been a joy to be able to support her children.  Because she is a widow, it was hard to get ahead.  She started with her own money, and she sold cosmetics traveling in the market.  Due to the crisis in country, unemployment, and low earnings she has not had the usual amount of customers.  This worries her because she has to pay her water, light, telephone, and loan monthly.  Her hope is that in this month of December when the young people always change their look she will be able to get more customers.  She hopes to be able to do a lot of straightening, tints, curling, and other things.  That is why she will buy tints, creams, nail polish, and materials to work on the feet and hands.  She will do this to increase service and sales.

Her plan is to be able to put the business in her house.  She would take care of it herself.  She is happy because she has maintained her business, and she has not taken money out of the business for the loans.  She can buy all of the necessary products for her work.

<br /><p><strong>Translated from Spanish by Ginny Kalish, Kiva Volunteer</strong></p>",1.0,0.0,Buy products for her beauty salon,0,2009,5.044641203703704,,Services,1.0,Yes,Yes,No,No,No,Yes,Yes
426093,male,1,individual,Transportation,625.0,12,163,HOFOKAM,2012-05-21T13:24:59Z,"David wants a loan to buy tires for his vehicle .He is 40 years old and lives in Masindi, Uganda. He started as a farmer, saved money and bought a vehicle, which he uses for a transport business. His family dream is to educate his children and buy another car. The responsibility of taking care of three children and wife solely rests on him, since he is the only income earner.",0.0,1.0,buy tires for his vehicle,0,2012,6.308206018518519,30.0,Services,1.0,Yes,Yes,No,No,No,Yes,Yes
332733,male,1,individual,Agriculture,500.0,14,167,PADECOMSM,2011-09-21T21:04:08Z,"José lives with his grandparents, his wife and two children.  He is a farmer and construction worker; normally he works growing corn, and when needed, he take on construction work.  His family depends on him, and so every day he strives to give them the best.  

He currently needs to buy manure and pay for workes, by means of a loan.  This will be a great help to José, as he hopes that his corn production will be abundant and he can guarantee food for his family.

His dream he would like to accomplish is to finish building his home.",0.0,1.0,to buy manure and pay for workers.,0,2011,13.016701388888889,,Agriculture,1.0,Yes,Yes,No,No,Yes,Yes,Yes
407164,male,1,individual,Housing,700.0,12,98,AFODENIC,2012-04-23T16:08:25Z,"
Mario is a gentleman who has been selling chemical products for about nine years; this is his main activity.  However, because this work does not generate much income he also buys and sells recyclables aiming at improving his income.  He assures us that gradually and thanks to Afodenic loans he’s been making improvements to his home for him and his wife; this has been one of the great dreams of his life.  With this new loan, he will invest in installing a bathroom at home attaining with this infrastructure one of his most wished-for goals as well as enjoying better living conditions.
",0.0,1.0,to install a bathroom in his home.,0,2012,26.00579861111111,29.99997685185185,Production & Construction,1.0,Yes,Yes,No,No,No,Yes,Yes
499465,female,1,individual,Food,600.0,6,119,Asociación Arariwa,2012-12-03T01:38:52Z,"Pamela continues in the communal bank “Anna Jarvis III” with the sale of ceviche (marinated seafood cocktail). She is a responsible and friendly person that gets ahead, since she’s already achieved her dream of opening a restaurant where she sells her dishes. It's going very well. For this opportunity, she needs a loan to buy a freezer, which she wishes to use more in her restaurant. Pamela is happy about the loan, and she promises to make the payments of her share. ",1.0,0.0,buy a freezer.,0,2012,1.2207060185185186,30.0,Food & Trade,1.0,Yes,Yes,No,No,No,Yes,Yes
263190,female,1,individual,Clothing,200.0,6,119,Asociación Arariwa,2011-01-05T18:56:05Z,"Here is a member who belongs to the community bank named ""San Valentin"". The bank is located in the district, province and region of Cusco. 

The member's name is Veruska. She is 33 years old and she is single. Her business is to buy and sell clothing for kids, ladies, gentlmen, and infants. She works together with her mother in the same business. She also works in the hospital where she provides information to insured individuals about their appointments. She is a very optimistic person and this is how she is able to get ahead.

She requests a loan to purchase items of clothing for her business.

She is happy to receive this loan and she is committed to the payment terms. ",1.0,0.0,To purchase clothing for resale.,0,2011,0.0,,Food & Trade,1.0,Yes,Yes,No,No,No,Yes,Yes
83068,male,1,individual,Agriculture,700.0,15,61,MAXIMA Microfinance,2009-01-11T04:16:23Z,"Mr. Phirum C., 38, and his wife, Mrs. Sokha Kong, 44, who live in a village about 20 kilometers from Phnom Penh, married in 1994 and have four children: three sons and one daughter. One of their children is married and lives outside the family home.<P>

Phirum and his wife have been farming for eighteen years. They grow many types of vegetables in their farmland in the village. They sometimes sell their products in the village and sometimes sell at Chbar Ampov market, located in Phnom Penh, the capital city of Cambodia. Phirum is requesting a loan of US$ 700 to use for growing vegetables.
",0.0,1.0,To use for growing vegetables,0,2009,0.1362847222222222,,Agriculture,1.0,Yes,Yes,No,No,Yes,Yes,Yes
230162,male,1,individual,Education,550.0,6,119,Asociación Arariwa,2010-10-01T21:16:22Z,"This member belongs to the communal bank “KAROLL WOKTILA”. THis bank is located in the Huanchac district, which belongs to the province and department of Cuzco.  

The member, Neyer, is 37 years old. He is married and has been working for 8 years as a manager in the terminal of a transportation business called  Civa. He has 3 children and is asking for the loan for his youngest childrens' education as well as for some other household expenses. He is asking for the loan to invest in his youngest children's education. 

This member is grateful for the loan and is committed to making his payments according to the agreed schedule. .
<br /><p><strong>Translated from Spanish by Ellen Donohue, Kiva Volunteer</strong></p>",0.0,1.0,To invest in his children's education,0,2010,0.0945254629629629,,Services,1.0,Difficult to tell,Yes,No,No,Yes,Yes,No
416975,male,1,individual,Agriculture,600.0,10,163,HOFOKAM,2012-04-30T23:26:34Z,"Anthony is a fifty-five-year-old married man with eight children living in Kamwenge, Uganda. His personal goal is to educate his children. He has been running a cattle trading business for the last ten years after starting with capital of three hundred thousand UGX and it has grown to two million eight hundred thousand. His major hardship is high fuel and transportation costs; however, he has a vision of buying land to grow crops. Anthony needs a loan to buy cattle for resale.",0.0,1.0,to buy cattle for resale.,0,2012,6.018414351851852,29.99997685185185,Agriculture,1.0,Yes,Yes,No,No,Yes,Yes,Yes
374074,female,10,group,Food,3575.0,6,119,Asociación Arariwa,2011-12-26T19:13:57Z,"These members belong to the Qorilazo communal bank. This bank is located in the district of Cusco, which is part of the province and department of Cusco.

One of the members is Señora Yeni. She is 27 years old, is in a common-law marriage, and has two children. Her business is a grocery store. She sells rice, sugar, milk, oil and candies. She works from 6:00 am to 10:00 pm. She also sells corn cooked with cheese, which she sells as a street vendor. Through these little businesses she is raising her children. Her dream is to have a shop where she can sell corn with cheese and also to expand her grocery store. She is applying for the loan to buy products such as rice, sugar, milk, and oil wholesale, and also to buy corn and cheese wholesale.

The other members' businesses include selling chicha (a traditional Andean corn-based alcoholic drink), a chicken business, a grocery store, selling food, and selling guinea pigs.

Sra. Yeni is thankful to those who form part of her dream through the loans and she promises to make her payments according to the established schedule.
",10.0,0.0,"to buy products such as rice, sugar, milk, oil, corn, and cheese wholesale.",0,2011,1.7526851851851852,,Food & Trade,0.8,Yes,Yes,No,No,No,Yes,Yes
225429,female,1,individual,Food,600.0,9,110,Emprender,2010-08-24T01:44:06Z,"Susy is a new individual loan client.  She sells prepared meals (lunches and breakfasts) near her home.  She lives in her parents’ house with her three school aged children.  Because of work requirements, her husband is abroad but always sends her money for family expenses. She tends to her business alone although her mother, Eugenia, sometimes helps her.  

She is asking for funds for groceries, potatoes, cooking oil to make her delicious dishes; this is why she’s asking for this Kiva loan.
<br /><p><strong>Translated from Spanish by Michael Bujazan, Kiva Volunteer</strong></p>",1.0,0.0,To buy groceries and cooking oil at wholesale.,0,2010,0.1069675925925925,,Food & Trade,1.0,Yes,Yes,No,No,No,Yes,Yes
278891,female,1,individual,Housing,375.0,13,98,AFODENIC,2011-04-11T16:57:29Z,"Celestina is mother to two children for whom she has worked very hard as a caretaker in order to support them and cover their needs.  Her husband works as a messenger and together they have been saving up to build their own home.

Everything costs a lot right now and it has been difficult buying all the material.  For this reason, Celestina came to Afodenic to take out a loan in order to finish the work.  She will use this loan to build a small perimeter wall which will provide her property and her young children with more security.",1.0,0.0,to buy building supplies to build a wall in order to improve the security of her home,0,2011,10.414837962962965,,Production & Construction,1.0,No,Yes,No,No,Yes,Yes,Yes
117555,female,1,individual,Food,1200.0,16,98,AFODENIC,2009-07-24T19:07:23Z,"Mrs. Herminia del Carmen is 41 years and married. She lives in the Laureles Norte neighborhood of Managua. Her husband is a taxi driver, and they have three children, two of whom are independent and one of whom is still studying. She has been running her own small grocery store for the past six years. Her goals for the future of her family are to improve her home and to continue to support her daughter in her studies. She will use this loan to buy basic grains, canned goods and dairy products so that she will have a wide variety of products to offer her clients. With this investment, she hopes to expand her business and earn more in profits. She thanks Afodenic for giving her the opportunity to take out loans on accessible terms in order to expand her business, which have been very beneficial for her. 



<br /><p><strong>Translated from Spanish by Cynthia McMurry, Kiva Volunteer</strong></p>",1.0,0.0,"Buy basic grains, canned goods and dairy products",0,2009,22.99813657407408,,Food & Trade,1.0,Yes,Yes,No,No,No,Yes,Yes
285566,female,1,individual,Clothing,1575.0,14,100,CJSC Bank Imon International,2011-03-28T08:28:36Z,"Zumradkhon is married and a loving mother of two children. Her husband works in Russia. She sells fabric and women’s clothing at the market. Zumradkhon started her business by helping her mother and now has her own outlet and stable customers. Over the past five years of running her own business, she has gained a lot of experience. Zumradkhon would like a loan of 7000 Somoni to purchase new fabric and clothing, which will help her expand her business.  
 
More about Tajikistan and IMON International

Tajikistan is known for its rich history, which includes a key post along the Silk Road and the end of Alexander the Great's rule. It has also produced great thinkers, philosophers, scientists and poets, including Rudaki, Avicenna, Ferdowsi, Omar Khayyam, Jomi, and Rumi. The country is home to communities that still speak the ancient Sogdian language, epic mountain passes, and a civilization that dates back to the 4th millennium BC. And, even today, it is a complex mixture of the Islamic faith, Soviet culture, New West culture and Central Asian traditions.

But Tajikistan is also the poorest of the former Soviet republics. The civil war, which ignited soon after its independence from the U.S.S.R., further damaged the already weak economy. In addition, 93% of the country is mountainous and only 7% of the land is arable. These conditions have resulted in high levels of unemployment and have forced hundreds of thousands to seek work in other countries, mainly Russia. While the people of Tajikistan are working to improve its agricultural production and manufacturing sector, nearly two-thirds of the population still live in abject poverty.

IMON's History

Since December 2007, IMON International has worked closely with Kiva and Kiva lenders to ensure that poor and low income clients represent a viable business proposition. Funds raised through Kiva have already been distributed to thousands of IMON International's clients and will continue to provide thousands more with access to the varied financial services they need. To learn more about IMON International's work, please visit: www.imon.tj



",1.0,0.0,to purchase new fabric and clothing,0,2011,1.9017592592592591,,Food & Trade,1.0,Yes,No,No,Yes,Yes,No,No
376332,male,1,individual,Services,200.0,8,167,PADECOMSM,2011-12-29T17:44:57Z,"Mauro operates an auto paint and body repair business.  He lives with his wife and their three children, one of whom helps him with the business.  He's operated the shop for 5 years.  He started as an employee of another repair business before opening his own shop two years ago.  He then hired an employee to help him.
Mauro is applying for a loan to buy mastic, paint, tools and other supplies for the business.  The loan will allow him to save money when he buys the supplies he needs because he will get a discount for paying cash.  
Mauro's goal is to draw more customers and grow his business.  The extra income will allow him to better support his family.
",0.0,1.0,to buy supplies for his paint and body repair business.,0,2011,1.308900462962963,,Services,1.0,Yes,Yes,No,No,No,Yes,Yes
356240,male,1,individual,Agriculture,550.0,14,100,CJSC Bank Imon International,2011-12-14T10:58:07Z,"Gairat is married and is a responsible father of three children.  He earns little money from his craftsmanship work.  His children are growing up, and he needs to place them into good kindergartens and schools.  This is why he started to grow wheat five years ago.  This business brings him a good income, and he wants to expand this business. Gairat plans to make a good profit and wants to hold a hatnatuy (circumcision) ceremony for his son.  Gairat wants to obtain this loan to expand his business and buy wheat seeds for sowing.",0.0,1.0,to expand his business and buy wheat seeds for sowing,0,2011,34.15,,Agriculture,1.0,Yes,Yes,No,No,Yes,Yes,Yes
249370,male,1,individual,Construction,1000.0,15,110,Emprender,2010-11-21T20:49:25Z,"David is in the carpentry and wood carving business.  He is 36 years old and his wife María is 23 years old.  His wife helps him with his carpentry work when he is overloaded with jobs.  They have a little 5 year-old girl.  David sometimes performs wood carving work on furniture from well-known companies in the city.  He begins his work very early in the morning.  He is someone who wants to expand and grow in his business, improving his workshop so that he has people depending on him and also giving opportunities to others.  He hopes thereby to provide for the future well-being of his daughter and his family.  He lives in San Agustín neighborhood of Plan 3000 district.",0.0,1.0,To buy raw material (wood) and to expand his workshop roof,0,2010,1.7633101851851851,,Production & Construction,1.0,Yes,Yes,No,No,No,Yes,Yes
417009,female,1,individual,Agriculture,2100.0,14,100,CJSC Bank Imon International,2012-05-09T22:53:31Z,"Orzu is married and is a loving mother of two children. She is 51 years old. Her husband is a driver. Orzu has been breeding and selling cattle for more than six years. At this time she has two heads of cattle. This business brings her good income and she used the received profits to make major remodeling to her house and held a circumcision ceremony (hatnatuyi) for her grandson. She has a plot of land near her house where she grows fodder for the cattle and cultivates plants. Orzu is asking for a loan to buy cattle and seeds for the sowing of fodder.
",1.0,0.0,to buy cattle and seeds.,0,2012,8.092245370370371,30.0,Agriculture,1.0,Yes,Yes,No,No,Yes,Yes,Yes
390544,male,1,individual,Retail,375.0,6,119,Asociación Arariwa,2012-02-15T16:24:42Z,"Sr. Uriel is 33 years old, married, and has a son. As well as his regular daily activities, he runs a business selling televisions, computers, and cell phones, some of which are secondhand. His small store is located in his house. Uriel wishes to expand and improve his business so he is seeking a loan to buy more merchandise.",0.0,1.0,"to purchase electronics like televisions, computers, and cell phones",0,2012,1.0031944444444445,30.041655092592592,Food & Trade,1.0,Yes,Yes,No,No,Yes,Yes,Yes
351733,female,7,group,Clothing,750.0,6,187,MicroStart,2011-11-02T02:30:56Z,"Mrs. Foudailatou is the representative of the Z. Group. She is married and the mother of four children ranging from 19 years to 17 months of age. Three of her children  are in school, and she has five dependents. 

She has been selling clothing (traditional color “pagnes” fabric) for the last three years. She stocks up at the Sector 10 market. Her clients are both men and women. She would like to increase her working capital to buy a bale of “pagnes” fabric. She would like to use her savings to help pay for her children’s education and to put money away. Her goal is to open a big store selling “pagnes” and help with the construction of the family home.
",7.0,0.0,"to buy a bale of ""pagnes"" fabric",0,2011,0.2568402777777778,,Food & Trade,1.0,Yes,Yes,No,No,No,Yes,Yes
383471,male,1,individual,Agriculture,1600.0,12,100,CJSC Bank Imon International,2012-01-31T19:17:09Z, Abdulhoshim is married and is raising three minor children. His wife is a homemaker.  For over two years he has been growing farm produce. He began his business by growing onions. Abdulhoshim would like to receive a loan to buy mineral fertilizers and cover the cost of manual labor. He hopes for your help and compassion.,0.0,1.0,To buy mineral fertilizers,0,2012,10.671550925925926,30.0,Agriculture,1.0,Yes,Yes,No,No,Yes,Yes,Yes
407062,female,1,individual,Retail,1125.0,6,119,Asociación Arariwa,2012-03-27T20:24:34Z,"Shalom is a hardworking and enterprising person who gets her family ahead. She owns a small business that consists of selling beauty products such as lotions, perfume, cologne, etc. to relatives and friends who request them. She also distributes goods such as cereals. She works with her husband in distributing the goods to grocery stores and eateries that request them. This is the way she gets her family ahead.
The member requests the loan in order to purchase beauty products such as lotions and cologne for her business.
She's thankful for the opportunity she's being given with the loan. She also pledges to make her repayments according to the schedule.",1.0,0.0,to purchase beauty products such as lotions and cologne for her business.,0,2012,0.7809027777777777,30.0,Food & Trade,1.0,Yes,Yes,No,No,No,Yes,Yes
287734,female,1,individual,Food,725.0,8,119,Asociación Arariwa,2011-04-05T05:16:35Z,"Irene Irma is a member of the community bank Santa Rosita de Ayllupampa, located in the Urubamba district in the Urubamba province and department of Cusco.

Irene Irma is 30 years old, married, and has two children. She balances her daily activities with her business, a grocery store.  She works from 7:00am until 2:00pm.  She sells necessities like rice, sugar, milk, and pasta.  She would like to expand her grocery store. 

She is asking for this loan to purchase products for her grocery store.

She is happy with the loan provided and promises to make her payments on time.


",1.0,0.0,to purchase products for her grocery store.,0,2011,0.7059375,,Food & Trade,1.0,Yes,Yes,No,No,No,Yes,Yes
111218,male,1,individual,Agriculture,1175.0,8,100,CJSC Bank Imon International,2009-05-25T16:33:33Z,"Shuhrat A., 32 years old and living with his wife and four children, has dedicated himself to farming barley, wheat, corn, tomato and watermelon for more than 13 years. Shuhrat enjoys being a farmer and finds harvesting his crops especially gratifying. On the other hand, the most tedious part of farming is the preparation of land for planting and protecting crops from insects that could spoil his harvest. This is his first loan request from IMON International, and he will use the money to buy seeds and fertilizer for his plots. Shuhrat thanks all who are supporting him.   <p>

More about Tajikistan and IMON International

Tajikistan is perhaps best known for its rich history, which includes:  its role as a key post along the Silk Road; the end of Alexander the Great's rule; and its famous great thinkers, philosophers, scientists and poets including Rudaki, Ibn Sina (Avicenna), Firdousi, Omar Haiyam, Jomi, Mavlavi Rumi and many others. The country is home to communities that still speak the ancient Sogdian language, epic mountain passes, and a civilization that dates back to the 4th millennium BC.  Even today, it is a complex mixture of the Islamic faith, Soviet culture, New West culture and Central Asian traditions. <p>
	
However, Tajikistan is also the poorest of the former Soviet republics.  The civil war, which ignited soon after its independence from the U.S.S.R., further damaged the already weak economy.  In addition, 93% of the country is mountainous, and only 7% of the land is arable.  These conditions have resulted in high levels of unemployment, forcing hundreds of thousands to seek work in other countries, mainly Russia.  While the people of Tajikistan are working to improve its agricultural production and manufacturing sector, nearly two-thirds of the population still live in abject poverty. <p>

IMON's History<p>

Since December 2007, IMON International has worked closely with Kiva and Kiva lenders to ensure that poor and low income clients represent a viable business proposition. Funds raised through Kiva have already been distributed to thousands of IMON International's clients and will continue to provide thousands more with permanent access to the varied financial services they need. To learn more about IMON International's work, please visit: www.imon.tj
",0.0,1.0,To purchase seed and mineral fertilizer.,0,2009,0.1412847222222222,,Agriculture,1.0,Yes,No,No,Yes,No,No,No
288915,female,1,individual,Services,700.0,15,110,Emprender,2011-04-16T04:03:11Z,"Sandra is a Dressmaker; she makes women’s clothing.  She isn’t married but has a spouse and a child and she shares with the institution the satisfaction she’ll feel now that she will be able to work with more work tools to fight for her son’s life and value growth thanks to financing from Emprender and Kiva while at the same time improving her way of life with support from her spouse and being able to overcome whatever obstacle life throws at her.

Sandra’s activity consists in sewing women’s clothes (fabric trousers).  She’s been doing this for several years.  Because of this she felt encouraged to seek a loan to buy machinery that will be an enterprise for this woman’s future.  The effort she puts into it every day of the week is valued so that she, herself, can have economic development as well as a better quality of life for her family.
",1.0,0.0,to buy sewing machines.,0,2011,8.057743055555555,,Services,1.0,Yes,Yes,No,No,No,Yes,Yes
165966,male,1,individual,Food,1500.0,14,100,CJSC Bank Imon International,2009-12-30T07:33:43Z,"Ehsonjon is a hardworking, responsible man who lives with his wife and two children. In order to provide for his children's needs while caring for them, he decided to start his own business processing and selling dried apricots. His wife helped him by sharing her best recipes and processing secrets. Fortunately, his work has paid off, and his business has grown with more orders and new clients coming in every day. Ehsonjon is asking for a loan of US$1,500, which he will use to purchase needed supplies and to remodel his location. He hopes that by doing this he will increase his sales and income. You can be a part of this growth. Ehsonjon and his parents thank you for your generosity and kindness.  

<b>More about Tajikistan and IMON International</b>

Tajikistan is known for its rich history, which includes a key post along the Silk Road and the end of Alexander the Great's rule. It has also produced great thinkers, philosophers, scientists and poets, including Rudaki, Avicenna, Ferdowsi, Omar Khayyam, Jomi, and Rumi. The country is home to communities that still speak the ancient Sogdian language, epic mountain passes, and a civilization that dates back to the 4th millennium B.C. And, even today, it is a complex mixture of the Islamic faith, Soviet culture, New West culture and Central Asian traditions.

But Tajikistan is also the poorest of the former Soviet republics. The civil war, which ignited soon after its independence from the U.S.S.R., further damaged the already weak economy. In addition, 93% of the country is mountainous and only 7% of the land is arable. These conditions have resulted in high levels of unemployment and have forced hundreds of thousands to seek work in other countries, mainly Russia. While the people of Tajikistan are working to improve its agricultural production and manufacturing sector, nearly two-thirds of the population still live in abject poverty.

<b>IMON's History</b>

Since December 2007, IMON International has worked closely with Kiva and Kiva lenders to ensure that poor and low income clients represent a viable business proposition. Funds raised through Kiva have already been distributed to thousands of IMON International's clients and will continue to provide thousands more with permanent access to the varied financial services they need. To learn more about IMON International's work, please visit: <a href=""http://www.imon.tj""> www.imon.tj </a>
",0.0,1.0,Purchasing dried apricots,0,2009,0.0,,Food & Trade,1.0,Yes,Yes,Yes,No,Yes,Yes,Yes
329878,female,1,individual,Food,375.0,12,98,AFODENIC,2011-08-28T16:04:16Z,"Jacqueline is an inhabitant of the municipality of Ninidiri with her husband and children.  Her husband works in a private company.  To support him with the household expenses, for several years Jacqueline has worked in business (grocery store).   

With much effort and commitment, her small business is growing thanks to funding obtained from Afodenic through Kiva.  This funding allows Jacqueline to increase her inventory while improving their quality of life.",1.0,0.0,to buy groceries.,0,2011,2.2807060185185186,,Food & Trade,1.0,Difficult to tell,Yes,No,No,Yes,Yes,Yes
357786,female,1,individual,Construction,400.0,12,98,AFODENIC,2011-11-17T10:30:04Z,"Gricelda is a mother and a hard-working woman.  Before she was in the situation of not having work but she started a small soft drink business.  With the previous loan she built one of the walls in her house.  Then she left the business to work in a small company as a janitor.  It was a big change that has benefited her family since she has a regular salary.  Her principal plan is to complete building her house in concrete so that she can have all the necessary comforts.  She will use the loan to buy construction materials such as: cement, sand, cement blocks, gravel, stone, nails, brackets, boards,etc to build another outside wall of her house.

She appreciates the financing and constant support in building her house with the idea of a better future for her family with great comfort and security.
",1.0,0.0,to buy construction materials,0,2011,2.7982060185185187,,Production & Construction,1.0,Yes,Yes,No,No,No,Yes,Yes
235156,female,21,group,Food,3000.0,7,162,Turame Community Finance,2010-10-01T06:43:12Z,"Aline M. is a woman merchant, aged 32, who lives in the Musaga districts of Bujumbura, the capital of Burundi.  There in Musaga, she runs a grocery store.  This is a trade that she has been working at for eighteen months.  She has attended the 9th grade.  Her husband has attended the 10th grade.  He is a chauffeur.  

Aline is the mother of three children who are in primary school.  She is asking for a Kiva loan in order to make a change to running a restaurant business but also to continue with her shop by buying large amounts of food products to resell to customers.  Thus, she will be able to increase her savings.  She has preferred to ask Turame for a loan because it would be easy for her repay.   

Through the business she started, she has a dream to lead a better life together with her family.  

She is a member of the community group ""Haguruka"".
",20.0,1.0,changer le type de business en tenant un restaurant mais aussi continuer en achetant de grandes quantités de produits alimentaires de boutique à revendre aux clients,0,2010,1.8424189814814813,,Food & Trade,0.8571428571428571,Yes,Yes,No,No,Yes,Yes,Yes
384340,female,1,individual,Food,150.0,8,167,PADECOMSM,2012-01-26T14:22:46Z,"Aleyda lives with her family, her husband and two children.  She dedicates herself to selling bread, snacks and vegetables every day, selling her snacks only in the afternoons.

Currently, Aleyda is requesting a loan for the purchase of sweet breads, condiments, cooking oil, and other ingredients for her business.  This loan would allow her to generate more profits through her enterprise.

Her aspiration is to improve her business by means of financing through the loans, to buy and stock high quality products so that her customers feel satisfied.

",1.0,0.0,"buy sweet breads, condiments, cooking oil.",0,2012,0.1060648148148148,30.0,Food & Trade,1.0,Yes,No,No,No,No,Yes,Yes
413113,female,2,group,Arts,600.0,11,97,FAPE,2012-05-03T20:54:52Z,"DUO LA MONTAÑITA
“Duo La Montañita” (The Little Mountain Duo)

Delme is a hard-working woman.  She works from early until the night hours in order to support her husband.  She does this because financial resources are scarce.  She makes typical woven products by hand, and she also raises animals.  

They have two minor children for whom they are responsible.  They have to get ahead through her work because her husband has scarce resources.  What he earns does not cover the family’s expenses.

That is why she is requesting a loan to buy raw materials.  She is very grateful to Kiva because it has provided many blessings and been of great benefit.  

She hopes that you are able to help with the loan she is requesting.
",2.0,0.0,to buy raw materials for weaving.,0,2012,1.093611111111111,30.0,Production & Construction,1.0,Yes,Yes,No,No,Yes,Yes,Yes
383071,male,1,individual,Construction,575.0,6,119,Asociación Arariwa,2012-01-24T15:17:49Z,"The member belongs to the communal bank ""HATUNCHASKAS"", which is located in the district, province and department of Cusco.

He is 48, has a common-law wife and two children.  He alternates his daily activities with his carpentry business where he makes beds, armoirs, and shelving, among other products.  He works on an order basis to customer demand.  He is cheerful and responsble, and very determined to get ahead for his family.

The loan he is requesting is to buy wood for his business.  He is committed to paying back the loan on time.",0.0,1.0,To buy wood for his business.,0,2012,1.1512268518518518,,Production & Construction,1.0,Yes,Yes,No,No,No,Yes,Yes
274567,female,1,individual,Housing,1000.0,14,110,Emprender,2011-02-19T21:18:55Z,"Sra. Irenia engages in milk production and sells her product to one of her neighbors for eventual resale.  She has been in this business for ten years.  Irenia has cows that were given to her by her parents.  The home where she lives is owned by her parents.  She takes care of her parents since they are elderly.  Irenia has a daughter who is of school age.
<p>
She is requesting a loan to buy construction materials to build a wall around her home.  Irenia demonstrated good performance upon the repayment of her previous loan.  ",1.0,0.0,Construction of a wall around her home,0,2011,0.7353240740740741,,Production & Construction,1.0,Yes,Yes,No,No,Yes,Yes,Yes
194936,female,1,individual,Clothing,1200.0,11,100,CJSC Bank Imon International,2010-05-08T16:12:14Z,"Problems and money shortages have never defeated Malikakhon, who has always looked for a way to get past obstacles and continue to improve her situation. Malikakhon is an extremely hard-working and energetic woman. She is divorced and the mother of three children. For more than 16 years, she has operated a store where she sells children's and women’s clothing. Her store is well-known, and people love to visit because it's clean, tidy, and run by someone who is very kind and thoughtful. 

Malikakhon hopes that her store will keep growing so that she can maintain a comfortable life for her family. To make that possible, she has applied for a new loan that she will use to buy more clothing to sell. With this purpose, Malikakhon requests $1200 USD. She promises to repay the loan on time and thanks everyone supporting her.     
 

More about Tajikistan and IMON International

Tajikistan is known for its rich history, which includes a key post along the Silk Road and the end of Alexander the Great's rule. It has also produced great thinkers, philosophers, scientists and poets, including Rudaki, Avicenna, Ferdowsi, Omar Khayyam, Jomi, and Rumi. The country is home to communities that still speak the ancient Sogdian language, epic mountain passes, and a civilization that dates back to the 4th millennium BC. And, even today, it is a complex mixture of the Islamic faith, Soviet culture, New West culture and Central Asian traditions.

But Tajikistan is also the poorest of the former Soviet republics. The civil war, which ignited soon after its independence from the U.S.S.R., further damaged the already weak economy. In addition, 93% of the country is mountainous and only 7% of the land is arable. These conditions have resulted in high levels of unemployment and have forced hundreds of thousands to seek work in other countries, mainly Russia. While the people of Tajikistan are working to improve its agricultural production and manufacturing sector, nearly two-thirds of the population still live in abject poverty.

IMON's History

Since December 2007, IMON International has worked closely with Kiva and Kiva lenders to ensure that poor and low income clients represent a viable business proposition. Funds raised through Kiva have already been distributed to thousands of IMON International's clients and will continue to provide thousands more with permanent access to the varied financial services they need. To learn more about IMON International's work, please visit: www.imon.tj
",1.0,0.0,To purchase new clothing in order to increase the range of goods for sale.,0,2010,17.015416666666667,,Food & Trade,1.0,Yes,Yes,No,Yes,Yes,Yes,Yes
323750,female,1,individual,Arts,600.0,6,119,Asociación Arariwa,2011-08-08T03:19:52Z,"Hilda is 47 years old and married with four children. Two of her children live separately from her while the other two still live with her while they attend University and high school. Hilda's occupation is selling crafts such as handmade satchels, blankets, and hats in various places around the city of Cusco. She runs the business with her daughter Elizabeth. 

Hilda is asking for a $600 loan in order to buy more materials to make crafts. Specifically, she plans to purchase more yarn, string, and elastic bands. Hilda is a very hardworking woman and is committed to making all of the necessary loan payments on time.",1.0,0.0,"to buy more yarn, string, and elastic bands to make crafts",0,2011,0.2637384259259259,,Production & Construction,1.0,Difficult to tell,Yes,No,No,No,Yes,No
338427,male,1,individual,Agriculture,1000.0,14,167,PADECOMSM,2011-10-17T22:35:08Z,"José lives with his 3 year old son. He breeds cattle and pigs for a living, a job he has done for the past 3 years. Following in his father’s footsteps, he works everyday and goes to buy and sell on market day.

He will use the loan to buy five small calves to raise in his pasture and when the time comes, he will sell them for a profit, thus improving his income.

José’s dream is to build his own house, to provide his son with a better future which is something that he needs and also to have greater financial stability.
",0.0,1.0,to buy five small calves.,0,2011,13.850729166666667,,Agriculture,1.0,Yes,Yes,No,No,Yes,Yes,Yes
237940,female,1,individual,Retail,3000.0,14,100,CJSC Bank Imon International,2010-10-18T01:18:53Z,"Ugul, an entrepreneur from Isfara, Tajikistan, sells fabric merchandise in the central mall of her hometown. In this business for 19 years, Ugul is seeking a loan of $3000 USD to purchase additional inventory for further retail sale in her little store. She is hoping to buy new, trendy fabrics that sell well among numerous mall customers. <p>

Ugul can be characterized as a solvent borrower quite capable of loan repayment. She has gained a reputation for responsibility both in her financial obligations and in keeping her word. We are happy to have another opportunity to assist her with the operation of her business.<p>

More about Tajikistan and IMON International<p>

Tajikistan is known for its rich history, which includes its role as a key post along the Silk Road and the end of Alexander the Great's rule. It has also produced great thinkers, philosophers, scientists and poets, including Rudaki, Avicenna, Ferdowsi, Omar Khayyam, Jomi, and Rumi. The country is home to communities that still speak the ancient Sogdian language, epic mountain passes, and a civilization that dates back to the 4th millennium BC. And, even today, it is a complex mixture of the Islamic faith, Soviet culture, New West culture and Central Asian traditions.<p>

But Tajikistan is also the poorest of the former Soviet republics. The civil war, which ignited soon after its independence from the U.S.S.R., further damaged the already weak economy. In addition, 93% of the country is mountainous and only 7% of the land is arable. These conditions have resulted in high levels of unemployment and have forced hundreds of thousands to seek work in other countries, mainly Russia. While the people of Tajikistan are working to improve its agricultural production and manufacturing sector, nearly two-thirds of the population still live in abject poverty.<p>

IMON's History<p>

Since December 2007, IMON International has worked closely with Kiva and Kiva lenders to ensure that poor and low income clients represent a viable business proposition. Funds raised through Kiva have already been distributed to thousands of IMON International's clients and will continue to provide thousands more with permanent access to the varied financial services they need. To learn more about IMON International's work, please visit: www.imon.tj

",1.0,0.0,Purchasing new fabrics for the business,0,2010,4.901921296296297,,Food & Trade,1.0,Yes,Yes,No,No,Yes,Yes,No
228736,female,5,group,Food,1675.0,7,162,Turame Community Finance,2010-09-04T02:35:12Z,"Denise N. is a 27-year-old merchant who lives in Quartier 3 Ngangara, in Bujumbura, the capital of Burundi.  She does commerce in foodstuffs, such as potatoes and eggs.  This has been her trade for seven years.  Denise has attended the 2nd year of technical education in management.  She is on her first community loan cycle with Turame.  Her husband, Alberic Barangeza, is also a merchant of shop goods.  

Denise is the mother of two children, a boy and a girl, who are 6 and 5 years old.  They are both in school. 

Denise is asking for a Kiva loan to increase the quantity of goods (potatoes and chicken eggs) to sell in hopes of having a big profit.  She hopes to have a lot of capital in the future to allow her to do a lot of business.  She was inspired by her parents to start this business because it was their trade for a long time.  She received initial capital from her husband for starting her business before her loan from Turame. She is a member of the solidarity group ""Abaduzakivi"".  
<br /><p><strong>Translated from French by Dan Kuey, Kiva Volunteer</strong></p>",5.0,0.0,Increasing the quantity of goods (potatoes and chicken eggs) to sell in hopes of having a big profit,0,2010,0.2743634259259259,,Food & Trade,1.0,Yes,Yes,No,No,No,Yes,Yes
463805,female,1,individual,Retail,600.0,14,167,PADECOMSM,2012-09-09T23:46:11Z,"Eva is requesting a loan to invest in the purchase of merchandise for her business.  She plans to stock the store with products that customers demand daily: sugar, beans, rice, corn, and other needed products.  She says that the previous loan enabled her business to be well-stocked and better able to meet customer demand, and inventory has remained stable. She feels that her family has also  received better benefits.  
",1.0,0.0,"to purchase sugar, beans, rice, and corn.",0,2012,10.858449074074072,30.0,Food & Trade,1.0,Yes,Yes,No,No,No,Yes,Yes
475089,female,1,individual,Services,1175.0,6,119,Asociación Arariwa,2012-10-08T05:37:42Z,"Patricia Maribel, 26, is married and has a son.  She works in tourism.  She works as a tour guide to places like Machu Picchu and other tourist attractions.  She also sells tickets to tourists.  She’s been in business six years and her dream is to have a travel agency.  She requests the loan to buy tickets, tourist passes and tents to equip her tourist guide business.  She’s happy about the loan and commits to make her installment payments.",1.0,0.0,"to buy tickets, tourist passes and tents.",0,2012,5.963530092592593,30.0,Services,1.0,Yes,Yes,No,No,No,Yes,Yes
137761,female,1,individual,Agriculture,1000.0,11,100,CJSC Bank Imon International,2009-09-20T19:14:42Z,"Their education is the most important inheritance Oiniso and her husband can give to their four dear children. They are both very responsible parents and they work very hard in agriculture and farming so that they can give their children the opportunity to finish school, an opportunity they never had due to poor finances.
<p>
This happy mother has been working in agriculture since getting married and with the unconditional help of her husband and elder son, she buys and sells cattle in order to cover the family’s most urgent needs. Even so, she now finds herself with more expenditures and she would like a loan in order to increase their capital by increasing their number of cattle. Oiniso and her family are waiting for your quick response.    


More about Tajikistan and IMON International

Tajikistan is known for its rich history, which includes a key post along the Silk Road and the end of Alexander the Great's rule. It has also produced great thinkers, philosophers, scientists and poets, including Rudaki, Avicenna, Ferdowsi, Omar Khayyam, Jomi, and Rumi. The country is home to communities that still speak the ancient Sogdian language, epic mountain passes, and a civilization that dates back to the 4th millennium BC. And, even today, it is a complex mixture of the Islamic faith, Soviet culture, New West culture and Central Asian traditions.

But Tajikistan is also the poorest of the former Soviet republics. The civil war, which ignited soon after its independence from the U.S.S.R., further damaged the already weak economy. In addition, 93% of the country is mountainous and only 7% of the land is arable. These conditions have resulted in high levels of unemployment and have forced hundreds of thousands to seek work in other countries, mainly Russia. While the people of Tajikistan are working to improve its agricultural production and manufacturing sector, nearly two-thirds of the population still live in abject poverty.

IMON's History

Since December 2007, IMON International has worked closely with Kiva and Kiva lenders to ensure that poor and low income clients represent a viable business proposition. Funds raised through Kiva have already been distributed to thousands of IMON International's clients and will continue to provide thousands more with permanent access to the varied financial services they need. To learn more about IMON International's work, please visit: www.imon.tj",1.0,0.0,Purchasing cattle,0,2009,0.8364699074074075,,Agriculture,1.0,Yes,Yes,Yes,Yes,Yes,Yes,Yes
256207,male,1,individual,Retail,575.0,12,163,HOFOKAM,2010-12-23T09:05:53Z,"Taddeo is a 26-year-old married man with three children living in a permanent house in Fort Portal, Uganda. His dream is to educate his children to higher levels of education. He is a businessman who has operated a retail shop for three years. The income generated has helped him pay school fees for his children. Taddeo needs the credit facility's loan to buy soap, sugar and salt for resale. ",0.0,1.0,"Buying soap, sugar and salt for resale.",0,2010,13.774826388888888,,Food & Trade,1.0,Yes,Yes,No,No,Yes,Yes,Yes
400182,female,1,individual,Agriculture,500.0,14,167,PADECOMSM,2012-03-18T08:02:28Z,"



María is asking for a new loan to buy two pigs because her intention is to maintain her farm and with it the customers needed to earn family income.  She feels that she's had a good experience with the previous loan; her economic conditions are improving through her work and the loans she's had.",1.0,0.0,to buy two pigs.,0,2012,7.119722222222222,29.999988425925928,Agriculture,1.0,Yes,Yes,No,No,No,Yes,Yes
230394,female,1,individual,Arts,375.0,8,119,Asociación Arariwa,2010-10-01T21:50:54Z,"Gladis, 26, is a single mother of two children.  She alternates her daily activities with crafts sales.  She sells quite a few crafts in the markets that take place in Urubamba province.  She wants to have a fixed locale to sell her crafts because for the time being she sells them in an ambulatory manner.  
She is asking for funds to buy crafts at wholesale.

She is a member of the “Mainique” communal bank located in Mainique district, Urubamba province, Cusco department.

She avails herself of this platform to express her gratitude to all those who share her dream and commits to repay in a timely fashion.
<br /><p><strong>Translated from Spanish by Michael Bujazan, Kiva Volunteer</strong></p>",1.0,0.0,To buy crafts at wholesale.,0,2010,0.1184953703703703,,Production & Construction,1.0,Yes,Yes,No,No,Yes,Yes,Yes
300364,male,1,individual,Agriculture,375.0,8,119,Asociación Arariwa,2011-05-24T04:39:34Z,"Flavio is 64 years old, married, and originally from the city of Quillabamba, located in the La Convención province in the department of Cusco in Peru.  He works as a farmer and in transportation.

Currently, Flavio lives in the community of Arin in the city of Calca.  He says that the first loan that he was given was a great help and allowed him to move forward with his corn crop, purchase the necessary items for the planting, and finish harvesting his vegetables.  He also works providing an inter-provincial transport service for passengers between Calca and Urubamba.  

Flavio is requesting this loan to purchase seeds, fertilizer, and young animals, such as guinea pigs.

",0.0,1.0,"to purchase seeds, fertilizer, and young animals, like guinea pigs.",0,2011,2.062129629629629,,Agriculture,1.0,Yes,Yes,No,No,Yes,Yes,Yes
82645,female,1,individual,Food,1000.0,14,100,CJSC Bank Imon International,2009-01-11T14:11:37Z,"H. Umri is 48-years old and the loving mother of three children. The elder son is already a student and the younger children are starting school. Umri and her husband dream  that their children will have a higher education. She sells meat products like sausages, boiled sausage, frankfurter, and dairy products such as cheese, butter, mayonnaise, etc. She has been in this business for 5 years. Umri is a very polite and cheerful woman by her nature. She has regular customers who buy in bulk, which allows her to have a stable income for her family. Umri is requesting a loan of $ 1000 USD. She is planning to purchase a greater variety of meat products in order to meet her client’s demands. She expects to repay the loan in 12 months. Umri sincerely thanks all the lenders for their support.

",1.0,0.0,To buy meat products and provide a greater variety of goods.,0,2009,4.202418981481482,,Food & Trade,1.0,Yes,Yes,No,No,No,Yes,Yes
236579,female,1,individual,Housing,300.0,12,98,AFODENIC,2010-10-13T01:35:43Z,"Ángela es una mujer  trabajadora, económicamente muy humilde, trabaja en limpieza en una empresa privada, casada, siendo su esposo vigilante.
Sus recursos económicos son pocos y es atreves del prestamos en Afodenic ha venido mejorando su casa, tiene una parte de la vivienda toda de concreto. Ya que va poco a poco porque no cuenta con la disponibilidad para hacer un préstamo de mas cantidad.
Es por eso con este financiamiento comenzara la construcción de la otra pared de concreto para poder avanzar en las mejoras para esto comprara: materiales de construcción como: piedra, arena, cemento, hierro y comenzar la obra.
",1.0,0.0,Home improvement,0,2010,2.962222222222222,,Production & Construction,1.0,Yes,Yes,No,No,Yes,Yes,Yes
473186,female,1,individual,Entertainment,325.0,6,119,Asociación Arariwa,2012-09-22T03:04:49Z,"Feliciana’s a member of the “San Rafael” communal bank and continues with her karaoke bar.  She’s been in business for a good length of time and does well thanks to the effort she puts into it every day.  She works at night from 7pm approximately.  She sells beer, rum and other drinks.  She’s a responsible, dedicated person who supports her family this way.  On this occasion, Feliciana requests the loan to buy beer for the business.  She feels grateful for the granted loan and commits to make her scheduled payments.",1.0,0.0,to buy beer.,0,2012,0.1490972222222222,30.0,Services,1.0,Yes,Yes,No,No,No,Yes,Yes
105854,male,1,individual,Agriculture,1200.0,22,61,MAXIMA Microfinance,2009-05-24T14:16:15Z,"Mr. Younos S., 46, and his wife, Mrs. Aisas Tres, 44, live along National Road Number Six about 20 kilometers from Phnom Penh. They married in 1985 and have four children: one son who raises cows at home and three daughters. Their eldest daughter assists her mother in sewing hammocks to sell. <P>

For ten years Younos has been selling cloth hammocks  sewn by his wife and daughter. Besides selling hammocks he also runs a new business selling cows. Younos is requesting his second loan of US$ 1,200 to purchase cows for re-sale. 
",0.0,1.0,To purchase cows for re-sale,0,2009,23.30210648148148,,Agriculture,1.0,Yes,Yes,No,No,Yes,Yes,Yes
407832,female,1,individual,Clothing,500.0,14,167,PADECOMSM,2012-04-23T08:35:16Z,Elizabeth’s asking for a loan because she needs to stock her business; she will buy pants and underwear that she hopes will improve sales and that her customers will feel more attracted to request this merchandise.  The previous loan strengthened the business even more investing in what was necessary.  She’s brought some changes to the business because she installed coconut sales producing additional income.,1.0,0.0,to buy pants and underwear.,0,2012,25.934178240740746,30.0,Food & Trade,1.0,Yes,Yes,No,No,No,Yes,Yes
350575,male,1,individual,Retail,625.0,6,119,Asociación Arariwa,2011-10-27T08:17:51Z,"
Nazario continues participating with Asociación Arariwa’s micro finance unit’s “San Isidro de Campone” communal bank in the city of Cusco.  Nazario is still in the business of selling lumber and also with the transportation service.  Nazario did very well with his previous loan and obtained good results so is now asking for another loan because it’s very helpful for his business’ capital.  On this occasion Nazario needs the loan to buy lumber.  Nazario is grateful for the opportunity presented to him by this means and commits to make his installment payments according to the payment timeline.
",0.0,1.0,To buy lumber.,0,2011,2.8942939814814816,,Food & Trade,1.0,Yes,Yes,No,No,No,Yes,Yes
336095,female,1,individual,Agriculture,700.0,22,61,MAXIMA Microfinance,2011-09-17T02:02:01Z,"Chheang and her husband, Kheng, are farmers. They grow rice and vegetables on their farmland in the village where they live. Chheang is asking for a loan of $700 to help with her rice and vegetable farm by purchasing seed, fertilizer and pesticide.

The couple has been married since 2002 and has two young sons. They are living in a village along National Road Number 6, about 17 kilometers from Phnom Penh City. 

Photo: Chheang is at home with her young son, not at the farm. 
",1.0,0.0,"To purchase seed, fertilizer and pesticide",0,2011,0.1678819444444444,,Agriculture,1.0,Yes,Yes,No,No,Yes,Yes,Yes
306777,female,12,group,Agriculture,3125.0,8,119,Asociación Arariwa,2011-06-16T00:00:52Z,"Margarita, 63, is a member of the “Santa Rosa D. Lima D. Conchacalla” communal bank.  She lives in Conchacalla District in Anta Province, Cusco Department.

She is married and has six children, all independent.  She is a farmer.  She has a plot of land where she farms corn and potatoes.  She also raises cows and bulls asiD. from other minor animals like guinea pigs and chickens.  She now wants to buy a cow and sheep to sell later on.  She is asking for the loan to buy a cow and sheep.

The other members buy and sell farm products, some raise livestock; one of the members has a grocery store, another sells chicha (drink maD. from corn) and another raises small farm animals.

She values and is infinitely grateful for the granted loan because it allows her to grow in business and improve her quality of life.  At the same time, she commits to pay her installments according to the stipulated time frame.

",12.0,0.0,to buy a cow and sheep.,0,2011,1.021423611111111,,Agriculture,0.9166666666666666,Yes,Yes,No,No,Yes,Yes,Yes
193794,female,1,individual,Housing,1200.0,20,98,AFODENIC,2010-05-19T01:43:56Z,"Bianeth, 31, is single and has been employed as a supervisor at URACCAN University for the last 9 years; she has a two-and-a-half year old daughter.  
Her life partner works as a bricklayer and contributes to family expenses.

She is requesting her 4th loan to buy building materials to build a bedroom for her baby so that the home will be more comfortable.  This is her 2nd loan with Kiva funds and she states that she is very grateful for the support provided.

Her dream is to gradually improve her living conditions and to continue to study to become an experienced professional.
<br /><p><strong>Translated from Spanish by Michael Bujazan, Kiva Volunteer</strong></p>",1.0,0.0,For building materials and supplies.,0,2010,25.1485300925926,,Production & Construction,1.0,No,Yes,No,No,No,Yes,Yes
469015,female,1,individual,Personal Use,650.0,14,100,CJSC Bank Imon International,2012-09-12T01:49:28Z,"Kunduz is 48 years old. She is married and had 5 children in her care. Her husband works as a tractor driver and receives a small salary that is not enough to support the family. Kunduz cooks and sells ethnic dishes. Previously, she worked as a hired field hand. She was overtired and had a hard life. When her daughters grew up, she decided to go into her current business for the improvement of her living conditions. Kunduz is the owner of the business and her daughter helps her. This year, her daughter is preparing to get married but Kunduz does not have enough money for the wedding arrangements. Her daughter really loves her fiancé and hopes that you will help her become happy. Kunduz is requesting a loan in the amount of 3000 somoni for her daughter's wedding arrangements. She awaits your generosity.",1.0,0.0,To buy all the necessary things for her daughter’s marriage,0,2012,6.312048611111111,30.0,Food & Trade,1.0,No,Yes,No,Yes,Yes,Yes,No
160416,female,1,individual,Clothing,300.0,6,119,Asociación Arariwa,2009-12-16T16:16:02Z,"Our member Edith is 38 years old, married, and was born in the city of   Cusco. She belongs to the Ricchary Cusco Community Bank, a part of the Arariwa Association. Edith is the coordinator of the social program ‘Vaso de Leche’ in Cusco. (The program provides milk products to low-income families.) She has a daughter called Maedy who is studying economics at university.

As well as looking after the home, Edith sells clothing. She travels to the border between Peru and Bolivia where she buys clothing such as pants, jackets, blouses, and many other things. She’s been doing this for several years, and the business has done well thanks to all her hard work. Edith is hardworking, enterprising, and is raising her family well.

She needs a loan to buy more merchandise such as jackets and pants for the upcoming Christmas season. She is grateful for the opportunity to obtain a loan and promises to make repayments according to the schedule.

<br /><p><strong>Translated from Spanish by Jane Agg, Kiva Volunteer</strong></p>",1.0,0.0,to buy more merchandise such as jackets and pants,0,2009,8.163738425925926,,Food & Trade,1.0,Yes,Yes,No,No,No,Yes,Yes
380394,female,1,individual,Food,375.0,6,119,Asociación Arariwa,2012-01-17T09:17:16Z,"The “Andres Avelino Caceres” communal bank is composed of responsible, hard-working people who are advancing their families. The majority of its members live in the city of Cusco where they also conduct their economic activities. Cusco is known for being a popular tourist and commercial zone, famous for its traditional  “Inti Raymi” festival, and because nearby you'll find one of the 7 marvels of the world, “Machupicchu.”

Alejandrina is 53 years old and a widow, but she has 7 children. She was born in the district, province, and department of Cusco where she still lives. Alejandrina's principal economic activity is selling sweets at the door of a school in the city of Cusco, or on foot in the streets. In addition, Alejandrina sells products of primary necessity in her own little grocery store. She has been in this business for 4 years and it is going well for her. 

On this occasion, Alejandrina needs a loan to pay for maintenance of her car. ",1.0,0.0,to repair her car.,0,2012,1.0258449074074074,,Food & Trade,1.0,Yes,Yes,No,No,Yes,Yes,Yes
132714,female,1,individual,Housing,600.0,20,98,AFODENIC,2009-09-30T09:26:10Z,"Miss Ruth González, 20, single, lives in the San Rafael area in the city municipality of Carmen, department of Managua.  She lives with her parents in their own house and is an enterprising woman who wants to offer the best for her parents.  She plans to work on their house bit by bit and at her career as a secretary with the Carmen city hall, where she has worked for 8 months.  Ruth has had difficulties as an only child, having responsibility for the home, little financial income and a lack of funding.  With a loan from Afodenic, she will be able to buy construction materials, such as cement, iron, blocks and zinc to build an annex to the house, which will offer security and protection to her family.  She will be very grateful to Afodenic for the loan to improve her conditions.<br /><p><strong>Translated from Spanish by Stephen Bayley, Kiva Volunteer</strong></p>",1.0,0.0,To buy materials to build an annex,0,2009,28.10136574074074,,Production & Construction,1.0,Yes,Yes,No,No,No,Yes,Yes
448638,female,1,individual,Housing,575.0,8,119,Asociación Arariwa,2012-07-26T06:42:15Z,"The borrower, Victoria, was born in the city of Lima, but currently lives in the city of Cusco. She is 37, in a common-law relationship, and has two children. 

Victoria's main economic activity is providing lodging. She welcomes into her house young foreigners who wish to meet people of different cultures. The young foreigners live with these families in their homes for a certain period of time. 

On this occasion Victoria needs the loan to do maintenance work on the house, and she also wishes to construct a bathroom.  

Victoria belongs to the “Unión Latina” communal bank, and it is going well, as she is a responsible and punctual person.   
",1.0,0.0,To do maintenance on her home and construct a bathroom.,0,2012,8.883472222222222,30.0,Production & Construction,1.0,Yes,Yes,No,No,No,Yes,Yes
330201,female,1,individual,Agriculture,550.0,6,119,Asociación Arariwa,2011-08-27T14:14:25Z,"Avelina belongs to the ´Virgen Natividad´ (Christmas Virgen) community bank. It is located in the Urubamba district, which forms part of the province of Urubamba in the Cusco department.

Avelina is 40 years old and lives with her partner and her four children. She alternates her daily activities with her work as a street vendor selling vegetables such as pumpkin, carrots, tomatoes, herbs and corn in different fairs across a range of districts including Calca, Anta and Chinchero. Through this work Avelina is able to bring up her children. She would like to expand her business, so she is applying for a loan to purchase vegetables such as pumpkin, carrots, tomatoes and herbs in bulk. 

Avelina is happy to be receiving this loan and promises to make all her repayments on time.

",1.0,0.0,"to purchase vegetables such as pumpkin, carrots, tomatoes and herbs in bulk.",0,2011,0.0932986111111111,,Agriculture,1.0,Yes,Yes,No,No,Yes,Yes,Yes
98313,female,17,group,Agriculture,3625.0,8,119,Asociación Arariwa,2009-04-02T14:26:18Z,"The “3 de mayo” Village Bank is made up of 17 members who live in Poroy, a small town on the outskirts of Cusco, Peru, located at 3,670 meters above sea level. The area is often quite chilly, but the surrounding countryside is very beautiful, with rolling green hills as far as the eye can see. 

The group meets once a month in a small adobe house belonging to one of its members, where guinea pigs, chickens, a kitten and two puppies often run underfoot. The group members are involved in a variety of businesses and will use their loans for different purposes. Several women raise small animals (like chickens, guinea pigs or sheep) and will use the money to buy more animals or fatten up animals they already have; two women have market stands, where they sell different varieties of potatoes, corn and beans, and will buy sacks of potatoes to sell; one man is a taxi driver and will use his loan for car repair; another is an electrician and will use his loan to buy more tools and materials; one woman makes prepared meals, which she sells in a local market, and will buy vegetables and a sack of rice; another woman knits sweaters and tablecloths and will use the loan money to buy thread and yarn; and another woman makes dental prosthetics, and will use the money to buy more materials for her work. 

This is the group’s second loan cycle with Asociacion Arariwa. All of the group members are bound by a mutual guarantee, and have pledged to repay this loan in full and on time. 
",14.0,3.0,"Buy small animals, potatoes, yarn and thread, rice, vegetables, electrical supplies, tools, and pay for car repair",0,2009,1.3096875,,Agriculture,0.8235294117647058,Yes,Yes,No,No,Yes,Yes,Yes
278661,female,1,individual,Services,300.0,6,119,Asociación Arariwa,2011-03-06T01:58:58Z,"Rosa Angélica is a member of the Communal Bank “Patron San Sebastian” which is located in the District, Province, and Department of Cusco.
<p>
She is 61 years old, married, and has three children.  Rosa owns a hotel and has several years of experience in the tourism industry.  She is a cheerful individual who is eager to move forward.  Her hotel has given her financial as well as personal satisfaction.  Rosa is undertaking a few projects to improve her hotel and the quality of service she provides.
<p>
The loan she is requesting will be used for a few details that are needed in her hotel, as well as some personal expenses.  Rosa is happy with the loan and promises to complete her payments.  ",1.0,0.0,Pay for improvements to her hotel & some personal expenses,0,2011,1.0686805555555556,,Services,1.0,Yes,Yes,No,No,No,Yes,Yes
253684,female,1,individual,Food,600.0,22,61,MAXIMA Microfinance,2010-12-01T21:02:56Z,"Mrs. Channtho S. (pictured above), 40, is a widow with three sons. Two of them are in school and another one assists his mother in the business. The family lives along national road number one about 20 kilometers from Phnom Penh City.

Channtho has been selling vegetables for ten years. She buys them from the fellow villagers under contract before harvest season and transports them to sell in Phnom Penh market. She is requesting her first loan of $600 to purchase additional vegetables for resale.
",1.0,0.0,To purchase vegetables under contract for resale.,0,2010,0.0432291666666666,,Food & Trade,1.0,Yes,Yes,No,No,Yes,Yes,Yes
437018,female,1,individual,Arts,375.0,6,119,Asociación Arariwa,2012-06-14T01:50:34Z,"Maria continues to be a member of the “IMASUMAC II” communal bank. The bank is located in the Wanchaq district, in the province of Cusco and department of Cusco.

Maria continues to dedicate herself to selling jewelry such as earrings, bracelets and rings, among others. She makes these jewelry items together with her husband. She has years of experience with this business, which is going well for her thanks to the dedication she puts into her work every day. She is a responsible and hard-working person with a great desire to keep working for her family. 

The borrower is requesting the loan to buy supplies, such as wire, to make her earrings. 

The borrower is grateful to the support which will be provided to her, and accordingly she is committed to making her payments. 
",1.0,0.0,"to buy supplies, such as wire, to make her earrings.",0,2012,0.1737152777777778,30.0,Production & Construction,1.0,Yes,Yes,No,No,Yes,Yes,Yes
443412,female,1,individual,Retail,600.0,8,119,Asociación Arariwa,2012-07-26T06:01:37Z,"The member belongs to the communal bank DINAMICO.  She is 49 years old, single, and has one son. She alternates her daily activities between buying and selling train tickets.  She works as a kind of travelling saleswoman, selling to those tourists who need tickets.  She is a happy and responsible person with a strong desire to continue working for her family.  She is asking for the loan to buy train tickets.  She is very grateful for the loan provided and she is committed to making her payments on time.",1.0,0.0,to buy train tickets.,0,2012,28.57744212962963,30.0,Food & Trade,1.0,Yes,Yes,No,No,No,Yes,Yes
114250,male,1,individual,Agriculture,425.0,9,98,AFODENIC,2009-06-17T14:39:17Z,"Señor Juan Ramón C. is 45 and lives in the neighborhood of San Caralampio in Ticuantepe.  He is single and has three sons, who are 18, 17, and 13.  They are in secondary school and help their father in their spare time.  His plans for his family are to improve their living conditions.  The biggest difficulty he faces is the lack of financing and at times drought.  With this loan, he will buy fertilizers and supplies to produce a good crop so he can sell it for a better price at market.<br /><p><strong>Translated from Spanish by Tanya Harper, Kiva Volunteer</strong></p>",0.0,1.0,To purchase supplies and fertilizers for his crops,0,2009,8.110532407407407,,Agriculture,1.0,Yes,Yes,No,No,Yes,Yes,Yes
142859,female,1,individual,Food,200.0,15,61,MAXIMA Microfinance,2009-10-09T21:51:41Z,". Srun C., age 27 and her husband, Mr. Soben Sum, age 26, live in a small village along National Road Number four about twenty kilometers from Phnom Penh City. They have been married since 2005 and have 2 children: one son and one daughter. 
 
Mrs. Srun C. used to be a garment factory worker, but she stopped the business because just gave a birth. Her husband has been operating grocery store for one year. He buys grocery items from Chompou Van market approximately 3 kilometers from his house for resale and his home.

Srun is applying for her first loan of $200 in order to help capital her husband for buying additional grocery items for resale.
",1.0,0.0,To help capital her husband for purchasing additional grocery items for resale.,0,2009,0.0,,Food & Trade,1.0,Yes,Yes,No,No,Yes,Yes,Yes
394873,female,1,individual,Agriculture,125.0,6,119,Asociación Arariwa,2012-02-25T18:14:17Z,"Celia was born in the district of Kosñipata in the province of Paucartambo, department of Cuzco. She is 35 years old and is in a common law marriage, from which she has one son. Celia lives in the city of Huancarani in the province of Huancarani, where she does all types of activities. She works in PRONEI (Programa Nacional de Educación Inicial) as an assistant. She also grows, harvests and sells grains, for example wheat, barley, dried moraya, corn and others. She has had this business for several years and it is going very well for her thanks to the hard work she puts into her work.   

At this time, Celia requires the loan to buy grain seeds. Celia belongs to the “Mamacha Rosario” communal bank of the Asociación Arariwa and she is grateful for the opportunity offered in this way and is committed to making her payments according to schedule. 

The members of the communal bank meet every month in the  Banco district of Huancarani of the province of Paucartambo in the department of Cuzco, Peru. Cuzco is known for being popular with tourists and for having a lot of commerce. It is also known for its traditional festival called Inti Raymi, and because in it is one of the seven wonders of the world  “Machupicchu”.

",1.0,0.0,to buy grain seeds.,0,2012,0.0,29.541666666666668,Agriculture,1.0,Yes,Yes,No,No,Yes,Yes,Yes
99559,male,1,individual,Agriculture,525.0,14,100,CJSC Bank Imon International,2009-04-10T03:12:42Z,"S. Tukhtasun is 59 years old. He is married and the father of 5 children. Tukhtasun is a hard-working man who has fought to provide for his family and educate his children, who today are working adults, thanks to his example. Tukhtasun is an enterprising man who constantly tries to do things better and to improve day after day. He works hard in his fields where he spends as much time as possible providing the necessary care, fertilizing his land, and spraying to prevent diseases that might affect his yields. <P>

Tukhtasun needs seeds and fertilizers to continue his difficult work, tending his crops so that they can be taken to the capital for sale. That's why he's applying for a loan of 2000 Somoni. Let's be the ones who reach out our hands to help Tukhtasun.    
<P>
More about Tajikistan and IMON International<P>

Tajikistan is perhaps best known for its rich history, which includes a key post along the Silk Road; the end of Alexander the Great's rule; and with its famous great thinkers, philosophers, scientists and poets as: Rudaki, Ibn Sina (Avicenna), Firdousi, Omar Haiyam, Jomi, Mavlavi Rumi and many others. The country is home to communities that still speak the ancient Sogdian language, epic mountain passes, and a civilization that dates back to the 4th millennium BC.  And, even today, it is a complex mixture of the Islamic faith, Soviet culture, New West culture and Central Asian traditions. <P>

But, Tajikistan is also the poorest of the former Soviet republics.  The civil war, which ignited soon after its independence from the U.S.S.R., further damaged the already weak economy.  In addition, 93% of the country is mountainous and only 7% of the land is arable.  These conditions have resulted in high levels of unemployment and have forced hundreds of thousands to seek work in other countries, mainly Russia.  While the people of Tajikistan are working to improve its agricultural production and manufacturing sector, nearly two-thirds of the population still live in abject poverty. <P>

IMON's History<P>

Since December 2007, IMON International has worked closely with Kiva and Kiva lenders to ensure that poor and low income clients represent a viable business proposition. Funds raised through Kiva have already been distributed to thousands of IMON International's clients and will continue to provide thousands more with permanent access to the varied financial services they need. To learn more about IMON International's work, please visit: www.imon.tj
",0.0,1.0,Purchasing of mineral fertilizer and fuel and lubricants,0,2009,6.182349537037037,,Agriculture,1.0,Yes,No,Yes,Yes,Yes,Yes,No
365827,male,1,individual,Retail,1175.0,8,148,Association for Rural Development (ARD),2012-01-02T14:16:33Z,"This is 43 year-old Ibrahim.  He is married to a trader, and has 3 children aged 16, 13 and 11 years.  He has 1 additional dependent, who lives with him.

In 2001, Ibrahim established his tailoring items business - selling materials, thread, needles, designing threads.   He began his business after he completed his high school.   Unfortunately, his father, who was taking care of his schooling, died and his mother, who was sick died too, so there was nobody to take responsibility for him.   He decided to assist other people in their business until he raised enough capital to start his own business.  

Working 7 days a week and 10 hours a day, he earns about Le 2,900,000 every month from this business.  He is assisted by his wife and treats his customers fairly.  His customers are people around the city center and tailoring shops.   Mr. Ibrahim offers quality goods to satisfy their needs.   He uses public transport to buy  goods in Conakry and Freetown twice a month.  He would like a loan for Le 5,000,000.  Ibrahim has already received and successfully repaid 3 loans, and now requires a new loan in order to purchase popline 1 bale @ Le2,500,000, lace cord 300 pieces @ Le6,000 and stickers 10 rolls @ Le70,000.  He hopes that this loan will enable him to increase his monthly profits by approximately Le 885,000.

He uses his profit to invest in his business as he wants his children to have a very good education.   Instability of foreign exchange rate is his major challenge.   He anticipates using his profit to buy more goods and is planning to open another shop.  He knows he will be able to accomplish this goal.   He thanks you for your support.

",0.0,1.0,to purchase tailoring supplies.,0,2012,32.879444444444445,,Food & Trade,1.0,Yes,Yes,Yes,No,Yes,Yes,Yes
357023,female,1,individual,Food,1000.0,8,110,Emprender,2011-11-18T18:45:28Z,"Sra. Beatriz lives on the Achumani plateau with her two children who are already professionals.  One of them travels constantly.  
<p>
Beatriz spends her time baking.  She has been making cookies, donuts, and cakes for more than 20 years.  Beatriz distributes cupcakes, cakes, and corn cakes within the central and southern districts.  She has been a client of Emprender since 2002 and has demonstrated that she is very responsible and hardworking.  In addition to this business, she also sells soft drinks and groceries.  
<p>
The money she requested will be used to buy flour, yeast, and other ingredients for making cookies.  She is grateful to Emprender for the support it has provided.  
",1.0,0.0,"to buy flour, yeast, and other ingredients.",0,2011,4.920289351851852,,Food & Trade,1.0,Yes,Yes,No,No,No,Yes,Yes
278589,female,1,individual,Food,200.0,6,119,Asociación Arariwa,2011-03-04T17:49:20Z,"Mercedes is a member of the “KANTU DE SAN JERONIMO” community bank which is located in Huanchac district, in Cusco province and department.

Mercedes is 38 years old, married, and has 4 children aged 22, 19, 15 and 4.  Her business is selling breakfasts and lunches.  She has a small family guesthouse in her own home.  Mercedes prepares her breakfasts and lunches and takes them to the building sites where she has her contracts.  Her customers are the workmen.  She leaves her menus on the different building sites where she has her contracts and her customers pay her every fortnight.  She is requesting this loan to invest in buying supplies.

Mercedes is happy to be receiving this loan and she pledges to make her repayments on time.",1.0,0.0,To invest in buying supplies,0,2011,0.1383680555555555,,Food & Trade,1.0,Yes,Yes,No,No,Yes,Yes,Yes
298327,female,1,individual,Agriculture,1075.0,6,119,Asociación Arariwa,2011-05-16T21:05:33Z,"Janeth, 29, is a member of the “Amanecer Anteña” communal bank located in Anta District which belongs to Anta Province, Cusco Department.

She has a spouse and two children.  She alternates her daily chores with livestock sales and also sells dry goods like barley, potatoes, wheat and corn.  She sells in the Anta market and the livestock is sold at various markets in Anta district.  Her husband works in transportation providing urban transport in Huarocondo District.  She supports her children through these businesses.

She wants to enlarge the livestock sales business and the dry goods sales business.  She is asking for a loan to buy animal feed and to buy dry goods at wholesale.  She is happy with the loan and commits to repay.
",1.0,0.0,to buy cattle feed and to buy dry goods at wholesale.,0,2011,0.1148726851851851,,Agriculture,1.0,Yes,Yes,No,No,Yes,Yes,Yes
122192,female,1,individual,Clothing,1125.0,14,97,FAPE,2009-07-17T02:21:38Z,"Olga is an entrepreunerial women requesting her first loan to purchase raw material. She is dedicated to creating nurse uniforms and also school uniforms. She wants and dreams of seeing her children become professionals and having a pretty two story house. It is for this that she has purchased another sewing machine to help her produce more and have greater earnings in her business, the loan is needed to buy raw materials because she works based on orders. In her business she always has the support of her husband and children and it makes them happy because she has done well because she has enough orders and her clients know the quality of her work that she does. With the help of God everything will go well and she will realize her dreams. <br /><p><strong>Translated from Spanish by Helen Smith, Kiva Volunteer</strong></p>",1.0,0.0,Purchase fabric and a sewing machine,0,2009,0.1816203703703703,,Food & Trade,1.0,Yes,Yes,No,No,No,Yes,Yes
341232,female,1,individual,Retail,575.0,15,98,AFODENIC,2011-10-25T10:14:45Z,"Maria is still selling cosmetics, as this is how she supports her family. Her two children continue studying for a better future. 

The Avon products that she sells have given her good results and her sales have grown and she is selling a wider variety. She has increased the number of clients that she serves, successfully maintaining her sales. 

This new loan is to buy more cosmetic supplies including body lotions, perfume, cosmetic cases, lipsticks, creams, shampoos, and hair oil, as well as buying underwear for women and men. 

Maria wants to continue achieving high sales. Her goal is to have a better roof, and to continue building the concrete walls that she needs.",1.0,0.0,to buy clothes and cosmetics for her business,0,2011,26.04483796296296,,Food & Trade,1.0,Yes,Yes,No,No,No,Yes,Yes
258477,female,1,individual,Retail,475.0,11,98,AFODENIC,2011-01-09T22:51:51Z,"Victoria sells cosmetics.  She also works as a teacher to cover her household expenses.  She has always been an active woman.

Victoria continues to work as a teacher and, in her spare time, she sells cosmetics from catalogs.  She provides 60% of her merchandise on credit.  She started out with few products but she improved her business with loans from Afodenic.  She started to buy a wider variety of cosmetics and attracted customers.  This helped improve her profits.  These loans have been of great financial benefit to her family.  Victoria will use this new loan (her eleventh) to buy ordered merchandise and additional merchandise such as: hair dyes, women's and men's clothes, underwear and a lot of Avon cosmetics.",1.0,0.0,To buy a large variety of cosmetics as well as women's clothes and underwear,0,2011,8.11920138888889,,Food & Trade,1.0,Yes,Yes,No,No,No,Yes,Yes
285865,male,1,individual,Personal Use,500.0,15,61,MAXIMA Microfinance,2011-04-18T02:25:18Z,"Mr. My T. and his wife, Mrs. Eun Y, live on an island in the Mekong River about fifteen kilometers from Phnom Penh. They have three children, one son and two daughters. Two children are married and live outside the family home and the third has full-time employment.  

My and his wife used to be weavers. However, they stopped their weaving business. My now sells finished silk and cotton fabrics. He buys them from his fellow villagers for resale in other provinces that are far from his house. His wife sells Khmer noodle and Num Banh Chok in her village. Khmer noodles are considered the national dish of Cambodia, served with a green curry soup and banana flowers, bean sprouts, water lily stalks and cucumber. 

My is requesting a loan of $500 to supplement his funds to purchase a motorcycle for his daughter to get to work.
",0.0,1.0,To supplement his funds to purchase a motorcycle for his daughter to get to work.,0,2011,16.308900462962963,,Food & Trade,1.0,Yes,Yes,No,No,Yes,Yes,Yes
325592,male,1,individual,Reuse & Recycle,300.0,8,163,HOFOKAM,2011-08-17T17:39:28Z,"Francis is a 26-year-old hardworking man living in a family house in Fort Portal, Uganda. His dream is to build rental houses since they are on high demand. He sells used shoes that he takes to all surrounding markets, and has been in this business for six years. He has challenges of high transportation costs, and he desires to buy his own transportation means. Francis needs this loan facility to buy used shoes for resale.",0.0,1.0,To buy used shoes for resale.,0,2011,2.8398842592592595,,Production & Construction,1.0,Yes,Yes,No,No,Yes,Yes,Yes
470393,female,9,group,Agriculture,2275.0,8,119,Asociación Arariwa,2012-09-21T20:13:00Z,"The borrower belongs to the ""Tres Barrios de Qoricancha"" communal bank. She is 74 years old and lives with her partner. She alternates her daily activities, engaging in farming and livestock-raising. The borrower grows potatoes and corn, to later sell them to her customers who most request them. 

In the same way, she raises her cows to sell them to those that ask to buy them. She works every day from approximately 7:00am to 4:00pm. She takes her cows out to pasture and to see to her crops. She is a responsible and determined person and this the way she is moving forward in life. 

The borrower is requesting the loan to buy seeds and fertilizers for her small farm. 

The other members also work in farming, as well as in livestock-raising, raising small animals and selling food. 

The member shown in the attached photo is one who asked permission to arrive late to the meeting, and the person shown with their face covered does not belong to the communal bank. 

The borrower feels grateful for the loan granted, and promised to make her instalment payments on time. ",6.0,3.0,To buy seeds and fertilizers for her small farm.,0,2012,4.856226851851852,30.0,Agriculture,0.8888888888888888,Yes,Yes,No,No,Yes,Yes,Yes
484015,female,1,individual,Agriculture,500.0,14,167,PADECOMSM,2012-10-17T15:30:14Z,"
María raises chicks.  She lives with her sons and daughters.  She started her business two months ago.  She raises chickens to be butchered.  She works with her children feeding and caring for the chicks.

She’s asking for a loan to buy more chicks as well as feed for them.  This will help her increase the size of her farm and have more growth opportunities increasing the number of chickens available for butchering and for sale to customers.  The risk she faces is that they may become ill and die if medicine isn’t administered correctly.  Her dream is to become a strong production farm in the area and to expand the chicken sales in the marked and to increase her clientele.
",1.0,0.0,to buy more chicks and feed for them.,0,2012,2.3820833333333336,29.95833333333333,Agriculture,1.0,Yes,No,No,No,Yes,Yes,Yes
224364,male,1,individual,Services,550.0,12,110,Emprender,2010-08-23T01:49:26Z,"Eduardo, 27, is single and lives in the family home, located at 21 de Septiembre Boulevard, Radial Zone, with his mother and sister.

Eduardo trained to be a physical trainer but has worked as an electrical mechanic for the last 7 years, a skill he learned from his father.  He has many customers now.

Eduardo was granted a loan to pay off his vehicle.

He is very grateful and surprised by the speed with which the loan to pay off his vehicle was granted.

He is a responsible, hard working person.  One of his wishes is to have a well-equipped machine shop with lots of customers.
						<br /><p><strong>Translated from Spanish by Michael Bujazan, Kiva Volunteer</strong></p>",0.0,1.0,To pay off his vehicle.,0,2010,2.305138888888889,,Services,1.0,Yes,Yes,No,No,No,Yes,Yes
296507,male,1,individual,Retail,525.0,12,163,HOFOKAM,2011-05-27T11:50:56Z,"Justus is a thirty-eight-year-old married man with five children living in Fort Portal, Uganda. He takes care of the family with the help of his wife who is also a businesswoman. Their dream is to educate their children up to university, since they did not get the chance to go to school. He has been operating a retail shop for eight years and this has facilitated him in educating his children and building a semi-permanent house, although he still has the challenges of limited finances, making it difficult to meet the demands of his customers. His dream is to become a wholesaler. Justus needs the loan to buy soap and millet flour to sell.",0.0,1.0,to buy soap and millet flour to sell.,0,2011,20.20894675925926,,Food & Trade,1.0,Yes,Yes,No,No,Yes,Yes,Yes
502361,male,8,group,Food,2725.0,6,119,Asociación Arariwa,2012-12-10T21:56:42Z,"The ""Virgen del Carmen"" community bank is located in the district of Wanchaq, province and department of Cusco, Peru. One of the members is Maritza, who is a 33-year-old married mother of three. She makes a living selling juices and breakfasts. She has been with the business only a short time, but it is going well thanks to the hard work she puts into it every day. At the same time, she works as a security guard at one of the city markets in Cusco, the same place where she sells her breakfasts. Maritza is a responsible and hardworking person who wants to make headway for her family. She is requesting the loan to purchase ingredients, such as sugar, milk and fruit, for her business. The other members make a living as a teacher, a public worker and selling food, plastics, clothing and CDs. The two people added to the photo are members who requested permission to arrive late to the meeting because of their work. The members thank those who helped them through this medium and promise to make their payments in the established period.",3.0,5.0,"to purchase ingredients like sugar, milk and fruit.",0,2012,9.060787037037038,30.0,Food & Trade,0.875,Yes,Yes,No,No,Yes,Yes,Yes
151571,male,1,individual,Housing,1000.0,22,61,MAXIMA Microfinance,2009-12-09T14:15:33Z,"Mr. Noun P., 40 and his wife, Mrs. Thorn Hean, 47, have been married since 1983 and have 4 daughters. Three of them work in a garment factory and one stays at home. They live along the Tonle Basac River, a tributary of the nearby Mekong, about fifteen kilometers from Phnom Penn City.  
 
Noun has been a construction worker for about 8 years. He works in his village and nearby villages. His wife stays at home and does housework. He is asking for a loan of $1,000 to repair the house where he lives. 
",0.0,1.0,To repair his house.,0,2009,27.100810185185185,,Production & Construction,1.0,Difficult to tell,Yes,No,No,Yes,Yes,No
419891,female,1,individual,Education,575.0,6,119,Asociación Arariwa,2012-04-29T22:35:59Z,"Sofia Yrene is 41 years old and has an 11-year-old daughter. Her primary job is working as a kindergarten teacher, a position she has held for 13 years. Sofia Yrene has used previous loans to pay for her higher education, and she would like another loan in order to complete her master's degree in education. She has just half a year left to obtain her degree. Sofia’s dream is to have her own house and to secure a better job.

Sofia Yrene is receiving an individual loan as a member of the village bank ""Comuzone I"" in Cusco, which is located in the Andean mountains at 3,400 meters above sea level. The bank is in its 17th cycle with Asociación Arariwa.
",1.0,0.0,to pay the tuition for her master's degree in education,0,2012,0.1429166666666666,30.0,Services,1.0,No,Yes,No,No,Yes,Yes,No
216995,male,1,individual,Agriculture,1175.0,12,151,Fundación Mujer,2010-07-23T19:42:34Z,"Gener is a 37-year-old father of two who lives in Los Chiles, located in the northern region of Costa Rica. Gener lives with his wife and two children.
Like many member of the Los Chiles community, Gener is a farmer. He dedicates his time to the planting and harvest of various subsistence and revenue-generating crops including chili peppers among others. Gener is always busy. When he isn´t tending to the needs of his own land, he hires himself out to other farmers in the region, as a paid laborer. This work helps to complement the money earned from the sale of his own produce. 
This loan will be used to finance the production of Habanero chili peppers.  Specifically, Gener will use this money to purchase seeds, fertilizer, tools, pesticides, and other materials/ingredients necessary to the production of chili peppers. All labor and transportation will be carried out by Gener and his family. 

Gener dedicates six hours per day to his work as a hired hand. During this time, his wife carries out domestic tasks and farm work. In the afternoons, Gener joins his wife to work their own plot of land. Gener´s goal is to maintain stability in his family, achieve higher production rates, improve his economic situation and offer a better standard of living to his family.

A major difficulty and limitation for Gener has been his lack of working capital. He hopes to use this loan effectively to improve life on the farm for everyone. 

Piper and Capiscum Processors Compañía Agrícola Industrial, or, PROPICA is an international buyer and seller of chili pepper and ground pepper products. In cooperation with Fundación Mujer, PROPICA has guaranteed to purchase the agricultural products (the peppers) that are to be produced with the help of this loan. PROPICA acts as a guaranteed client for small agricultural producers in the area of Los Chiles, thus ensuring that their products will reach market. 

The collaboration of Fundación Mujer and PROPICA represents a unique opportunity to Gener, his family and community. By offering a source of start-up capital, and a guaranteed client to purchase what is produced, this is a chance to improve family and community standards of living. Above all, Gener wants to take advantage of the current opportunity that has been presented, he wants to profit from this collaboration and see improvements in his neighborhood. 

",0.0,1.0,"To purchase seeds, fertilizer and ingredients for the production of chili peppers.",0,2010,0.7795138888888888,,Agriculture,1.0,Yes,Yes,Yes,Yes,Yes,Yes,Yes
364291,female,1,individual,Agriculture,500.0,22,61,MAXIMA Microfinance,2011-12-05T04:47:21Z,"Orsmak is 22 years old, and her husband, Sothea, is 27 years old. They live in a village approximately twenty kilometers from Phnom Penh City.  They have been married since 2007 and have one young daughter. 

Orsmak and her husband sell rice and soft drinks from their home. They also grow rice during the rice farming season. 

Orsmak is applying for a loan in the amount of $500 to buy seed, fertilizer, and pesticide for her rice farming business.

In the photo, Orsmak and her husband and young daughter are at home.

",1.0,0.0,"to buy seed, fertilizer, and pesticide to maintain her rice farm.",0,2011,3.3616319444444445,,Agriculture,1.0,Difficult to tell,Yes,No,No,Yes,Yes,Yes
82271,female,1,individual,Arts,500.0,15,61,MAXIMA Microfinance,2009-01-06T16:37:32Z,"A 48-year-old widow, Mrs. Samnang T. has four daughters, two married, one a silk weaver, and the fourth a student. The family lives on an island of the Mekong River about 15 kilometers from Phnom Penh.

Samnang has been a silk weaver since 1984, a skill she learned from her neighbor. She sells her finished products to the middleman in the village, who then resells them in Phnom Penh. Samnang is now requesting a loan for $500 to purchase more silk material for weaving.

",1.0,0.0,To purchase silk material for weaving.,0,2009,0.1093055555555555,,Production & Construction,1.0,Yes,Yes,No,No,Yes,Yes,Yes
355052,female,1,individual,Food,575.0,8,119,Asociación Arariwa,2011-11-19T04:00:46Z,"
Sonia belongs to the “Tesoritos del Manu” communal bank and the bank’s meetings are every thirty days in the city of Salvación in Manu Province, Madre de Dios Department.

Sonia is 34 years old and in a common law relationship; she has four children.  She was born in the city of Salvación and that’s where she carries out her commercial activities.  Her main activity is foodstuffs sales in a home-based grocery store.  She’s been in this business for several years now and does very well thanks to the effort she puts into her work.

On this occasion Sonia needs the loan to buy stock merchandise like rice, sugar, noodles and other things.  Sonia is grateful for and values the loan and commits to make her monthly payments.
",1.0,0.0,to buy  more stock items for her store.,0,2011,11.285185185185185,,Food & Trade,1.0,Yes,Yes,No,No,Yes,Yes,Yes
374023,male,1,individual,Retail,1125.0,6,119,Asociación Arariwa,2011-12-30T02:40:46Z,"The member belongs to the communal bank “Tinka.” The bank is located in the district of Cusco, belonging to the province of Cusco, and the department of Cusco.

The member is 62 years old, has a common-in-law wife and 2 children. 

The member divides his daily activities with his roasting business. He tends the business from 8:00AM until 6:00PM. He also works in the administrative area of a university. Through his business and his work the member is able to support his children. 

His dream is to expand the roasting business and to improve each moment in his work. 

The member is asking for a loan to buy supplies to cook such as chickens and potatoes for roasting.

The member is happy for the loan and he promises to make his payments according to the schedule.",0.0,1.0,to buy supplies to cook such as chickens and potatoes for roasting,0,2011,6.354548611111111,,Food & Trade,1.0,Yes,Yes,No,No,Yes,Yes,Yes
158053,female,1,individual,Services,1050.0,6,119,Asociación Arariwa,2009-12-01T02:33:56Z,"Elsi Varinia is a member of the communal bank Llankachinapac.<p>

She is 34 years old and lives in the Urubamba province, north of Cusco. She alternates her activities between the home and her Internet booth. It has been many years since she started working in this business and it has been successful thanks to her dedication she has put in the business. Our client is a hard working and enterprising mother that wants her family to move ahead. She requires a loan to set up her internet booth, buying computers and furniture so she can increase her business capital and income and give her family a better quality of life. <p>

She is grateful for the opportunity provided by this loan and promises to fulfill her obligation to payback this loan corresponding to the repayment schedule.

<br /><p><strong>Translated from Spanish by karl baumgarten, Kiva Volunteer</strong></p>",1.0,0.0,to buy computers and furniture to set up an internet booth,0,2009,0.2178125,,Services,1.0,Yes,Yes,No,No,No,Yes,Yes
344677,female,5,group,Food,525.0,6,187,MicroStart,2011-10-14T00:26:13Z,"Aminata is the representative of the ""Boud Nonguelone"" group. She is married and the mother of 7 children. The oldest is 28 years old and the youngest is 1 year old. Four of her children go to school. She has seven people dependent on her.

She has been selling flour and cakes for 10 years. She stocks up at the sector 23 market in town. Her customers are women, men and children.

She would like to purchase 2 sacks of corn to make flour, 1 sack of wheat flour and a can of oil to make cakes.

She is saving up to expand her business. Her goal is to build a dwelling place in their yard and to pay for her children's education.
",5.0,0.0,"to purchase two sacks of corn to make flour, 1 sack of wheat flour and a can of oil to make cakes.",0,2011,0.2890046296296296,,Food & Trade,1.0,Yes,Yes,No,No,Yes,Yes,Yes
320740,female,1,individual,Food,1000.0,22,61,MAXIMA Microfinance,2011-07-27T21:47:07Z,"Yary is 36 years old. She is pictured here with her husband, Saveun, who is 33 years old. The couple lives in a village across the Mekong River about 17 kilometers from Phnom Penh City. They have three children, two sons and one daughter, who all attend school. Yary is a construction worker and her husband is a mason. Yary wants to quit construction work and launch a new business selling sugarcane juice. 

Yary is requesting a 1,000 USD loan of to buy a sugarcane juicing machine. She will also use a part of her loan to build a restroom for family use.
",1.0,0.0,to buy a sugarcane juicing machine and build a family restroom,0,2011,0.7826620370370371,,Food & Trade,1.0,Yes,Yes,No,No,Yes,Yes,Yes
452714,female,10,group,Food,2650.0,9,110,Emprender,2012-07-26T15:24:57Z,"The ""Sombrerito"" (""Little Hat"") communal bank is comprised of ten members, eight women and two men. The leader of the group is Roxana, who's 32 years old and has two children aged 5 and 8. Roxana sells fruits that are in season. She has a regular stand in one of the busiest markets in the town of Santa Cruz, where she sells her products. This loan is her third one with the institution. Roxana will use this loan to purchase in-season fruits by wholesale, such as citrus fruit, in order to fight the winter. That way she'll provide a variety of fruits for her customers and increase her profits. The reason why she requests this loan is to keep on improving her business. Roxana will use the profits to continue buying various fruits according to the season. Roxana is a very hardworking person. She feels happy for the opportunity that she and her fellow group members are getting, since in some cases they support their families single-handedly.",8.0,2.0,to purchase in-season fruits.,0,2012,1.1214814814814815,30.0,Food & Trade,1.0,Yes,Yes,No,No,No,Yes,Yes
278029,female,1,individual,Retail,200.0,8,167,PADECOMSM,2011-03-02T17:48:20Z,"Ada is 39 years old and lives in Jiquilisco, in Morazán department, together with her husband and children.  Her business is selling shoes, sandals and tortillas.  She also has a corn mill.  She started out with her mill and selling tortillas two years ago and has only recently started selling shoes and sandals.

Ada needs a loan to invest a percentage in each business, buying firewood and corn for her tortillas, and also shoes and sandals if the money stretches far enough.  With this purchase, she hopes to improve her businesses and make more sales.  Ada's aspirations are to expand her businesses, to have a lot of customers and, in the future, to have savings so that she can improve her situation.",1.0,0.0,"To buy firewood, corn, shoes and sandals",0,2011,0.0890509259259259,,Food & Trade,1.0,Yes,Yes,No,No,Yes,Yes,Yes
443898,female,1,individual,Retail,1050.0,8,148,Association for Rural Development (ARD),2012-07-26T00:39:00Z,"This is 44 year-old Ya Umu.  She is married and has 5 children, aged 15, 17, 22, 25 and 29 years. In 1991, Ya Umu established her jeans, skirts, shirts, shoes, travelling bags, school bags, polo, lacost etc. business. She began her business because her father didn't allow his girl children to attend school.  She was sent to school by her step-mother and at Class 2, her father stopped her.  Her step-mother introduced her to business. After she was fully matured, her parents gave her hand in marriage to a businessman. Her husband established a business for her. 
 
Working 7 days a week and 10 hours a day, Ya Umi earns about SLL 1,500,000 every month from this business. She would like a loan in the amount of SLL 4,500,000. Ya Umu has already received and successfully repaid 4 loans, and now requires a new loan in order to buy school bags - 4 dozen @ SLL 300,000, shoes - 3 dozen @ SLL 360,000, jeans (men) - 2 dozens @ SLL 408,000, jeans (women) - 3 dozens @ SLL 336,000, travelling bags - 1 dozen @ SLL 360,000.  The balance of SLL 36,000 will be used for transportation costs. 

In the future, Ya Umu plans to open another shop, to provide quality education for her children, and to become an international businesswoman. She thanks you for your support.

",1.0,0.0,"To buy school bags - 4 dozens @ SLL300,000, shoes - 3 dozens @ SLL360,000, jeans (men) - 2 dozens @ SLL408,000, jeans (women) - 3 dozens @ SLL336,000, travelling bags - 1 dozen @ SLL360,000.  The balance SLL36, 000 will be used for transport.",0,2012,25.832372685185184,30.0,Food & Trade,1.0,Yes,Yes,No,No,Yes,Yes,Yes
475629,male,1,individual,Retail,400.0,6,119,Asociación Arariwa,2012-10-08T08:32:45Z,"This borrower is called Julio, and he continues with his business renting computers for internet use in an internet café that he set up in his home. This space also serves as a stationery store, where he sells stationery items. He has requested this loan to buy merchandise such as ballpoint pens, paper, notepads, etc. for his stationery business.

Julio is very grateful to Kiva for helping him to keep his business going. He is part of the Kanchary communal bank, which is located in the city of Cusco in Peru.
",0.0,1.0,"to buy pens, paper and notepads for his stationery store",0,2012,5.932349537037037,30.0,Food & Trade,1.0,Yes,Yes,No,No,No,Yes,Yes
338962,male,1,individual,Housing,550.0,10,163,HOFOKAM,2011-09-28T03:01:48Z,"Silver needs this loan to buy iron sheets for roofing his commercial house. He is a 40-year-old married man with three children, living in Bundibugyo, Uganda. The responsibility of looking after the family is vested in him, and his desire is to set up an income-generating project that is sustainable. He deals in buying and selling cocoa and has been in business for ten years. His major challenge has always been inadequate capital to purchase adequate supplies. His dream is to directly export to other countries without using middlemen and also to complete his rental houses.

",0.0,1.0,to buy iron sheets for roofing his commercial house.,0,2011,3.008159722222222,,Production & Construction,1.0,Yes,Yes,No,No,Yes,Yes,Yes
304367,female,1,individual,Clothing,600.0,14,167,PADECOMSM,2011-06-16T08:42:55Z,"Rosa lives with her parents.  She operates a retail business, selling clothing and cosmetics, at a local market.  She has operated the business for 5 years, working from 7:00am to 4:00pm.
Rosa is applying for a loan to buy blouses, skirts, dresses, clothing for children, lotions and cosmetics to stock her business.  She will have a better chance of increasing her income if she has more merchandise to sell.  
Rosa wants to build a strong, thriving business, one that meets the expectations of her customers, that is profitable and that generates the income she needs to live from day to day.",1.0,0.0,Buy merchandise for her retail clothing business.,0,2011,9.870069444444445,,Food & Trade,1.0,Yes,Yes,No,No,No,Yes,Yes
135360,female,1,individual,Housing,1175.0,25,98,AFODENIC,2009-10-05T23:25:35Z,"Martha Patricia is 33 years old, married, and has a 14 year old daughter in high school.  She is an elementary school teacher, but is not currently working because her family just moved to Juigalpa.  Her husband bought their house in the residential development of Bosques de Juigalpan, and they wish to make some improvements.  
<p>
Martha Patricia is requesting her first loan and wants to complete the ceramic tiling in her house because the floors are already finished.  She will purchase tiles for her bathroom and install metal guards to provide security for her home.
<p>
Martha Patricia’s husband works abroad and sends money for the family’s living expenses and house payments.  Part of that money will also be used to repay this loan.  She dreams of continuing the improvements to her house by adding a room for greater privacy and building a kitchen that has more space.
<br /><p><strong>Translated from Spanish by Ronan Reodica, Kiva Volunteer</strong></p>",1.0,0.0,Purchase ceramic tiles & metal guards,0,2009,26.94818287037037,,Production & Construction,1.0,Yes,Yes,No,No,No,Yes,Yes
408355,female,1,individual,Manufacturing,575.0,6,119,Asociación Arariwa,2012-03-29T19:42:39Z,"Doris and her partner have a carpentry studio where they manufacture and sell wooden furniture. They produce tables, chairs, beds, doors, and dining room sets among other things. They have had this business for about three years, operating from a rented location. Doris is requesting a loan in order to purchase wood and finishings such as lacquer and wood stain. Her dream is to have a large store to display and sell furniture.

Doris is a member of the village bank ""El Amanecer"" in Cusco, which is receiving its 22nd loan from Asociación Arariwa.
",1.0,0.0,"To purchase wood, lacquer, and wood stain",0,2012,0.0,30.0,Production & Construction,1.0,Yes,Yes,No,No,No,Yes,Yes
240949,female,1,individual,Food,1000.0,12,148,Association for Rural Development (ARD),2010-10-23T22:38:44Z,"This is 46-year-old Sidratu. She is married and has three children who are 22, 17, and 15 years old. She has one additional dependent, a relative who lives with her. In 2007, Sidratu established her beverage business, selling soft drinks, rum, gin and water. She began her business because she realized that her salary was not enough to provide for her children. Working seven days a week and ten hours a day, she earns about 1,285,000 SLL every month from this business. She needs a loan of 4,000,000 SLL in order to buy more drinks for resale. She hopes that this loan will enable her to increase her monthly profits by approximately 205,600 SLL. In the future, Sidratu plans to expand her business to a bar and restaurant. She thanks you for your support.",1.0,0.0,To buy more drinks for resale,0,2010,1.047604166666667,,Food & Trade,1.0,Yes,Yes,No,No,Yes,Yes,Yes
265515,female,1,individual,Clothing,525.0,10,163,HOFOKAM,2011-01-17T17:16:07Z,"Leonia is a 49-year-old single mother of three children. She lives in her own permanent house in Fort Portal, Uganda. Her dream for her family is to educate her children to the university level. For the past 20 years, she has been selling clothes. She continues to reap tangible benefits from her business, even with the challenge of limited capital. Leonia needs the loan to buy clothes to sell.",1.0,0.0,To buy clothes to sell,0,2011,0.0666203703703703,,Food & Trade,1.0,Yes,Yes,No,No,Yes,Yes,Yes
329315,female,1,individual,Housing,675.0,15,98,AFODENIC,2011-08-26T22:32:52Z,"Rosa is a single mother of a son who is in school.  Her plans include improving her standard of living.  Rosa is a merchant and has plans to buy a vehicle for transporting her products, which will be of great help.  
<p>
Her greatest need is to improve the infrastructure of her home.  With this loan, she will buy construction materials such as cement, sand, iron, blocks, gravel, floor tiles, buttresses, screws, and other supplies so that she can build a room and expand her home.  This will provide greater comfort and security.  
",1.0,0.0,to buy construction materials for building a room.,0,2011,0.1130439814814814,,Production & Construction,1.0,Yes,No,No,No,No,Yes,Yes
89227,female,1,individual,Food,400.0,12,98,AFODENIC,2009-03-01T20:16:58Z,"Doña Mildred is 46 years old and lives in Hialeah with two sons, 18 and 20 years old. Her husband is a construction contractor.  Ms. Mildred's business of 10 years is the sale of soft drinks and other beverages and a variety of foods in her small store. She also sells cosmetics products which she got started in with her own savings.  

With this loan request, her seventh with Afodenic, she will invest in buying basic grains and other products which are for consumption by her clients to satisfy their needs. Her plans are to remodel her home and market other products that generate a good income.<br /><p><strong>Translated from Spanish by Daniel Burke, Kiva Volunteer</strong></p>",1.0,0.0,Buy basic grains and products for daily consumption for her store,0,2009,0.0811805555555555,,Food & Trade,1.0,Yes,Yes,No,No,No,Yes,Yes
349382,female,1,individual,Services,425.0,14,100,CJSC Bank Imon International,2011-11-04T01:37:30Z,"Shafoat is married and has no children.  She has been involved in sewing services for 15 years.  She cuts and sews national dresses and has loyal clients.  Tailoring and sewing services are in high demand and profitable.  At the present time, computerized embroidery on national dresses is in high demand.  Shafoat uses other seamstresses' services for embroidery, which is expensive.  She want to buy a current programmable embroidery machine.  She wants to obtain this loan to achieve her dream.  Shafoat thanks you for the support and awaits loan approval.  Thank you.",1.0,0.0,to purchase an embroidery machine,0,2011,2.2202083333333333,,Services,1.0,Yes,Yes,No,No,No,Yes,Yes
357552,male,1,individual,Construction,475.0,14,163,HOFOKAM,2011-11-18T14:42:43Z,"Jackson is 41 years old, married and a father of 5 children living in Hoima, Uganda. 

For 11 years he has been in the carpentry business. He started by being employed by someone but later on saved enough to start his own workshop. Now Jackson faces a challenge of late payments by his clients after his work is completed. He wishes to have a big showroom in the future. Jackson needs a loan to buy timber. ",0.0,1.0,to buy timber.,0,2011,0.1128935185185185,,Production & Construction,1.0,Yes,Yes,No,No,Yes,Yes,Yes
332538,male,1,individual,Education,225.0,8,167,PADECOMSM,2011-09-08T10:02:30Z,"William is an employee.  He is single and lives with his mother and sister.  This young man works for the council.  He has been working for six years and is a big support to his family, covering some of their household expenses.

William currently needs to cover his sister's education expenses.  He is requesting this loan because it is difficult for him to have this sum of money available in one go from his work.

William's goal is to support his family and their needs and above all his sister as he would like her to succeed academically. ",0.0,1.0,to cover his sister's education expenses,0,2011,0.9878125,,Services,1.0,No,Yes,No,Yes,Yes,No,No
389665,male,1,individual,Agriculture,1000.0,26,167,PADECOMSM,2012-03-10T16:50:56Z,"Carlos has decided to request a new loan to buy farming supplies to use in planting, as he is starting to use a new planting process.  He will buy herbicides, fertilizer, and improved seed.

He believes his previous loan allowed him to get what he needed to perform his work in his medicine business, which improved his finances and his ability to feed his family.


",0.0,1.0,"to buy herbicides, fertilizer, and improved seed",0,2012,27.33398148148148,30.04167824074074,Agriculture,1.0,Yes,Yes,No,No,Yes,Yes,Yes
230731,female,1,individual,Retail,350.0,14,167,PADECOMSM,2010-09-15T22:21:52Z,"Dinora is a woman of 46 years of age. She is married and her family group consists of: her husband, two daughters who are 24 and 26 years old, the husband of one of her daughters, and two grandchildren. They all live in El Transito D. San Miguel. She has a business that she runs with her daughters. They developed the business through their own initiative, working from 6 in the morning until 6 at night. The business is currently small and they don't have sufficient capital to invest in supplies.
Dinora is requesting a loan that she needs to buy merchandise to supply her business and to offer her clients a greater variety of products. This will help her to offer her clients everything necessary for the home and satisfy their demand for products and will achieve better sales and greater income that will meet the needs of Dinora's own home.
Her dreams are to have a strong and stable business that will offer economic stability and a better standard of living.
<br /><p><strong>Translated from Spanish by Alison Hynd, Kiva Volunteer</strong></p>",1.0,0.0,To buy home products,0,2010,2.0081712962962963,,Food & Trade,1.0,Yes,Yes,No,No,Yes,Yes,Yes
328118,female,14,group,Food,1525.0,8,163,HOFOKAM,2011-08-26T02:56:16Z,"Meresi is a 32-year-old married woman with ten children who owns a house in Kasese, Uganda. She has been in the produce business, specifically selling groundnuts and beans, for two years. She started out with 200,000 UGX and now has 500,000 UGX as her working capital. Her hardship is the high prices for agricultural commodities, making her fail to purchase enough to meet her customers' demands. Her dream is to own a food store. Meresi needs this loan to purchase beans and groundnuts to sell.",11.0,3.0,To buy beans and groundnuts,0,2011,3.0182060185185184,,Food & Trade,1.0,Yes,Yes,No,No,Yes,Yes,Yes
345667,female,1,individual,Agriculture,550.0,14,119,Asociación Arariwa,2011-10-16T00:26:42Z,"Sofia, 32, belongs to the “Perolniyoc” communal bank located in Urubamba District in Urubamba Province and Cusco Department.  She has a spouse and a 10-year-old son.  She works as a retailer.  She gathers products like corn and sell it at wholesale.  She’s been selling corn for 8 years.  She has fields where she grows corn and she also raises small farm animals.  She needs the loan on this occasion to buy small farm animals.  She wants to buy guinea pigs to add to the ones she already has and will also buy chicks to raise and sell.  She’s asking for the loan to buy small farm animals like guinea pigs and chicks.  She is grateful for the loan and commits to make her payments according to the payment schedule.
",1.0,0.0,to buy small farm animals like guinea pigs and chickens.,0,2011,3.0740162037037035,,Agriculture,1.0,Yes,Yes,No,No,Yes,Yes,Yes
116018,male,1,individual,Services,800.0,8,110,Emprender,2009-06-20T11:29:19Z,"Wilfredo René C. G., a long time client of Emprender, was originally part of the Santiago Felix group for 12 loan cycles from 2002 to 2005.  Subsequently,  he took out individual loans, and he is now in his 10th loan cycle.  He owns a home in the Pedregal area, but due to his work, he and his wife live and work in the Cotacota area.  He and his wife sell lubricants and he is a car mechanic.  They have two school-aged daughters.  He is a good client and responsible with his payments.			
				
				
				
				
				
<br /><p><strong>Translated from Spanish by Michele Magrino, Kiva Volunteer</strong></p>",0.0,1.0,Purchase an engine for his car,0,2009,2.8466898148148148,,Services,1.0,Yes,Yes,No,No,No,Yes,Yes
278101,female,1,individual,Arts,600.0,22,61,MAXIMA Microfinance,2011-03-01T09:56:13Z,"Mrs. Vannoeun P. is 38 years old and her husband, Mr. Bunly Ouch, is 48 years old.  They have been married since 1992 and have three children – one son and two daughters, all of them are in school. The family lives along National Road Number One about 18 kilometers from Phnom P. City. 

Mrs.Vannoeun P. is a scarf weaver. Her husband is a soldier. She is asking for a loan of $600 to purchase cotton thread for her business.   

",1.0,0.0,To purchase cotton thread for scarf weaving business,0,2011,0.0802314814814814,,Production & Construction,1.0,Yes,Yes,No,No,Yes,Yes,Yes
110421,female,1,individual,Agriculture,350.0,8,119,Asociación Arariwa,2009-06-01T18:53:30Z,"Paulina is a member of the Virgen de los Angeles Village Bank, which meets once per month in the town of Huayllacocha, where she lives. Paulina is forty-seven years old and married with six children. Her children are all adults, and three of them still live at home with her. Paulina and her family have a farm where they grow potatoes, barley, wheat and broad beans (“habas”). She has been working on the farm for many years, and is now preparing for the upcoming barley harvest in June. She and her husband also raise a handful of cows and sheep. 

Paulina is requesting a loan to invest in livestock. She plans to buy either sheep or a cow; the money would be enough to buy one cow or five sheep, she says. She would raise the animals and eventually sell them for meat. 

Paulina has been a client of Asociacion Arariwa for the past six years, and is grateful for the loans available to her because it is the only institution that works in her town. She has pledged to repay her Kiva loan in full and on time. 
",1.0,0.0,Buy sheep or a cow,0,2009,0.0,,Agriculture,1.0,Yes,Yes,No,No,Yes,Yes,Yes
346494,female,1,individual,Arts,150.0,6,119,Asociación Arariwa,2011-10-15T14:52:16Z,"Maria is a member of the ""Imasumac II"" community bank which is located in Huanchac district, in Cusco province and department.

Maria is 55 years old, married, and has seven children.  Five of her children are still in school and she continues supporting them in their education.  Maria works together with her husband in a family business but she also continues working as a civil servant.  Maria sells jewelry maD. by her husband in the institution in which she works.  She would like to invest her loan in buying materials for making jewelry.  She will buy wire, stones, beads, hooks and other items she needs for making pieces of jewelry such as earrings, necklaces, bracelets, etc.

Maria is grateful for her loan and pledges to make her repayments according to schedule.",1.0,0.0,to invest in buying materials for making jewelry,0,2011,0.0570486111111111,,Production & Construction,1.0,Yes,Yes,No,No,Yes,Yes,Yes
314599,female,1,individual,Food,750.0,6,119,Asociación Arariwa,2011-07-12T06:54:08Z,"Sonia was born in the city of Paucartambo (Cusco, Peru) and is 46 years old. Currently, Sonia lives in the city of Cusco together with her only child. Sonia's main activity is selling breakfast, mate [tea], hot and cold drinks, and other items. She has a small cafe where she sells her products. She has operated this business for 5 years, and it is going very well for her, thanks to the dedication she puts into her work. At this time, Sonia needs a loan to buy sugar, bread, cakes and other items. 

The borrower is a responsible and hard-working person, and thanks to these qualities, her fellow members invited her to participate in the “Mosoq Allpa” communal bank of the Arariwa Association.
",1.0,0.0,"to buy sugar, bread, cakes and other items.",0,2011,1.0653356481481482,,Food & Trade,1.0,Yes,Yes,No,No,Yes,Yes,Yes
320460,male,1,individual,Transportation,375.0,6,119,Asociación Arariwa,2011-07-27T14:46:00Z,Fidel is 58 years old and married with one son. He works as a taxi driver in the city of Cusco. Fidel works everyday driving throughout the city and he really enjoys his job. He is asking for a loan in order to improve his taxi. He plans to purchase new tires and fix any scratches or smashes on his taxi. He is very proud of his car and this loan will help him to continue to take great care of it. Fidel is committed to making all of the necessary loan payments on time. ,0.0,1.0,to pay for new tires and repairs to his taxi,0,2011,2.080509259259259,,Services,1.0,Yes,Yes,No,No,No,Yes,Yes
402732,female,1,individual,Arts,500.0,8,119,Asociación Arariwa,2012-03-19T20:07:26Z,"Karina was born in the city of Lamay.  She is 24 years old and lives with her partner and son.  Her business is selling silverwork.  She has a small workshop in her home.  On this occasion, Karina needs a loan to buy materials such as raw silver.

Karina is a member of Asociación Arariwa's ""Virgen de Fátima de Lamay” community bank which is located in Calca province, in Cusco department, Peru.

Karina is grateful for this loan and appreciates it.  She pledges to make her monthly repayments on time.",1.0,0.0,to buy materials such as raw silver,0,2012,0.1022106481481481,30.0,Production & Construction,1.0,Yes,Yes,No,No,No,Yes,Yes
304950,male,1,individual,Housing,500.0,15,61,MAXIMA Microfinance,2011-06-06T20:14:02Z,"Visal is a motor taxi driver, while his wife is a garment-factory worker. They live in a village along National Road Number One, about twenty kilometers from Phnom Penh City, and have three children--one son and two daughters.

Visal hopes to expand and organize his house to make it easier for family members to stay. Hence he is asking for a loan of $500.",0.0,1.0,To expand and better organize the house where he lives.,0,2011,0.7458217592592593,,Production & Construction,1.0,Yes,Yes,No,No,Yes,Yes,Yes
319707,male,1,individual,Retail,775.0,12,163,HOFOKAM,2011-08-19T18:37:08Z,"Joseph is a 43-year-old married man with 7 children between the ages of 22 and 5 years, living in Karuguuza, Uganda. He lives in his own house where he stays with 6 people, and his desire is to educate his children up to university. 

For 15 years, Joseph has been operating a retail shop business, and from this business he has been able to build a house for the family. He faces the challenge of the high rate of inflation but hopes to make it a wholesale shop. Joseph needs a loan to buy soap, sugar and cooking oil for resale.",0.0,1.0,"To buy soap, sugar and cooking oil.",0,2011,25.796550925925924,,Food & Trade,1.0,Yes,Yes,No,No,Yes,Yes,Yes
191988,female,1,individual,Retail,1100.0,6,119,Asociación Arariwa,2010-04-13T18:50:18Z,"America is 35 years old, married, and has two children ages eight and nine months. She is a member of the “Unidos para el Truinfo” (United for Triumph) community bank. America makes a living selling candles. These include “cirios”, which are large candles normally used in street processions for local saints in the Catholic religion here in Cuzco. She has owned this business for seven years, but says that business is somewhat slow right now. 

America is hoping that business will pick up with the help of a loan in the coming months, and says she will use the Kiva loan to sustain and improve her candle business. Specifically, she will buy wax to make the candles with the Kiva loan money. America is appreciative of and grateful for the loan, and promises to pay the monthly payments on time. 
",1.0,0.0,Wax to make candles,0,2010,3.652939814814815,,Food & Trade,1.0,Yes,Yes,No,No,Yes,Yes,Yes
385508,female,1,individual,Retail,575.0,6,119,Asociación Arariwa,2012-01-30T22:24:59Z,"Susana continues to work in her small grocery store; the member is doing very well and has increased the number of her customers. Susana hopes to use the loan once more to buy basic household goods that are used daily like rice, sugar, milk, spaghettis, oil and other items; she will use them to have more sales in her store.",1.0,0.0,buy basic household goods.,0,2012,0.0381481481481481,30.0,Food & Trade,1.0,Yes,Yes,No,No,No,Yes,Yes
480446,female,1,individual,Food,600.0,6,119,Asociación Arariwa,2012-10-16T00:53:09Z,"The borrower continues to make her living at her grocery store business.  She sells basic need items like rice, sugar, milk, and crackers.  She works from 5am until 10pm.  She's been in this business for several years, and her dream is to expand her grocery store business.  

She is requesting this loan to buy rice, sugar, milk, and crackers.  She is happy with this loan granted to her and commits herself to paying the installments.",1.0,0.0,"to buy rice, sugar, milk, and crackers.",0,2012,7.009039351851852,29.95832175925926,Food & Trade,1.0,Yes,Yes,No,No,No,Yes,Yes
229888,female,1,individual,Clothing,600.0,6,119,Asociación Arariwa,2010-09-10T16:25:18Z,"Sra. Felicia is a member of the Communal Bank “Qorimankacha”, which is located in the District of Wanchaq, Province and Department of Cusco.
<p>
She is 56 years old and a single mother with three children.  Felicia divides her time between her daily activities and her business selling clothes and cosmetics as an independent merchant.  She also has a few small rooms available for rent.  Thanks to these small businesses, she is able to move her children forward.  Felicia has a store where she sells clothing for adults and children. She is requesting a loan to buy merchandise for her retail clothing business.
<p>
Felicia is grateful to everyone who made this dream possible, so she promises to complete her payments by the established deadlines.  <br /><p><strong>Translated from Spanish by Ronan Reodica, Kiva Volunteer</strong></p>",1.0,0.0,Purchase merchandise for her clothing store,0,2010,2.1008333333333336,,Food & Trade,1.0,Yes,Yes,No,No,Yes,Yes,Yes
109305,male,14,group,Agriculture,4150.0,8,119,Asociación Arariwa,2009-06-12T07:29:41Z,"The members of the “VIRGEN NATIVIDAD D. LARES” bank are from the Lares district, in the province of Calca, located within the region of Cusco.

Our members alternate between agricultural activities, like planting potatoes, corn, wheat and barley, and home-based businesses in which the women sell food in the main town plaza on Saturdays and Sundays, while the men take products like dry grains and sell them in other districts around and within the city of Cusco. 

The members need this loan to reinvest in their various crops and to buy products like dry noodles, rice, oil, flour, vegetables and other ingredients.

The members are grateful for the support they have received and for the approval of their loan, which they hope will help them realize their dreams. They promise to repay this loan according to schedule.<br /><p><strong>Translated from Spanish by Zev Lowe, Kiva Volunteer</strong></p>",7.0,7.0,Selling food in the main town plaza,0,2009,10.048298611111113,,Agriculture,1.0,Yes,Yes,No,No,Yes,Yes,Yes
235206,male,1,individual,Housing,900.0,26,163,HOFOKAM,2010-10-04T02:19:10Z,"James is a thirty-two-year-old man who is married with three children and lives in a rented house in Fort Portal, Uganda.

As a civil servant working with local government for five years now, James has been able to upgrade his qualifications. However, as a salary earner, he needs some income-generating activities to boost his income to meet the needs of his family.

James wants to construct a house for his domestic and commercial needs so that he saves rent while, at the same time, he earns it from the tenants he will have.

James intends to use the loan to purchase a plot on which to construct a house for domestic and commercial purposes.
",0.0,1.0,To purchase a plot on which to construct a house for domestic and commercial purposes,0,2010,4.020138888888889,,Production & Construction,1.0,Yes,Yes,No,No,Yes,Yes,Yes
409811,female,1,individual,Food,150.0,6,167,PADECOMSM,2012-04-01T05:07:18Z,"Digna sells snacks and drinks.  She lives with her children; they go to school and are dependents.  She learned the business on her own.  She has had the business for three years, and it supports the household necessities.

She is requesting a loan to buy ingredients to make food, bananas, oil, yucca, sugar, soft drinks, and juices.  With this loan she will be able to improve her business, and her sales will increase.  She wants to have a profitable business, add other items in order to vary her products, and have her own sales location in order to succeed alongside of her family.


",1.0,0.0,"to buy bananas, oil, yucca, sugar, soft drinks, and juices.",0,2012,0.6785648148148148,30.0,Food & Trade,1.0,Yes,Yes,No,No,No,Yes,Yes
404906,female,1,individual,Food,600.0,12,110,Emprender,2012-03-24T16:31:49Z,"Sra. Siliva lives at her sister’s house in the Plan 3000 District. She has a one-year-old son and her husband is a locksmith. Silvia has a grocery store in her home. 
<p>
The loan she is requesting will be used to buy noodles, flour, greens, meat, fruit, vegetables, sodas, and beverages to increase her inventory. A new market opened where she lives, so she wants to have more merchandise to sell so that she can provide better service to her customers. Sra. Silvia and her husband are hardworking people who want to succeed so that they can provide a future for their son.  She is grateful for the opportunity that has been given to her.  ",1.0,0.0,to buy more merchandise for her store.,0,2012,1.1331597222222225,29.99997685185185,Food & Trade,1.0,Yes,Yes,No,No,No,Yes,Yes
435732,female,1,individual,Transportation,1125.0,6,119,Asociación Arariwa,2012-06-19T06:02:55Z,"Isabel is still a member of the ""MUJERES UNIDAS"" communal bank.  She is still the manager of a transportation service business.  She is an enterprising woman who is raising her family.  She has worked in this business for several years and it is going very well.  Isabel is now requesting a loan to maintain her cars.  Isabel is grateful and satisfied to be able to continue growing her own business, and commits to making her payments according to the established schedule.   ",1.0,0.0,to maintain her cars.,0,2012,10.613090277777776,30.0,Services,1.0,Yes,Yes,No,No,No,Yes,Yes
232440,male,1,individual,Transportation,1000.0,22,61,MAXIMA Microfinance,2010-09-22T07:12:12Z,"Mr. Oeun S. (pictured here), 44, and his wife, Mrs. Born Man, 40, live in a small village on National Road Two about 20 kilometers south of Phnom Penh. They have been married since 1990 and have three daughters. Two of them are garment factory workers and another one is in school.  

Oeun is a motor taxi driver. He also assists his wife’s  fish selling business. He is applying for his first loan of $1,000 to purchase a motorbike for his daughters to drive to work.  
",0.0,1.0,To purchase a motorcycle for his daughters to drive to work.,0,2010,0.8278472222222222,,Services,1.0,Yes,Yes,No,No,Yes,Yes,Yes
440175,male,1,individual,Agriculture,1525.0,6,119,Asociación Arariwa,2012-06-26T23:25:43Z,"Claudio is a member of the Communal Bank ""Siempre Juntos"" (Always Together), a group that conducts its meetings every 30 days in the District of Huanchac in Cusco Province, Department of Cusco.
<p>
Claudio raises small animals, such as guinea pigs, and still has a pen with a special area for raising the guinea pigs.  He learned everything related to the care, diet, reproduction, and gestation of these animals.  Claudio is requesting a loan in order to buy more animals, such as guinea pigs, and the appropriate feed.  
<p>
He appreciates the opportunity to access a loan so that he can invest in his business and grow financially.  ",0.0,1.0,to buy more guinea pigs and the appropriate feed.,0,2012,3.8995717592592594,29.999953703703703,Agriculture,1.0,Yes,Yes,No,No,Yes,Yes,Yes
312235,female,1,individual,Arts,500.0,6,119,Asociación Arariwa,2011-06-29T20:48:33Z,"Vilma is a member of the ""Imasumac II"" community bank which is located in Huanchac district, in Cusco province and department.

Vilma is 28 years old, married, and has two children.  She makes items from clay and also buys handicrafts which she sells.  Vilma buys some of her handicrafts ready made.  She buys blankets which are knitted from alpaca and sheep wool.  She also makes beads and gives them their finishing touches so that they can be used in making earrings, bracelets, etc.  She needs this loan to buy materials for making handicrafts and to buy pre-made items.

Vilma is grateful for the support that she is being given and pledges to make her repayments in a disciplined manner.",1.0,0.0,to buy materials for making handicrafts and to buy pre-made items,0,2011,0.0822685185185185,,Production & Construction,1.0,Yes,Yes,No,No,Yes,Yes,Yes
88654,male,1,individual,Manufacturing,300.0,6,110,Emprender,2009-02-14T02:07:10Z,"José Luis A. Quisbert makes leather shoes and has worked in this activity for 20 years. He has a son to support and a wife who sells the shoes that he produces. He learned this profession from his father. He began as an apprentice and later used his savings to buy his own equipment and machinery. Now he works independently and is thinking about taking out more loans to grow his business. Don Jose Luis A. has worked with the institution since 2007. He has always been punctual with his payments and responsible with his work. <br /><p><strong>Translated from Spanish by Rebecca Towle, Kiva Volunteer</strong></p>",0.0,1.0,Purchase leather,0,2009,0.1646064814814815,,Production & Construction,1.0,Yes,Yes,No,No,No,Yes,Yes
279643,male,1,individual,Arts,550.0,7,119,Asociación Arariwa,2011-03-09T23:28:43Z,"Forferio, 73, is a member of the “NUEVA VICTORIA-CHINCHERO” (New Victory-Chinchero) communal bank located in Chinchero district in Urubamba province, Cusco department.

He’s married and has six children (all independent).  He is an artisan.  He was born and grew up in the beautiful Valle Sagrado and is considered in the whole town as one of the most recognized and longstanding landscape painter.  He is currently painting perfect works in oil.  He represents Andean scenes depicting everyday life of Andean people: their values, ideologies, work and much more.  He participated in National Geographic documentaries and in August, 2010 was invited to exhibit his and his daughter’s work in Lima’s Suizo Hotel by the Minister of Tourism.

He has his stand in Awanawasi which is also in the town of Chincheros.  He would be very happy if people from all over the world were to come visit him soon so that he can tell his town’s history to them.  He is a very charismatic, low-key person who is full of talent.

He is asking for a loan to buy supplies he needs: brushes, canvases, oil paint and frames.  He is asking for the loan in order to buy materials for his paintings. He is happy with the granted loan and pledges to repay in a timely manner.
",0.0,1.0,To purchase materials for his paintings.,0,2011,0.1656944444444444,,Production & Construction,1.0,Yes,Yes,No,No,No,Yes,Yes
382599,female,1,individual,Arts,200.0,6,119,Asociación Arariwa,2012-01-22T03:30:54Z,"Maria belongs to the ""SEÑOR DE LA AGONIA DE TARAY"" communal bank. The bank is located in the district of Taray, which belongs to the province of Pisac, department of Cuzco.   

She is 57 years old and has 5 children. Only the youngest, who is 18, lives with her. She works buying and selling artisanal crafts. She has her stand three days a week in the tourist lookout in Taray. There area artisans are governed by the union and only sell three days a week. That way, all the artisans take turns and all of them have a chance to sell their wares. On this occasion, this member wants to invest the loan in buying artisanal crafts and materials such as clay, natural oxides, brushes and other materials to do her works. 

She is grateful for the loan and committed to making her payments according to the established schedule. ",1.0,0.0,"to invest in buying artisanal crafts and materials such as clay, natural oxides and brushes, among other things to do her work.",0,2012,0.0491666666666666,,Production & Construction,1.0,Yes,Yes,No,No,Yes,Yes,Yes
396791,female,1,individual,Food,200.0,7,167,PADECOMSM,2012-02-29T08:42:55Z,"Sandra lives with her two children.  She is widowed, and works selling snacks, enchiladas, and bread with chicken among other things.  She makes these sales from 7 in the morning, going to health locations to offer her products for sale.

She is requesting a loan to purchase corn, plantains, oil, bread, and chicken, to be able to have product availability for her sales.

Her goal is to offer good products for sale to her customers.  She also hopes to have a fixed premises where she can offer her products for sale.",1.0,0.0,"to purchase corn, plantains, oil, bread, and chicken.",0,2012,0.7589236111111111,30.04167824074074,Food & Trade,1.0,Yes,Yes,No,No,Yes,Yes,Yes
490383,female,1,individual,Arts,250.0,6,119,Asociación Arariwa,2012-11-06T19:31:22Z,"Guadalupe is 31 years old and lives in a common law marriage but does not yet have any children.  She lives in the beautiful city of Cusco, where she engages in different types of work.  She has a primary line of work which consists of the creation of art.  She paints pictures of different landscapes in the city of Cusco.  At this moment, she is in need of a loan to buy materials for her work, such as brushes, paints, and other items.",1.0,0.0,"to buy materials for her work, for example brushes, paints, and other items.",0,2012,0.6537152777777778,30.0,Production & Construction,1.0,Yes,Yes,No,No,No,Yes,Yes
336828,female,1,individual,Food,1100.0,6,119,Asociación Arariwa,2011-09-21T18:55:22Z,"Vilma was born in Cusco Department in the south of Perú.  At present, Vilma is 73 years old.  She’s a widow and has four children.  Vilma sells food (breakfast, lunch and dinner).  She’s been in this business for the last 40 years and does very well.  On this occasion Vilma needs the loan to buy ingredients like for example bags of rice, bottles of oil and other things.

The “Virgen D. las Nieves” communal bank meets monthly in the city of Cusco (Perú).  Cusco is known for being a very touristy and commercial area as well as for its traditional “Inti Raymi” festival and also because one of the Seven Wonders of the World, Machupicchu, is located here.
",1.0,0.0,"to buy ingredients like bags of rice, bottles of oil and other things.",0,2011,2.031412037037037,,Food & Trade,1.0,Yes,Yes,No,No,No,Yes,Yes
228773,female,1,individual,Arts,550.0,8,119,Asociación Arariwa,2010-10-04T19:45:35Z,"Higidia, 56, is a member of the “VIRGEN D. LA O” communal bank located in Yucay district, Urubamba province, Cusco department.  She is married and has four children.

She is a craftsperson and also engages in farming during planting and harvest time.

She works selling all kinds of crafts like: exotic stones, quartz, jewelry, weavings, embroidery, etc.  She is asking for funds to buy merchandise for her business, like colored thread, quartz and silver wires.

She takes this opportunity to thank all those who participate in this dream through this medium and pledges to repay in a timely fashion.

<br /><p><strong>Translated from Spanish by Michael Bujazan, Kiva Volunteer</strong></p>",1.0,0.0,"To buy merchandise for her business (colored thread, silver wire, quartz)",0,2010,3.031527777777778,,Production & Construction,1.0,Yes,Yes,No,No,Yes,Yes,Yes
252852,male,1,individual,Transportation,400.0,14,167,PADECOMSM,2010-12-17T05:09:10Z,"Don Maximiliano lives in Delicias de Concepción in the Department of Morazán.  He works in transportation with his vehicle, with which he makes trips on request for his customers.  He is 59 years old and lives with his child and his wife.  He has always worked in transportation and in masonry.  In this business there are no fixed hours as it depends on the trips and their distance.

Maximiliano is currently seeking a loan to make improvements to the vehicle.  Conducting maintenance and changing tires and engine gaskets will help keep the truck in excellent condition, ready to make any trip without major delays.  His only risk is that the mechanic founds another issue.

His dream is to have an up-to-date vehicle such as a minibus, which would speed up trips for his clients.  He also dreams of having sufficient money to give his child an education.",0.0,1.0,Vehicle repair,0,2010,21.207650462962963,,Services,1.0,Yes,Yes,No,No,Yes,Yes,Yes
405575,male,1,individual,Food,625.0,10,163,HOFOKAM,2012-04-09T13:01:55Z,"Kaija is a 45-year-old father of four children living in Kagadi, Uganda.

For three years he has been operating a retail shop where he normally sells food. His major challenges are customers not paying on time and price fluctuations. He dreams of having his children educated and buying a car.

He would like to diversify his business to include a supermarket. Kaija wants a loan to buy groundnuts, maize and beans for sale.",0.0,1.0,"to buy groundnuts, maize and beans for sale.",0,2012,17.973518518518517,30.0,Food & Trade,1.0,Yes,Yes,No,No,Yes,Yes,Yes
457337,male,1,individual,Agriculture,1600.0,14,100,CJSC Bank Imon International,2012-09-06T17:34:40Z,"Qurbon is 49 years old. He is married and has 5 children. Their ages are between 3 and 16 years old. Qurbon is very hardworking and kind-natured. He has a lot of friends and all of them love him very much.

Qurbon has been busy with farming for 27 years. He grows different kind of crops. He has been in this line of work since he was a boy, so all of his experience has been dedicated to producing crops. His products are sold at the local market in the city. His elder son and daughter help him with the business.

In order to provide his crops with the needed attention, Qurbon is currently requesting a loan in the amount of 1600 USD so that he can buy fertilizer and continue improving his crop production. He hopes to generate more income and take advantage of the high prices being commanded on an international level so that he can maintain a better standard of living and help his children continue their education. 


",0.0,1.0,to buy mineral fertilizers.,0,2012,29.982210648148147,30.0,Agriculture,1.0,Yes,Yes,No,No,No,Yes,Yes
305257,female,9,group,Arts,3200.0,6,119,Asociación Arariwa,2011-06-13T14:42:09Z,"The “Killa” community bank has been around for three years.  It is made up of hard-working and entrepreneurial people who are always looking for opportunities to get ahead in life and, through their daily efforts, they work to provide their children with a better future.  The bank meets every month in the city of Cusco.  Most of the bank's members live in the city of Cusco (Peru).

During this meeting we meet Lily who lives in the beautiful city of Cusco and has three children.  She is a housewife and a mother who is noted as being a responsible, kind and hard-working person.  Because of these qualities, her friends invited her to become a member of their community bank.  Lily was born in the city of Langui, in Canas province, in Cusco department.  She is a teacher but, in her spare time, she makes sweaters from alpaca wool.  She has a small workshop in her home with the basic tools she needs.  She has been in this business for 20 years now and her business is doing very well.  On this occasion, she needs a loan to buy more materials such as yarn and thread.

Lily is 50 years old.  She is a person who has a great desire to improve herself and have a successful business as she would like to provide her family with the best.",7.0,2.0,to buy more materials such as yarn and thread,0,2011,3.1750694444444445,,Production & Construction,0.8888888888888888,Yes,Yes,No,No,No,Yes,Yes
246440,male,1,individual,Agriculture,725.0,8,119,Asociación Arariwa,2010-11-20T01:58:32Z,"Claudio belongs to the “PACHA ILLAIRY” community bank which is located in Ocongate district, in Quispicanchis province, in the department of Cusco.

Claudio is 35 years old.  He lives with his partner and has 3 children.  He was born in Ocongate.  Claudio works as a master builder and also farms.  He has a small plot of land which he works together with a friend.  He is in charge of providing the land while his friends puts in the seeds.  Together they pay the council for irrigation rights and buy fertilizer for the land.  On this occasion, Claudio would like the loan to invest in the purchase of fertilizer and plowing the land to prepare it for sowing.  He is requesting the loan to buy fertilizer and to pay the workers who will prepare the land.

He is grateful for the loan and appreciates it.  He pledges to make his repayments in a timely manner.",0.0,1.0,To buy fertilizer and to pay workers who will prepare his land for sowing,0,2010,7.0683796296296295,,Agriculture,1.0,Yes,Yes,No,No,Yes,Yes,Yes
474842,female,1,individual,Food,650.0,14,100,CJSC Bank Imon International,2012-10-10T18:40:29Z,"Kunduz is 52 years old, married, and has in her care 4 children all of whom have reached the age of majority. Kunduz is a very hard-working person and has over 18 years of entrepreneurial experience. She makes preserves by purchasing fresh vegetables and pickling them. Kunduz has her regular customers such as owners of restaurants and diners. She takes care of her business on her own as her husband works as a driver and is unable to assist her financially. Kunduz is requesting a loan of 3000 somoni to purchase vegetables for pickling. She is counting on you and your kindness.",1.0,0.0,to purchase more fresh vegetables for pickling,0,2012,8.576701388888889,30.0,Food & Trade,1.0,Yes,Yes,No,No,No,Yes,Yes
95885,female,1,individual,Clothing,1000.0,11,110,Emprender,2009-04-06T17:36:59Z,"Mrs. Carla F. Montaño works making jackets, sweaters, aprons, overalls, etc.  She has a young baby and works alongside her husband.  This young partner has sacrificed a lot to outfit her workshop and doesn’t work with other finance institutions, only Kiva partner Emprender.  In the future, they plan on growing as a small business and having more machines to attend to more clients.<br /><p><strong>Translated from Spanish by Laura Westin, Kiva Volunteer</strong></p>",1.0,0.0,Buy a sewing machine,0,2009,4.942222222222222,,Food & Trade,1.0,Yes,Yes,No,No,Yes,Yes,Yes
360366,female,1,individual,Retail,750.0,6,119,Asociación Arariwa,2011-11-21T00:48:01Z,"Judit is still working as a teacher and still selling notions like brushes, mirrors, buttons and needles among other items with her daughter.  She supports her children through these businesses and she wants to expand the business so is asking for a loan to buy buttons, needles, thread and mirrors at wholesale.  She is happy about the loan and commits to make her installment payments.

",1.0,0.0,"to buy buttons, needles, thread and mirrors at wholesale.",0,2011,0.2485648148148148,,Food & Trade,1.0,Yes,Yes,No,No,No,Yes,Yes
266556,female,1,individual,Food,1150.0,14,97,FAPE,2011-01-22T05:13:15Z,"Magaly Salvadora V. is an outstanding and modest individual who sells food products for daily consumption such as eggs, beans, rice, corn, and other products.  She also sells canned goods.  Thanks to God, Magaly says her business has done very well.  With her previous loan, she was able to earn a little bit more income due to an increase in her sales.
<p>
She is requesting this loan to buy food products so that she can generate slightly more revenue and offer a greater variety of merchandise to her customers.  Her dream is to have a larger location so that she can increase her income and move her family forward with the support that FAPE and Kiva has provided.  ",1.0,0.0,Purchase groceries to sell,0,2011,1.1549421296296296,,Food & Trade,1.0,Yes,Yes,No,No,No,Yes,Yes
93382,female,1,individual,Food,250.0,8,98,AFODENIC,2009-03-10T19:43:17Z,"Maria Salome is a hardworking woman. Her business is selling fritanga (a fried meat dish), which she started six years ago with her savings and loans from Afodenic. She is 44 years old and lives in Villa Reconciliación. This is her fifth loan, which she will invest in the purchase of daily inputs like meat, basic grains, vegetables and others to be able to sell a variety of dishes to her customers. In the future, she would like to improve the infrastructure of her business so she can improve the service to her customers.<br /><p><strong>Translated from Spanish by Trisha Bury, Kiva Volunteer</strong></p>",1.0,0.0,"Purchase meats, basic grains and vegetables to prepare delicious dishes",0,2009,0.0369212962962963,,Food & Trade,1.0,Yes,Yes,No,No,No,Yes,Yes
171419,female,1,individual,Construction,575.0,22,98,AFODENIC,2010-01-25T21:51:30Z,"

Zenayda, 46, has three children:  Hector, 27, who works for EMPA, Alexander, 25, who works at UNAN, both of whom contribute to household expenses, and Jader, 8, who is in elementary school.  Zenayda has worked for Juigalpa's mayor's office for the last 22 years as caretaker at Juigalpa's municipal cemetery.  Her husband, who is employed as a stretcher-bearer at a hospital, is responsible for household expenses.  She is asking for her 9th loan and hopes to continue to have Kiva's support to build a bedroom for one of her sons, who has recently married and has a baby that is under a year old; she would like to provide him with more parivacy for the family he has just formed.  Her previous loans allowed her to improve her family's living conditions in that she used the last one to reroof the house and to build the walls for her kitchen.  Her greatest wish it to continue to improve her home so that her family will have more comfort since this is the main asset she plans to leave them.<br /><p><strong>Translated from Spanish by Michael Bujazan, Kiva Volunteer</strong></p>",1.0,0.0,To build a room.,0,2010,0.1119907407407407,,Production & Construction,1.0,Yes,Yes,No,No,No,Yes,Yes
181065,male,1,individual,Agriculture,1175.0,10,98,AFODENIC,2010-03-01T03:05:54Z,"Don Carmelo Z. is a small farmer in the district of El Banco in town of El Rama.  He is married Sra. Justina Flores and they have four children.  Santos (age 42), Abelardo (age 40) and Francisca (age 30) are all married and have their own families.  Darvis (age 28) is the youngest child and the only who still lives at home.  He helps his father work the land and look after the farm.  
<p>
Don Carmelo is requesting his fourth loan so that he can plant rice and sell it within three months.  This will help him generate revenue to improve the living standards for himself and his family.  He has the necessary experience since he has been working the land for more than 40 years.  He also grows corn, bananas, beans, and tubers.  In addition, Santos raises livestock and currently has a few small animals that provide daily income to sustain his family.  He is known as an individual who is hardworking, honest, and responsible in all of his commitments.<br /><p><strong>Translated from Spanish by Ronan Reodica, Kiva Volunteer</strong></p>",0.0,1.0,Acquire inputs for planting rice,0,2010,2.191527777777778,,Agriculture,1.0,Yes,Yes,No,No,Yes,Yes,Yes
89232,female,1,individual,Agriculture,500.0,8,98,AFODENIC,2009-03-01T22:32:40Z,"Mrs. Juana C. is 48 years old and lives in La Concepción with her husband. Their children are married and live independently. Juana's husband, like her, works in agriculture. Her plans for her family are to improve farming conditions to increase their income and finish building their home. With this loan, she will invest in agricultural inputs for fertilizing her crops to reap a good harvest and sell her produce at a better price.
<br /><p><strong>Translated from Spanish by Trisha Bury, Kiva Volunteer</strong></p>",1.0,0.0,Purchase agricultural inputs to fertilize crops,0,2009,0.0503935185185185,,Agriculture,1.0,Yes,Yes,No,No,Yes,Yes,Yes
346326,male,1,individual,Transportation,275.0,6,119,Asociación Arariwa,2011-10-15T20:25:47Z,"The member belongs to the communal bank “HATUN RUMIYOC”. The bank is located in the district of Cusco, in the province of Cusco and department of Cusco.

The member is Sr. Alexander. He is 29 years old and single. The member divides his time between daily activities and his taxi service business. He owns a car which he uses as a taxi. The member works from 6:00 a.m. until 9:00 p.m. The member wants to get ahead by means of this work. The member wants to improve his taxi service which he offers to the public in general. The member is asking for a loan to pay for the maintenance of his car and buy spare parts.

The member is happy for the loan and agrees to make the repayments.
",0.0,1.0,to pay for the maintenance on his car and buy spare parts.,0,2011,0.8651041666666667,,Services,1.0,Yes,Yes,No,No,No,Yes,Yes
324380,male,1,individual,Health,1200.0,20,167,PADECOMSM,2011-08-15T16:34:03Z,"Manuel lives with his wife and daughter.  He’s married and owns a pharmacy where he sells all types of medicine.  He inherited the business from his grandmother.  He does not have a fixed schedule to tend to customers and thanks be to God, it’s been a profitable business.

He is asking for a loan to buy different types of medicine like antibiotics, analgesics and vitamins in various presentations like injections, syrups and tablets.  This purchase will help him have a larger variety of medicine to offer customers.

Manuel’s objective is to diversity his pharmacy stock managing to strengthen it and improve customer service as well as family income.

",0.0,1.0,to buy medicines.,0,2011,3.433333333333333,,Services,1.0,Yes,Yes,No,No,No,Yes,Yes
223281,male,1,individual,Retail,200.0,7,119,Asociación Arariwa,2010-08-18T20:27:33Z,"Rolando, 38, is a member of the “SAN JOSE DE URUBAMBA” communal bank; he lives in Urubamba, Cusco department.

He lives with his significant other and their two children.  He is originally from Puno.

He and his spouse have a small store which he runs.  It is sort of a grocery store but more widely stocked.  He is asking for funds to increase the stock in his store.

He values and appreciates the loan granted and pledges to repay in a timely fashion.



<br /><p><strong>Translated from Spanish by Michael Bujazan, Kiva Volunteer</strong></p>",0.0,1.0,To buy stock items for his store.,0,2010,0.0815972222222222,,Food & Trade,1.0,Yes,Yes,No,No,No,Yes,Yes
102467,male,1,individual,Agriculture,600.0,14,100,CJSC Bank Imon International,2009-04-19T20:34:14Z,"T. Kholiboy is a 54-year-old farmer who lives with his wife and three children. He has two milk cows and sells dairy products to the local and capital traders. Kholiboy has 25 years of experience in raising cattle and selling dairy products. 
<p>
The milk products are in very high demand in his village. Kholiboy has many orders from traders for these products, but his cows do not give enough milk to keep up with these orders. Therefore, he decided to apply for $600 in order to purchase an additional cow and fodder. 
<p>
Kholiboy is very grateful to everyone who is helping him to improve his living through this loan. 
<p>
More about Tajikistan and IMON International
<p>
Tajikistan is known for its rich history, which includes a key post along the Silk Road and the end of Alexander the Great's rule. It has also produced great thinkers, philosophers, scientists and poets, including Rudaki, Avicenna, Ferdowsi, Omar Khayyam, Jomi, and Rumi. The country is home to epic mountain passes, communities that still speak the ancient Sogdian language, and a civilization that dates back to the fourth millennium BC. Even today, it is a complex mixture of the Islamic faith, Soviet culture, New West culture and Central Asian traditions.
<p>
But Tajikistan is also the poorest of the former Soviet republics. The civil war, which ignited soon after its independence from the U.S.S.R., further damaged the already weak economy. In addition, 93 percent of the country is mountainous and only 7 percent of the land is arable. These conditions have resulted in high levels of unemployment and have forced hundreds of thousands to seek work in other countries, mainly Russia. While the people of Tajikistan are working to improve its agricultural production and manufacturing sector, nearly two-thirds of the population still live in abject poverty.
<p>
IMON's History
<p>
Since December 2007, IMON International has worked closely with Kiva and Kiva lenders to ensure that poor and low-income clients represent a viable business proposition. Funds raised through Kiva have already been distributed to thousands of IMON International's clients and will continue to provide thousands more with permanent access to the varied financial services they need. To learn more about IMON International's work, please visit www.imon.tj.",0.0,1.0,To purchase cattle in order to expand his business.,0,2009,1.6556365740740742,,Agriculture,1.0,Yes,No,No,Yes,Yes,Yes,No
286050,male,1,individual,Agriculture,2025.0,14,100,CJSC Bank Imon International,2011-04-10T01:41:31Z,"M. Narzullo lives in Isfara, Tajikistan. He is married and a father of three children. He is engaged in cultivation and the production of brooms. He imports his brooms from the Kyrgyz Republic and sells them in a local market. Narzullo has been in this business for over 16 years. His wife and daughter-in-law help him. Narzullo has leased land and he also engages in selling dried fruits and animal husbandry. Narzullo has a car UVAZ, which he uses to transport his goods. He would like to request a loan of 9,000 TJS to purchase dried fruits and fertilizer.   
<p>
<b>More about Tajikistan</b><br>
Tajikistan, a key post on the Silk Road, is perhaps best known for its rich history. It was the location for the end of Alexander the Great's rule, and is known for its great thinkers, philosophers, scientists and poets such as Rudaki, Ibn Sina (Avicenna), Firdousi, Omar Haiyam, Jomi, Mavlavi Rumi and many others. The country, with its epic mountain passes, is home to communities that still speak the ancient Sogdian language and a civilization that dates back to the fourth millennium BC. Even today, it is a complex mix of the Islamic faith, Soviet culture, New West culture and Central Asian traditions.
<p>
However, Tajikistan is also the poorest of the former Soviet republics. The civil war, which ignited soon after its independence from the USSR, damaged the already weak economy. In addition, 93 per cent of the country is mountainous and only 7 per cent of the land is arable. These conditions have resulted in high levels of unemployment and have forced hundreds of thousands of people to seek work in other countries, mainly Russia. While the people of Tajikistan are working to improve its agricultural production and manufacturing sector, nearly two-thirds of the population still live in abject poverty.
<p>
<b>More about IMON International</b><br>
Since December 2007, IMON International has worked closely with Kiva and Kiva lenders to ensure that poor and low-income clients represent a viable business proposition. Funds raised through Kiva have already been distributed to thousands of IMON International's clients and will continue to provide thousands more with permanent access to the varied financial services they need. To learn more about IMON International's work, please visit: <a href=""http://www.imon.tj""> www.imon.tj </a>




",0.0,1.0,to purchase dried fruits and fertilizer,0,2011,11.882962962962964,,Agriculture,1.0,Yes,Yes,Yes,Yes,Yes,Yes,Yes
436644,male,1,individual,Agriculture,1000.0,9,100,CJSC Bank Imon International,2012-07-12T01:17:51Z,"Mahmudjon is married to a wonderful woman named Muharama. They have 4  children. Mahmudjon and Muharama must comfort their children with all the necessary conditions. With this aim, he works hard on his land. He raises different kind of corn and sells it to the local people. He has been busy with this kind of business for 18 years. Mahmudjon is a master of his own deal. His aim is to buy seed, mineral recourses and to use the service of an agricultural machine.",0.0,1.0,"to buy seed, mineral recourses, and to pay for the services of an agricultural machine.",0,2012,28.894270833333337,30.0,Agriculture,1.0,Yes,Yes,No,No,Yes,Yes,Yes
114261,female,1,individual,Agriculture,650.0,20,98,AFODENIC,2009-06-11T01:55:24Z,"Karolina del Socorro Suárez is 24 years old and lives with her parents in the Benjamín Zeledón neighborhood located in the municipality of Ticuantepe. She is a single mother and has two children under her care; one is seven years old, and the other is an eleven-month-old baby. She hopes to improve her family’s living conditions and to be one day build her own house. Since she was 18 years old, Karolina has worked in agriculture; the biggest difficulty that she faces is a lack of financing. She began working in agriculture with help from her father. With this loan she will purchase fertilizer and supplies to apply to her crop to have a good yield. <br /><p><strong>Translated from Spanish by Mariela Cedeno, Kiva Volunteer</strong></p>",1.0,0.0,purchase fertilizer and supplies,0,2009,1.0175578703703705,,Agriculture,1.0,Yes,Yes,No,No,Yes,Yes,Yes
395515,female,3,group,Arts,925.0,8,187,MicroStart,2012-02-22T23:09:22Z,"Zoenabo is the leader of the Lagmentaaba group. She is married and has three children. The eldest child is eight years old and the youngest is one, and  one of the children is in school. Zoenabo has four people to support.

Zoenabo is a weaver, and has been working in this profession for four years. She buys her supplies at the market in Cissin. Her customers include both women and men, and friends.

She would like to buy 1 ball of yarn for weaving, 6kg of dye, 1 barrel of water and some wood.

She uses her income to pay for her children's schooling, and also saves some money. She hopes to open a weaving workshop.
",3.0,0.0,"to buy 1 ball of yarn for weaving, 6kg of dye, 1 barrel of water and some wood.",0,2012,0.159224537037037,30.041655092592592,Production & Construction,1.0,Yes,Yes,No,No,Yes,Yes,Yes
309461,male,1,individual,Agriculture,675.0,15,98,AFODENIC,2011-07-08T12:42:45Z,Señor Miguel is a small farmer.  He lives with his wife and children in the Ticuantepe area.  His plans for the future are to be able to improve his living conditions.  Don Miguel has been growing pineapples for several years.  The biggest challenge he faces is not having enough capital to invest in fertilizers and supplies to maintain his crops properly.  He is grateful to Afodenic and Kiva for the confidence they place in him so that he can get ahead and some day become a large scale farmer. ,0.0,1.0,purchase fertilizers and supplies.,0,2011,15.210208333333334,,Agriculture,1.0,Yes,Yes,No,No,Yes,Yes,Yes
354239,female,5,group,Food,575.0,8,189,VisionFund Indonesia,2011-11-16T05:08:19Z,"Sri is 39 years old and married with two children, Yulianti and Daniel.  She is pictured in the photo above wearing the black shirt.  Yulianti is 13 years old and is in the 7th grade.  Daniel is 12 years old and is in 6th grade.  Her husband works as a driver.  

Sri has been selling dishes from her food stall for the last year.  The business runs smoothly and has been going quite well because there is not a lot of competition in her area.  The income helps ensure that the children's needs for school such as fees and uniforms can be met.

This is Sri's second loan with VisionFund Indonesia. She will use this loan to increase the ingredients at her food stall by purchasing items such as pop ice, coffee, noodles, and rice.  This will help her have more variety in her stall to hopefully draw more customers.  She hopes that their family will continue to have enough money to pay for their children's education so that when they grow up they can have a better life.

The other group members will use their loans to help their businesses which include selling vegetables, selling cakes, selling household appliances on credit, and selling slippers, umbrellas, and shoes on credit.",5.0,0.0,"to pay for more food such as pop ice, coffee, noodles, and rice to sell at her food stall.",0,2011,6.408240740740741,,Food & Trade,1.0,Yes,Yes,No,No,No,Yes,Yes
303463,male,1,individual,Retail,800.0,14,167,PADECOMSM,2011-06-22T13:46:22Z,"Gerardo is 30 years old and lives with his parents and his sister.  He has a business selling food products such as biscuits, juice, soda, candy and more.
He is currently requesting a loan to increase his merchandise, buying more of the aforementioned, since they are the products he has been selling for 6 years. With this acquisition he hopes to strengthen and grow the business.  His aspiration is to grow, improve conditions and quality of life.

",0.0,1.0,"To buy biscuits, juice, soda, candy, and more.",0,2011,15.955787037037036,,Food & Trade,1.0,Yes,Yes,No,No,No,Yes,Yes
117805,female,1,individual,Retail,925.0,12,100,CJSC Bank Imon International,2009-06-24T04:42:47Z,"S. Khuriniso is a widow and has a teenage daughter. She is a private entrepreneur who works in the central city market selling women’s shoes, offering a large variety of women’s shoes at reasonable prices. She has been in business for thirteen years and has benefited a lot from two years of partnering with IMON International Ukraine. Lending services have helped her buy a new vending facility in a different part of the city, reach sustainability in her business, and given her confidence for the future.

Khuriniso needs a loan of 4,000 Somoni to re-stock her inventory and purchase shoes wholesale for the summer season. She believes that the sphere of market trade where she works is a promising niche and will continue to grow and develop in the future.

<b>More about Tajikistan and IMON International</b>
Tajikistan is known for its rich history, which includes a key post along the Silk Road and the end of Alexander the Great's rule. It has also produced great thinkers, philosophers, scientists and poets, including Rudaki, Avicenna, Ferdowsi, Omar Khayyam, Jomi, and Rumi. The country is home to communities that still speak the ancient Sogdian language, epic mountain passes, and a civilization that dates back to the 4th millennium B.C. And, even today, it is a complex mixture of the Islamic faith, Soviet culture, New West culture and Central Asian traditions.

But Tajikistan is also the poorest of the former Soviet republics. The civil war, which ignited soon after its independence from the U.S.S.R., further damaged the already weak economy. In addition, 93% of the country is mountainous and only 7% of the land is arable. These conditions have resulted in high levels of unemployment and have forced hundreds of thousands to seek work in other countries, mainly Russia. While the people of Tajikistan are working to improve its agricultural production and manufacturing sector, nearly two-thirds of the population still live in abject poverty.

<b>IMON's History</b>
Since December 2007, IMON International has worked closely with Kiva and Kiva lenders to ensure that poor and low income clients represent a viable business proposition. Funds raised through Kiva have already been distributed to thousands of IMON International's clients and will continue to provide thousands more with permanent access to the varied financial services they need. To learn more about IMON International's work, please visit: <a href=""http://www.imon.tj""> www.imon.tj </a>
",1.0,0.0,To purchase shoes wholesale for the summer season,0,2009,1.4324074074074074,,Food & Trade,1.0,Yes,Yes,No,No,Yes,Yes,Yes
359137,male,1,individual,Transportation,500.0,12,110,Emprender,2011-12-29T04:03:43Z,"
Roberto is a young man working driving a seven-passenger minibus providing public transportation services as part of the Pampahasi transportation syndicate.  Roberto lives with his mother and younger brother.  Roberto takes care of all household expenses like electricity and water.  

Roberto is very well known in the zone and by his fellow workers as a responsible, correct person since he, as the older brother, sees to his younger brother and is concerned that he completes his schooling. One of his greatest wishes is that his younger brother completes high school and later on a career.

On this occasion he’s asking for a loan to buy building materials because the roof on one of his mother’s house’s rooms is leaking and he wants to repair it before the rainy season starts.
",0.0,1.0,to buy building materials.,0,2011,40.37052083333333,,Services,1.0,Yes,Yes,No,No,Yes,Yes,Yes
150412,male,1,individual,Food,225.0,8,119,Asociación Arariwa,2009-11-08T22:49:35Z,"Walther Isidoro is part of a communal bank consisting of 19 members in Cruz Pata, a town 45 minutes from Cusco.  The group is called Sacro.  He is from Huancayo and lives in Cruz Pata.  He is 48 years old and is married with 5 daughters.

Walther has a bakery where he makes baked goods like cakes and apple pies.  He sells his goods to stores and to tourists. Walther has many regular clients who continue to buy from him. He will use this loan to buy flour and other materials needed by his bakery.

Walther appreciates and thanks you for the loan and promises to pay the monthly payments on time.",0.0,1.0,To buy flour and other raw materials needed for his bakery,0,2009,0.1800578703703703,,Food & Trade,1.0,Yes,Yes,No,No,Yes,Yes,Yes
211543,male,1,individual,Agriculture,300.0,12,98,AFODENIC,2010-07-06T07:16:34Z,"Señor Juan José C. A. is an adult male of 71 years.  He is married and his wife is dedicated to working on the family farm.  They have 9 children of legal age who are independent and also work in agriculture, thanks to the teaching given by their father who directed them so that they are worthy of the work.

Juan has 42 years of experience in raising pineapple.  Among their needs and/or projects for the future is to carry out a study of their land, since various factors have caused variety of problems that prevent good production.  It is for this reason that he requests a loan for the purchase of agricultural materials that will permit good maintenance of his crop.  Above all in the future he hopes to be able to improve their family economy little by little, and in this way to pass on to their children a good source of income for their lives.  

<br /><p><strong>Translated from Spanish by Barbara (B) Brown, Kiva Volunteer</strong></p>",0.0,1.0,To buy agricultural materials for his pineapple crop,0,2010,4.733692129629629,,Agriculture,1.0,Yes,Yes,No,No,Yes,Yes,Yes
249712,male,1,individual,Food,750.0,17,167,PADECOMSM,2010-12-17T04:19:41Z,"José David is 38 years old.  He owns a basic grains store where he sells coffee, corn, rice and beans.  He lives with his wife and two children aged 8 and 10.  He has been running this business for two years, offering his neighbors and customers all kinds of basic grains which are so necessary in every household.

He is requesting ta loan to invest in his business since he would like to buy grains in large quantities and the only way to achieve this is by obtaining a loan.  This will help his business and offer his customers a better service.

With regard to the loan, he hopes his investment will pay off, that his business will be stable and that it provides him with the necessary income to have a comfortable life with his family.",0.0,1.0,"To buy coffee, beans, corn and rice",0,2010,27.27738425925926,,Food & Trade,1.0,Yes,Yes,No,No,No,Yes,Yes
212215,female,1,individual,Retail,300.0,6,119,Asociación Arariwa,2010-07-05T23:53:40Z,"Vicentina belongs to the communal bank ""Arcangel Gabriel.""  She lives in the Huanchac district of Cusco province, in the department of Cusco.  

Vicentina is 51 years old, married, and has 2 children aged 25 and 16.  She works in retail trade, buying plaster at wholesale and selling it from her house.  She sells material that is used to plaster the walls of homes and provide finishing touches to the home.  She is a retired teacher.  She is requesting this loan to buy more plaster at wholesale.

Vicentina appreciates and is infinitely thankful for the loan that was granted, which will allow her to grow her business and improve her quality of life.  She pledges to make each of her payments according to the established schedule.

<br /><p><strong>Translated from Spanish by Lisa Grobar, Kiva Volunteer</strong></p>",1.0,0.0,to buy plaster at wholesale to sell at retail,0,2010,0.2108564814814814,,Food & Trade,1.0,Yes,Yes,No,No,No,Yes,Yes
312262,female,1,individual,Agriculture,750.0,6,119,Asociación Arariwa,2011-07-03T16:58:07Z,"Introducing Elena Emperatriz, a member of “RICHARY ANTEÑA”, a Communal Bank located in Anta, a district of the Anta province, in the Cusco department.

Elena Emperatriz is 70 years old, she is single and has 2 children. She alternates her daily chores with her activity: she sells animals such as livestock, sheep and pigs. She sells them in the different fairs of the Anta province. She wishes to increase and improve her animals sale activity, and she is requesting a loan to buy animals and animal feed.

She is happy about the loan and she commits to complying with the repayment of her dues.
",1.0,0.0,To buy animals and animal feed.,0,2011,3.2347453703703706,,Agriculture,1.0,Yes,Yes,No,No,Yes,Yes,Yes
356114,female,1,individual,Retail,575.0,6,119,Asociación Arariwa,2011-11-15T21:22:03Z,"This member belongs to the “MOSOQ ALLPA” communal bank, which is located in Cusco district, part of Cusco province and department.

Sra. Kelly is 40 years old and married with three children.  She divides her daily activities between two jobs. She has a shop where she sells school books from 8 a.m. to 6 p.m. and she also sells beauty products such as perfume, face creams and lipstick. Through these businesses she is helping her children get ahead and she would like to expand and improve both of them. She is requesting a loan to purchase books as well as perfume, face cream and lipstick, wholesale.

Kelly is happy about the loan and is committed to making her payments on time. 
",1.0,0.0,"to buy books wholesale as well as perfume, face cream and lipstick.",0,2011,1.772037037037037,,Food & Trade,1.0,Yes,Yes,No,No,Yes,Yes,Yes
190983,female,32,group,Food,4350.0,7,162,Turame Community Finance,2010-04-05T22:32:51Z,"Dancile B. is 36. She is married and the mother of 6 children of whom four are girls. The oldest girl is 13 and studies in 7th grade. The youngest is a boy of 11 months. Dancile hopes that her children will finish their studies successfully and that they will be leaders. She has done so much for them so she hopes one day to be driven around town in their car and treated like a queen. 

In her everyday life, she runs up against challenges relative to feeding the family, paying school fees, and paying for medicine for her eyes. The money she earns is enough to support them thanks to the business she began in the year 2000. 

Since then, Dancile has been the owner of a kiosk in Gihosha where she sells groceries and various other items. The most lucrative are dried beans, palm oil, and sugar. She also grows beans, maize, sweet potatoes, and manioc. She will use the loan to buy products to sell in her little store. <br /><p><strong>Translated from French by Teresa Kramer, Kiva Volunteer</strong></p>",30.0,2.0,purchasing groceries to sell in her little store,0,2010,1.7797337962962962,,Food & Trade,0.875,Yes,Yes,No,No,No,Yes,Yes
226327,female,1,individual,Retail,1025.0,12,148,Association for Rural Development (ARD),2010-08-29T19:34:28Z,"Betty K. is a businesswoman who trades in cosmetics at Gbongo Market in Bo. Betty is married and has three children. All the children are in primary school. She assists her husband greatly in taking care of the home, especially with the schooling of the children.

Betty has a very good credit history in one of the solidarity groups. She needs a loan of 4,000,000 Sierra Leone Leones to help her stock her shop as she has more customers this season. She thanks you for supporting her.

",1.0,0.0,To buy cosmetics for resale,0,2010,1.635,,Food & Trade,1.0,Yes,Yes,No,No,No,Yes,Yes
364696,female,1,individual,Arts,1025.0,20,151,Fundación Mujer,2011-11-29T22:09:45Z,"Damaris is 47 years old and lives with her husband and three children in the Fray Casiano, Puntarenas zone, a poor neighborhood with many limitations.  She’s been doing arts and crafts for 10 years and presents herself as being someone with a great desire to succeed.  She constantly trains to offer her clients high quality products.  She embroiders purses, appliance covers, bath items, and quality decorations for birthday parties and other events, such as first communions and baptisms.  She’s widely known within the zone, for being dedicated to this work and she is not short of customers throughout the year.

She began by buying a small quantity of materials with her husband’s help.  She started training herself and improving her techniques and ended up diversifying her production, increasing her number of customers, and increasing her income.  The objective of this loan is to buy supplies and repair a sewing machine to be able to offer better quality products.

She works throughout most of the day.  Her oldest daughter studies at university and her younger children attend school.  Her day begins with her preparing their lunches for school.  Because of the large number of orders, she works late into the night.  She has to work by hand, but once the sewing machine is fixed, she will be able to speed up and increase her production, and have more time to spend with her family.

The main limiting factor has been lack of money, but this opportunity for a loan will allow her to have the capital she needs to buy supplies, increase her production, and make her dream of fixing up her house come true.
",1.0,0.0,to buy art supplies.,0,2011,0.0,,Production & Construction,1.0,Yes,Yes,No,No,No,Yes,Yes
335302,male,1,individual,Retail,900.0,15,98,AFODENIC,2011-10-15T15:17:11Z,"Simón is married; his children are students and his wife works in retail.  They have been able together to move ahead in life to provide their family with a better standard of living.  

His plans are to improve the infrastructure of his home.  His business consists of selling pig-meat, firewood, and other food-related products. With the loan, he will buy merchandise such as pigs (of the Creole breed), firewood, charcoal, kerosene, and other things.  This will get him better earnings for investing in his home.

He is grateful to the financial institution for the support in developing his business.",0.0,1.0,to buy merchandise.,0,2011,29.21327546296296,,Food & Trade,1.0,Yes,Yes,No,No,No,Yes,Yes
178281,female,1,individual,Food,550.0,8,119,Asociación Arariwa,2010-02-22T01:21:07Z,"Clotilde is 22 and single.  She is part of the Once de Mayo-Huancarani Communal Bank of the Arariwa Association.  Clotilde works in her grocery store in the Huancarari market on Sundays.  She sells food.  Monday through Friday she works for PRONEI (National Program of Early Education) as a teacher.

A year ago Clotilde opened a store in her house where she sells handicrafts.  Her father makes the handicrafts, and Clotilde sells them.  Some of the things he makes are woolen sweaters and pants.  Her father has been in the handicraft business for 14 years.  It has gone very well for him thanks to the effort he puts into his work.

Clotilde needs a loan for 1,500 PEN to buy food like rice, sugar, noodles, soft drinks, and milk.  Clotilde is grateful for the opportunity of the loan, and she promises to pay it on time. 
<br /><p><strong>Translated from Spanish by Ginny Kalish, Kiva Volunteer</strong></p>",1.0,0.0,"Buy rice, sugar, noodles, soft drinks, and milk",0,2010,0.2506712962962963,,Food & Trade,1.0,Yes,Yes,No,No,No,Yes,Yes
186131,male,1,individual,Agriculture,1000.0,12,100,CJSC Bank Imon International,2010-04-04T13:50:09Z,"M. Sohibjon is 41 years old, married, and has two children. He sells cattle and, as a rule, purchases small cattle in the central market, feeds them, and than resells them at higher prices in the local market. Having been in this business for ten years, Sohibjon knows very well how to choose the animals, breed them and look after them. He gets up early every morning in order to feed the animals and look after them. His knowledge and skills allow him to make his business successful and generate a stable and considerable income for his large family. Sohibjon has a large and friendly family who are always trying to help each other.
<br>Today, knowing that prices for animals are not so high now, but will increase for sure, Sohibjon is planning to enlarge his stock and purchase cattle. With this purpose in mind, he is requesting $1000 USD. You could become an important part of Sohibjon's family's life. He deeply appreciates the trust and support you are giving him.      
<p>
<b>More about Tajikistan</b><br>
Tajikistan, a key post on the Silk Road, is perhaps best known for its rich history. It was the location for the end of Alexander the Great's rule, and is known for its great thinkers, philosophers, scientists and poets such as Rudaki, Ibn Sina (Avicenna), Firdousi, Omar Haiyam, Jomi, Mavlavi Rumi and many others. The country, with its epic mountain passes, is home to communities that still speak the ancient Sogdian language and a civilization that dates back to the fourth millennium BC. Even today, it is a complex mix of the Islamic faith, Soviet culture, New West culture and Central Asian traditions.
<br>However, Tajikistan is also the poorest of the former Soviet republics. The civil war, which ignited soon after its independence from the USSR, damaged the already weak economy. In addition, 93 per cent of the country is mountainous and only 7 per cent of the land is arable. These conditions have resulted in high levels of unemployment and have forced hundreds of thousands of people to seek work in other countries, mainly Russia. While the people of Tajikistan are working to improve its agricultural production and manufacturing sector, nearly two-thirds of the population still live in abject poverty.
<p>
<b>More about IMON International</b><br>
Since December 2007, IMON International has worked closely with Kiva and Kiva lenders to ensure that poor and low-income clients represent a viable business proposition. Funds raised through Kiva have already been distributed to thousands of IMON International's clients and will continue to provide thousands more with permanent access to the varied financial services they need. To learn more about IMON International's work, please visit: <a href=""http://www.imon.tj""> www.imon.tj </a>
",0.0,1.0,To purchase cattle to expand his business,0,2010,16.243125,,Agriculture,1.0,Yes,Yes,Yes,Yes,Yes,Yes,Yes
385000,male,1,individual,Agriculture,525.0,14,98,AFODENIC,2012-02-04T23:10:37Z,"Don José has been farming for several years, specializing in growing cassava.  The main challenge he has faced is to the total loss of products as a result of the heavy rains that have affected a large part of the country.  His plants have deteriorated and have not been able to develop.  Thanks to his harvest of beans, José has been able to submit his payments on time and maintain his loan.  
<p>
However, he is running out of money required for him to continue working his land.  This is the source of financial income by which he is able to maintain his family.  He needs support so that he can buy fertilizers and supplies to restore his cassava crop and help his family move forward.  
",0.0,1.0,to buy fertilizers and farming supplies.,0,2012,3.130833333333334,30.0,Agriculture,1.0,Yes,Yes,No,Yes,Yes,Yes,Yes
407806,female,1,individual,Retail,500.0,6,119,Asociación Arariwa,2012-03-31T15:08:07Z,"This associate continues working in the grocery store business and also continues dedicating herself to the business of handicrafts.  She sells caps, sweaters and pants.  Through these businesses the associate gets her kids ahead.  Her dream is to grow the business selling handicrafts and groceries.  She is asking for credit in order to purchase sweaters, gloves and pants and also to buy products to stock the grocery store like rice, sugar, milk and oil.  

She is happy for the loan and promises to complete all of the loan payments.

",1.0,0.0,"To purchase sweaters, gloves and pants and also to buy products to supply a grocery store like rice, sugar, milk and oil.",0,2012,3.088900462962963,29.99997685185185,Food & Trade,1.0,Yes,Yes,No,No,No,Yes,Yes
348686,female,1,individual,Housing,1700.0,14,100,CJSC Bank Imon International,2011-11-18T08:40:42Z,"Marhabo is married and has children, daughters-in-law and grandchildren.  Her husband works as a taxi driver.  Marhabo is a multidisciplinary entrepreneur.  She is involved in fattening up livestock, growing tomatoes and selling unprocessed rice.  She has a large family, and it is not always possible to provide abundance for them.  Marhabo wants to obtain a loan to build a house and improve her family's well-being.  She hopes that her loan will be approved.",1.0,0.0,to build a house,0,2011,17.02519675925926,,Production & Construction,1.0,No,Yes,No,Yes,Yes,Yes,No
418436,female,1,individual,Food,1050.0,8,148,Association for Rural Development (ARD),2012-05-25T14:33:11Z,"This is 35-year-old Memuna. She is married, and has 4 children aged 17 yrs, 12 yrs, 9 yrs and 6 yrs. In 1998, Memuna established her food stuff business. While she was with her mother, Memuna became interested in business because her mother was a small-scale trader. When she got married she decided to start her own business to help her husband support their family. Working 6 days a week and 12 hours a day, she earns about Le 900,000 every month from this business. 

She would like a loan in the amount of Le 4,500,000. Memuna requires a loan in order to buy maggi, onions and rice for her business. She hopes that this loan will enable her to increase her monthly profits by approximately Le 350,000. In the future, Memuna plans to educate her children to university level. Memunatu is honest and hardworking. She thanks you for your support.
",1.0,0.0,"To buy maggi, onions and rice for her business",0,2012,27.932696759259255,30.0,Food & Trade,1.0,Yes,Yes,No,No,No,Yes,Yes
328267,female,1,individual,Food,450.0,9,98,AFODENIC,2011-08-26T14:27:01Z,"Maria has been a merchant for 11 years, having established a general store in which she continues to introduce a great variety of products, hoping for better sales. At the outset, she did this with money she had saved.

Maria is the mother of 3 children and she has had to pay for their studies, since she can't count on assistance from their father. It is difficult but one has to learn how to forge ahead for the family.

Maria has received various loans with Afodenic, a great satisfaction for her, since she has achieved equilibrium in sales and has acquired steady customers.

Today, with this new loan, Maria will invest in new products to continue augmenting sales – items such as basic grains, Coca Cola products, sweets, chicken, meat, and dairy products among others.",1.0,0.0,"invest in products that increase sales, buying basic grains, dairy products, meat, and chicken -- items most in demand by customers.",0,2011,3.004814814814815,,Food & Trade,1.0,Yes,Yes,No,No,No,Yes,Yes
239592,female,1,individual,Services,300.0,10,110,Emprender,2010-10-20T14:43:25Z,"Katia is single and she has no children. She lives with her mom, although she is independent.  She has her own source of income. She makes traditional clothing and other garments. She also embroiders clothing in a shop she has rented. She has a good client base, especially because she has contracts with the schools that use uniforms and outfits for various festivities. The loan will be used as working capital to purchase inventory for her business. She is very grateful with the organization for the support provided. ",1.0,0.0,To purchase fabrics to make uniforms.,0,2010,0.0578009259259259,,Services,1.0,No,Yes,No,No,No,Yes,Yes
207372,female,1,individual,Clothing,250.0,8,98,AFODENIC,2010-07-03T05:01:21Z,"Aditza is a very hard-working woman; she has two children.  She is very low-income but very eager to work.  Several years ago she set up a clothing sales business; she sells t-shirts, nightgowns, women’s and men’s underwear door-to-door.

Her husband is a security guard and even though his salary is low the work is permanent.  Her house is small and still made of very old boards; her floor is dirt.  She hasn’t made any home improvements because she has lacked funds to do so because what she borrows she prefers to invest in her business in order to earn income to help her family.

She hopes in the future to be able to make home improvements.

She will use this funding to buy: boxer shorts, bikinis, ankle socks, men’s undershirts, etc.
<br /><p><strong>Translated from Spanish by Michael Bujazan, Kiva Volunteer</strong></p>",1.0,0.0,To buy stock merchandise.,0,2010,1.917326388888889,,Food & Trade,1.0,Yes,Yes,No,No,No,Yes,Yes
312634,female,1,individual,Food,375.0,8,119,Asociación Arariwa,2011-07-07T05:15:43Z,"Julia, 28, is a member of the “Cristo Asención de Rumichaca” communal bank which is located in Urubamba District belonging to Urubamba Province, Cusco Department.

She’s single and has a son.  She alternates her daily chores with selling ceviche, which is a dish made from fish with lemon and peppers served with sweet potato, in Urubamba’s market from 9am until 4pm.  She wants to expand the business and is asking for a loan to buy ingredients to make ceviche like lemons, sweet potatoes and peppers.

She is happy with the loan and commits to make her installment payments.
",1.0,0.0,to buy ingredients to make ceviche.,0,2011,2.7747916666666668,,Food & Trade,1.0,Yes,Yes,No,No,Yes,Yes,Yes
182768,female,1,individual,Transportation,150.0,15,61,MAXIMA Microfinance,2010-03-05T19:53:05Z,"Mrs. Leakhena T., age 33, and her husband, Mr. Yeun Yem, age 35, have been married since 1998 and have two daughters. One of them attends school and other one is still young. The family lives in a small village of National Road Number 2 about 20 kilometers from Phnom Penh.

Leakhena has been selling vegetables for two months. She buys them from her village and transports them to sell in Takhmao market about 10 kilometers from her house. Her husband has been a traditional musician for five years as well.  

Leakhena is requesting a loan of US$ 150 to purchase a trailer to carry the vegetables for resale.
",1.0,0.0,To purchase a trailer to carry her vegetables for resale,0,2010,0.0,,Services,1.0,Difficult to tell,Yes,No,No,No,Yes,Yes
280511,female,1,individual,Agriculture,725.0,8,119,Asociación Arariwa,2011-03-15T11:41:48Z,"The associate belongs to the ” SILKINCHANY” communal bank.  The bank is located in the San Jerónimo district,  which belongs to the province of Cusco and department of Cusco.

The associate is Señora Fortunata.  She is 54 years of age, married and has 4 children.  The associate fills her daily activities with the business of raising guinea pigs and chickens in order to later sell them to her clients.  At the same time, the associate is dedicated to agriculture. She sows potatoes and corn, among other crops, and later sells them on foot in the markets and to clients who ask for her.  The associate is a very happy and responsible person.

The associate requests the loan to purchase food for her animals such as grass, corn and alfalfa, among others, and also fertilizer and pesticides for her small farm. 

The associate is happy for the loan and promises to comply with the payment schedule. ",1.0,0.0,"to buy food for her animals such as grass, corn, and alfalfa, among others, and also fertilizer and pesticides for her small farm.",0,2011,4.105381944444445,,Agriculture,1.0,Yes,Yes,No,No,Yes,Yes,Yes
143839,male,1,individual,Agriculture,2000.0,12,100,CJSC Bank Imon International,2009-10-24T14:58:38Z,"S. Khudoyor was born in 1966 in Kumsangir district, where he now works as a farmer. He is married and has 4 children. His main business is agriculture, which provides him with the means to meet the needs of his family. Khudoyor owns a large piece of land where he cultivates different kinds of vegetables but due to the poor quality of the soil and the insects, he is no longer able to satisfy market demand. Very hard-working, he is asking for a loan of $2000 USD to buy seed, mineral fertilizer, fuels and lubricants . The loan will greatly improve Khudoyor’s income and his family's living standards. Khudoyor expresses his gratitude to everyone for supporting him and promises to repay the loan in time.      


More about Tajikistan and IMON International

Tajikistan is known for its rich history, which includes a key post along the Silk Road and the end of Alexander the Great's rule. It has also produced great thinkers, philosophers, scientists and poets, including Rudaki, Avicenna, Ferdowsi, Omar Khayyam, Jomi, and Rumi. The country is home to communities that still speak the ancient Sogdian language, epic mountain passes, and a civilization that dates back to the 4th millennium BC. And, even today, it is a complex mixture of the Islamic faith, Soviet culture, New West culture and Central Asian traditions.

But Tajikistan is also the poorest of the former Soviet republics. The civil war, which ignited soon after its independence from the U.S.S.R., further damaged the already weak economy. In addition, 93% of the country is mountainous and only 7% of the land is arable. These conditions have resulted in high levels of unemployment and have forced hundreds of thousands to seek work in other countries, mainly Russia. While the people of Tajikistan are working to improve its agricultural production and manufacturing sector, nearly two-thirds of the population still live in abject poverty.

IMON's History

Since December 2007, IMON International has worked closely with Kiva and Kiva lenders to ensure that poor and low income clients represent a viable business proposition. Funds raised through Kiva have already been distributed to thousands of IMON International's clients and will continue to provide thousands more with permanent access to the varied financial services they need. To learn more about IMON International's work, please visit: www.imon.tj
",0.0,1.0,"Purchasing seed, mineral fertilizer, fuels and lubricants",0,2009,11.130775462962964,,Agriculture,1.0,Yes,No,No,No,Yes,No,No
110620,male,1,individual,Agriculture,1000.0,14,100,CJSC Bank Imon International,2009-05-28T20:54:57Z,"K. Ikromjon is a very courageous man who is characterized as someone who can manage tough jobs like raising cattle and agriculture. He's the father of three adult children and has the responsibility of supporting his family and providing them with everything that they need. In spite of his difficult economic situation, and after much time, Ikromjon has been able to get ahead in his business through the purchase of cattle to breed on his property. His greatest goal nowadays is to improve his economic situation and provide a better way of life for his family. It's for this reason that Ikromjon comes to IMON International for loans for the purchase of animals so that he may breed them.    


More about Tajikistan and IMON International

Tajikistan is known for its rich history, which includes a key post along the Silk Road and the end of Alexander the Great's rule. It has also produced great thinkers, philosophers, scientists and poets, including Rudaki, Avicenna, Ferdowsi, Omar Khayyam, Jomi, and Rumi. The country is home to communities that still speak the ancient Sogdian language, epic mountain passes, and a civilization that dates back to the 4th millennium BC. And, even today, it is a complex mixture of the Islamic faith, Soviet culture, New West culture and Central Asian traditions.

But Tajikistan is also the poorest of the former Soviet republics. The civil war, which ignited soon after its independence from the U.S.S.R., further damaged the already weak economy. In addition, 93% of the country is mountainous and only 7% of the land is arable. These conditions have resulted in high levels of unemployment and have forced hundreds of thousands to seek work in other countries, mainly Russia. While the people of Tajikistan are working to improve its agricultural production and manufacturing sector, nearly two-thirds of the population still live in abject poverty.

IMON's History

Since December 2007, IMON International has worked closely with Kiva and Kiva lenders to ensure that poor and low income clients represent a viable business proposition. Funds raised through Kiva have already been distributed to thousands of IMON International's clients and will continue to provide thousands more with permanent access to the varied financial services they need. To learn more about IMON International's work, please visit: www.imon.tj
",0.0,1.0,To purchase cattle,0,2009,6.031145833333333,,Agriculture,1.0,Yes,No,No,Yes,No,No,No
252589,male,1,individual,Agriculture,3000.0,14,100,CJSC Bank Imon International,2010-12-23T17:16:40Z,"Olimkhon K. is a 44 year old married man who lives with his 4 children and wife and owns a cattle breeding business. Olimkhon has 7 years of experience in this field. Since cattle raising and selling is a profitable business, Olimkhon has become a very successful businessman. Olimkhon has a friendly family who are always trying to help each other. He works very hard and spends his weekend time with the cattle, cleaning them, feeding and pasturing. Now, Olimkhon wants to expand his business and buy more cattle. So that Olimkhon applied for a loan of $3,000 USD. He promises to repay the loan without any violation and thanks all lenders for their support. 


More about Tajikistan and IMON International:

Tajikistan is known for its rich history, which includes a key post along the Silk Road and the end of Alexander the Great's rule. It has also produced great thinkers, philosophers, scientists, and poets, including Rudaki, Avicenna, Ferdowsi, Omar Khayyam, Jomi, and Rumi. The country is home to communities that still speak the ancient Sogdian language, epic mountain passes, and a civilization that dates back to the 4th millennium BC. And, even today, it is a complex mixture of the Islamic faith, Soviet culture, New West culture and Central Asian traditions.

But Tajikistan is also the poorest of the former Soviet republics. The civil war, which ignited soon after its independence from the U.S.S.R., further damaged the already weak economy. In addition, 93% of the country is mountainous and only 7% of the land is arable. These conditions have resulted in high levels of unemployment and have forced hundreds of thousands to seek work in other countries, mainly Russia. While the people of Tajikistan are working to improve its agricultural production and manufacturing sector, nearly two-thirds of the population still live in abject poverty.

IMON's History:

Since December 2007, IMON International has worked closely with Kiva and Kiva lenders to ensure that poor and low income clients represent a viable business proposition. Funds raised through Kiva have already been distributed to thousands of IMON International's clients and will continue to provide thousands more with permanent access to the varied financial services they need. To learn more about IMON International's work, please visit: www.imon.tj
",0.0,1.0,Purchasing small cattle for developing business,0,2010,27.011458333333337,,Agriculture,1.0,Yes,No,No,Yes,No,No,No
488792,female,1,individual,Services,400.0,8,119,Asociación Arariwa,2012-11-11T20:47:56Z,"Maria Luisa is 66 years old, married, and has six children.  She has a sewing business in which she produces trousers, skirts, dresses, and blouses.  Maria Luisa works from 8:00 A.M. to 6:00 P.M.  She has been in business for 40 years.  Her dream is to expand her sewing business.  
<p>
Maria Luisa is requesting a loan in order to buy fabrics, scissors, and thread.  She is pleased with the loan and promises to complete her payments.  


",1.0,0.0,"to buy fabrics, scissors, and thread.",0,2012,7.047175925925926,30.0,Services,1.0,Yes,Yes,No,No,No,Yes,Yes
80167,male,1,individual,Agriculture,1200.0,14,100,CJSC Bank Imon International,2009-01-16T12:46:54Z,"Toshmamad B. is 50 years old. He is married and the father of 6 children. Toshmamad is a hardworking and enterprising man who constantly tries to do things better and improve day after day. He works hard in his fields, where he spends as much time as possible providing the necessary care, fertilizing his land and spraying to prevent diseases that might affect his yields. Toshmamad needs tools and fertilizers to continue his difficult work of tending his crops so that they can be taken to the capital city for sale. That's why he's applying for a loan of 4000 Somoni ($1,200) for the term of 12 months. Together we can reach out our hands to help Toshmamad!  

More about Tajikistan and IMON International

Tajikistan is perhaps best known for its rich history, which includes a key post along the Silk Road, the end of Alexander the Great's rule, and the birthplace of the great Persian poet Rudaki and the most famous Islamic philosopher Ibn Sina (Avicenna). The country is home to communities that still speak the ancient Sogdian language, epic mountain passes, and a civilization that dates back to the 4th millennium BC.  And, even today, it is a complex mixture of the Islamic faith, Soviet culture, and Central Asian traditions. But Tajikistan is also the poorest of the former Soviet republics.  The civil war, which ignited soon after its independence from the U.S.S.R., further damaged the already weak economy.  In addition, 93% of the country is mountainous and only 7% of the land is arable.  These conditions have resulted in high levels of unemployment and have forced hundreds of thousands to seek work in other countries, mainly Russia.  While the people of Tajikistan are working to improve its agricultural production and manufacturing sector, nearly two-thirds of the population still live in abject poverty. 

IMON's History
Since December 2007, IMON International has worked closely with Kiva and Kiva lenders to ensure that poor and low-income clients represent a viable business proposition. Funds raised through Kiva have already been distributed to thousands of IMON International's clients and will continue to provide thousands more with permanent access to the varied financial services they need.",0.0,1.0,"Purchasing of mineral fertilizer, plus fuels and lubricants for tools",0,2009,2.0806828703703704,,Agriculture,1.0,Yes,Yes,Yes,No,Yes,Yes,Yes
106419,male,1,individual,Agriculture,325.0,14,98,AFODENIC,2009-05-11T15:07:43Z,"Mr. José Francisco S. is 62 years old and lives in the San Franciso district with his wife, who helps him with farm work and running the household.  They have five children, all married, who help him with household expenses.  His plan for his family is to be able to improve his crops and to be able to buy some land, in order to give each of his children an equal part.  José  has been farming for 50 years.  He began on his own in order to feed his five children.  With financing, he is going to buy fertilizers and supplies to improve his crops and to be able to get a good yield.<br /><p><strong>Translated from Spanish by Heidi Petersen, Kiva Volunteer</strong></p>",0.0,1.0,To buy supplies and fertilizers to get a good yield.,0,2009,2.1302777777777777,,Agriculture,1.0,Yes,Yes,No,No,Yes,Yes,Yes
166189,male,1,individual,Agriculture,1000.0,15,61,MAXIMA Microfinance,2010-01-03T13:12:55Z,"Mr. Sokha Pok (pictured in the photo), 49, and his wife, Mrs. Mom Rong, 38, live along National Road Number One about 20 kilometers from Phnom Penh City. They have been married since 1993 and have three sons, all of whom study in the local school. 

Sokha and his wife have been growing cauliflower and green beans on their farm for more than three years. In addition, Sokha wants to supplement his income with another business: raising pigs. He will be able to get extra income from the new business. Therefore, he is asking for a loan of $1,000 to buy piglets to raise. He also will use part of the loan to purchase fertilizer and pesticides for his farm.
",0.0,1.0,"To buy piglets, fertilizer and pesticides",0,2010,2.216064814814815,,Agriculture,1.0,Yes,Yes,No,No,Yes,Yes,Yes
91721,female,1,individual,Agriculture,1000.0,14,100,CJSC Bank Imon International,2009-02-25T22:29:48Z,"T. Sanabar is 46 years old. She works purchasing and reselling cows with her children. She has five children. 
<p>
Sanabar would like to request a loan of $1000 USD for a term of 12 months in order to purchase additional cows to increase her inventory and meet customer demands. She believes this will lead to greater revenue and, ultimately, greater profit for her family. In the future, she would like to reinvest the earnings generated by this loan back into her business to purchase additional cows and increase her income further. She plans to use the increased income to fund her children’s education. You could become an important part in Sanabar family's life, and she deeply appreciates the trust and support you are giving her. 
<p>
More about Tajikistan and IMON International
<p>
Tajikistan is one of the poorer of the 15 former Soviet republics, with a GDP per capita of less than $600. The civil war, which took place soon after its independence from the U.S.S.R., severely damaged the already weak economic infrastructure and caused a sharp decline in agricultural production and the manufacturing sector.  In addition, 93% of the country is mountainous and only 7% of the land is arable.  All of these factors have resulted in a severe lack of jobs and have forced hundreds of thousands to leave Tajikistan to find work in other countries, mostly in Russia.  While Tajikistan has experienced some economic growth since the end of the Civil War, nearly two-thirds of the population still lives in abject poverty. 
<p>
IMON International's mission is to promote sustainable economic development and improved quality of life in Tajikistan by insuring reliable access to financial services for the economically active members of the population. IMON International has 8 branch offices throughout Tajikistan, and its entrepreneurs work in many parts of the country's economic sector, including trade, manufacturing, agriculture, and services. As of October 2008, IMON International had 27,802 active clients and a total portfolio of $28,405,549.  Approximately 44% of these clients are women and 65% are from rural areas.  To learn more about IMON International's work, please visit: www.imon.tj.




",1.0,0.0,To purchase the cattle to expand her business.,0,2009,0.1595138888888889,,Agriculture,1.0,Yes,Yes,Yes,No,Yes,Yes,Yes
243543,male,1,individual,Services,800.0,14,110,Emprender,2010-11-01T01:59:18Z,"Benicio lives in the San Antonio neighborhood of Plan 3000 region.  He lives in his in-laws' house.  He has one child.  His wife works in the market where she is in charge of sales at a hardware stall.  Benicio has a photo studio in a very busy street in the area.  He has a computer and two printers on which he does his work.  He is requesting a loan to purchase a better printer for his photo studio and a scanner.  Benicio, with the support of his wife, works hard every day to get ahead.  He is a very responsible and hard-working person.  He is very grateful to the organization for the support which it has given him.",0.0,1.0,A printer for his photo studio and a scanner,0,2010,2.3744444444444444,,Services,1.0,Yes,Yes,No,No,No,Yes,Yes
339613,female,1,individual,Food,800.0,20,199,CrediCampo,2011-09-27T09:53:01Z,"Sra. Alejandra is 45 years old and a single mother with three children.  For the past seven years, she has been selling “<a href=""http://en.wikipedia.org/wiki/Pupusa"" target=""_blank"" >pupusas</a>” (a traditional dish in El Salvador).  She learned this trade from her mother.  
<p>
In order to acquire the supplies needed to make “pupusas”, Alejandra must travel 40 minutes by bus to a city in the eastern part of the country.  She buys her products in this area because the prices are better. 
<p>
Sra. Alejandra is requesting a loan from Fundación Campo to buy corn, beans, and other ingredients needed to make “pupusas”.  In addition, she wants to make repairs to the place where she sells her product, which currently consists of an arbor made of banana leaves and is located on the other side of the street where she and her children live.  Even though her business gets soaked when it rains, the location is a strategic place for selling since buses pass through that area and people traveling from other cities buy her food.  
<p>
With the help of this loan, Alejandra hopes to generate more income for herself and her children so that they will have financial security for a better life.  In the future, Sra. Alejandra wants to raise pigs and have her children help her so that they will have another source of income.  This will help them to continue improving their living conditions.  


",1.0,0.0,"to purchase corn, beans, and other ingredients.",0,2011,0.1339236111111111,,Food & Trade,1.0,Yes,Yes,No,No,Yes,Yes,Yes
293116,male,1,individual,Services,700.0,12,148,Association for Rural Development (ARD),2011-04-27T09:02:38Z,"Mohamed Unisa, age 39, established his mobile phone and accessories business in 2006.  Working seven days a week and 11 hours a day, he earns about Le 500,000 every month from this business. He and his wife have one child. He also has one additional dependent who lives with the family. 

He would like to request a loan in the amount of Le 3,000,000  in order to buy more mobile phones and accessories to offer for sale. He hopes that this loan will enable him to increase his monthly profits by approximately Le 200,000.  In the future, Mohamed Unisa plans to build a house, buy a car, and transform his kiosk into a much larger shop. He hopes to be able to educate his child to university level.   

He thanks you for your support.",0.0,1.0,to buy more mobile phones and accessories to offer for sale,0,2011,2.682349537037037,,Services,1.0,Yes,Yes,No,No,No,Yes,Yes
105196,male,1,individual,Housing,450.0,12,98,AFODENIC,2009-05-05T18:09:15Z,"Francisco Javier C. Ríos is 38 years old and lives in the Juan Ramon Padilla neighborhood of the city of Ticuantepe together with his wife, who works as a shopkeeper in order to help help with the household expenses. They have two dependent children, a 14 year old girl and a 10 year old boy, both of whom are currently elementary school students. Their plans for the family are to give the children better living conditions in order to improve their wellbeing.  Francisco has worked for 8 months as a security guard for INTA. He is requesting financing in order to buy construction materials since he wants to improve part of the family home, which is current made of wooden planks and zinc sheeting. He wants to have concrete walls and to give his family a decent home.<br /><p><strong>Translated from Spanish by Erin Corcoran, Kiva Volunteer</strong></p>",0.0,1.0,To buy construction materials in order to add concrete walls to his home.,0,2009,2.610497685185185,,Production & Construction,1.0,Yes,Yes,No,No,Yes,Yes,Yes
453654,male,1,individual,Construction,400.0,8,119,Asociación Arariwa,2012-07-30T03:57:49Z,"
Percy, 21, lives in the city of Huambutio.  He’s a member of Asociación Arariwa’s “Virgen Del Carmen De Huambutio” communal bank and he does very well thanks to the prompt payment of his installments.  He works for a public institution but in his free time works building houses and on other construction jobs.  On this occasion he needs the loan to buy work supplies like cement, wood and other things.  He is grateful for the loan and commits to make his installment payments as scheduled.
   ",0.0,1.0,"to buy work supplies like cement, wood and others.",0,2012,2.401226851851852,30.0,Production & Construction,1.0,Yes,Yes,No,No,Yes,Yes,Yes
437045,female,1,individual,Food,500.0,14,167,PADECOMSM,2012-07-14T02:00:37Z,"Patricia is requesting a new loan to buy dairy products such as cheese, cream, curd, and cottage cheese, which are all in demand at her business. She believes these loans have given her more strength to maintain her sales.

With the previous loan, she was able to make a good investment, which allowed her to continuously have dairy products available. This gives her more sales opportunities and the ability to gain customers.",1.0,0.0,"to buy cheese, cream, curd, and cottage cheese",0,2012,29.993472222222223,30.0,Food & Trade,1.0,Yes,Yes,No,No,Yes,Yes,Yes
404347,female,1,individual,Retail,575.0,8,119,Asociación Arariwa,2012-03-23T16:24:34Z,"This member belongs to the 'Reyna de los Angeles de Urquillos' community bank which is located in Urquillos district, in Calca province, in Cusco department.

Cerafina is 57 years old, married, and has six children.  Her business is animal raising.  She raises hens and guinea pigs.  She would like to be able to invest her loan in buying feed for her animals.  She will buy sutuchi (a by-product of the brewing industry), fodder and alfalfa.  She has almost 200 guinea pigs and 50 hens.  She would also like to invest her loan in buying animals to later sell.

Cerafina is happy to be receiving her loan and pledges to make her repayments on time.",1.0,0.0,to buy animals to sell,0,2012,1.4198148148148149,30.0,Food & Trade,1.0,Yes,Yes,No,No,Yes,Yes,Yes
350224,male,1,individual,Transportation,2500.0,20,100,CJSC Bank Imon International,2011-12-31T19:32:49Z,"Komiljon is a smart and responsible person.  He is married and is a loving father of three children.  He has been involved in providing a taxi service along a specific route for over three years and has a good experience in this business.  Komiljon is also involved in growing agricultural crops and animal husbandry.  He wants to expand his business and maximize his profit.  Komiljon wants to obtain a loan in the sum of $2500.  He wants to use a portion of the loan to make repairs to his car, and the other portion to buy cattle and fodder for it.",0.0,1.0,"to make repairs to his car, buy livestock and fodder for it",0,2011,59.92496527777778,,Services,1.0,Yes,Yes,No,No,Yes,Yes,Yes
432091,female,4,group,Retail,875.0,6,187,MicroStart,2012-05-31T14:55:18Z,"Ms. AGUERA is the representative of the group WENDE MERCI. She is married and a mother of four children. The oldest is 20, and the youngest is 3. Three of the children go to school. She has four persons to support. 

Ms. AGUERA has been a merchant (selling potash) for twelve years. She gets her supplies in Guibasso. Her customers are essentially men and women.

She wants to buy 10 bags of potash. 

Ms. AGUERA wants to save her profits to buy a motorbike. Her ambition is to obtain a fixed, favorable spot for her business and to take better care of her children.
",4.0,0.0,to buy 10 bags of potash,0,2012,1.0522569444444445,30.0,Food & Trade,1.0,Yes,Yes,No,No,Yes,Yes,Yes
156082,female,1,individual,Housing,725.0,26,98,AFODENIC,2009-11-30T19:23:38Z,"Doña Delfina is a single mother of four children who lives in District #2 of New Guinea.  Her two older children are twins who are currently in their fourth year of high school.  
<p>
Delfina works for MINED (the Ministry of Education) as an elementary school teacher in the Serrano neighborhood.  She has been teaching for four years and her school is located 28km away from the city.  At the moment, she is requesting her ninth loan to invest in home improvements (specifically the construction of a room).  Every day, Delfina wakes up at 4am to complete her household chores before catching a passenger truck at 6am to leave for her teaching job.  Even though he does not live with them, the father of her children is very responsible and contributes toward their expenses.  Delfina hopes that her children continue to study, find work, and remain healthy.  She also wants to improve their living conditions so that they will be more comfortable.  
<br /><p><strong>Translated from Spanish by Ronan Reodica, Kiva Volunteer</strong></p>",1.0,0.0,Build a room,0,2009,4.898159722222222,,Production & Construction,1.0,Yes,Yes,No,No,No,Yes,Yes
288133,female,1,individual,Housing,375.0,8,119,Asociación Arariwa,2011-04-14T17:45:44Z,"Hilaria is a member of the ""Virgen del Carmen de Yuncaypata"" community bank which is located in Yuncaypata community, in Cusco province and department.

Hilaria is 41 years old, married, and has 6 children.  She divides her time between her daily activities and her business buying and selling products such as quinoa and tarwi (a native bean).  She buys these products in Pisaq district and then sells them in the Saturday street markets which are held at Huancaro market, in the city center.  Hilaria is a very cheerful woman who would like to build her own small house.  With the support of her husband, she will achieve this dream.

Hilaria is requesting this loan to increase her capital so that she can build her house.  She is happy to be receiving the loan and pledges to make her repayments on time.",1.0,0.0,to increase her capital to build her house,0,2011,6.774756944444444,,Production & Construction,1.0,Yes,Yes,No,No,Yes,Yes,Yes
371942,female,1,individual,Food,300.0,6,119,Asociación Arariwa,2011-12-19T20:59:19Z,"Edith, is 38, and single.  She has a 12 year-old daughter. She continues to work as a secretary in a private institute, and continues to have a small café. 

She is open from 8:00am to 6:00pm. Her dream is to expand and improve her business. She is applying for the loan to buy chairs, tables, and cooking ingredients, such as meat, chicken and vegetables.

The borrower values and appreciates the loan she has been granted, and promises to make her payments on time.",1.0,0.0,"To buy chairs, tables, and cooking ingredients such as meat, chicken and vegetables.",0,2011,0.0480324074074074,,Food & Trade,1.0,Yes,Yes,No,No,No,Yes,Yes
169238,female,1,individual,Agriculture,1500.0,14,100,CJSC Bank Imon International,2010-01-18T18:13:23Z,"Nazira is a responsible and loving mother who is always thinking of the well-being and security of her children.

Nazira works diligently caring for cows at a facility in her home, animals which she then sells at various fairs in the area. She shows the same dedication to the small creatures that she shows to her small children and in a short amount of time, the animal sales have provided her with excellent earnings.

Nazira is eager to increase the capacity of her animal care facilities to accommodate a greater number of animals. With your strong support, she will be able to achieve her goal.

<b>More about Tajikistan and IMON International</b>
Tajikistan is known for its rich history, which includes a key post along the Silk Road and the end of Alexander the Great's rule. It has also produced great thinkers, philosophers, scientists and poets, including Rudaki, Avicenna, Ferdowsi, Omar Khayyam, Jomi, and Rumi. The country is home to communities that still speak the ancient Sogdian language, epic mountain passes, and a civilization that dates back to the 4th millennium B.C. And, even today, it is a complex mixture of the Islamic faith, Soviet culture, New West culture and Central Asian traditions.

But Tajikistan is also the poorest of the former Soviet republics. The civil war, which ignited soon after its independence from the U.S.S.R., further damaged the already weak economy. In addition, 93% of the country is mountainous and only 7% of the land is arable. These conditions have resulted in high levels of unemployment and have forced hundreds of thousands to seek work in other countries, mainly Russia. While the people of Tajikistan are working to improve its agricultural production and manufacturing sector, nearly two-thirds of the population still live in abject poverty.

<b>IMON's History</b>
Since December 2007, IMON International has worked closely with Kiva and Kiva lenders to ensure that poor and low income clients represent a viable business proposition. Funds raised through Kiva have already been distributed to thousands of IMON International's clients and will continue to provide thousands more with permanent access to the varied financial services they need. To learn more about IMON International's work, please visit: <a href=""http://www.imon.tj""> www.imon.tj </a>
",1.0,0.0,To purchase more cattle to raise and sell,0,2010,0.0,,Agriculture,1.0,Yes,Yes,Yes,No,Yes,Yes,Yes
411720,female,1,individual,Food,1200.0,20,167,PADECOMSM,2012-05-15T21:56:34Z,"Yacquelyn has decided to request a new loan because she wants to buy more cooking supplies to make the food and seafood that she sells.  She will buy oil, condiments, meat, vegetables, fish, and shrimp.  She has seen a positive efffect with her previous loan and made good purchases and managed them well to improve her and her family's economic situation.",1.0,0.0,"to buy oil, condiments, meat, vegetables, fish, and shrimp.",0,2012,29.865648148148143,30.0,Food & Trade,1.0,Yes,Yes,No,No,No,Yes,Yes
98751,female,1,individual,Retail,500.0,7,119,Asociación Arariwa,2009-04-11T02:41:58Z,"Augusta is 49 years old and married. She was born in the province of Urubamba, in the heart of the sacred valley of the Inca. She has two children, 22 and 24 years old, studying in higher education.

She juggles housework with running a small grocery store in her own house with her husband in order to provide a good education to their children. She hopes that they will become professionals. She needs a loan to buy non-perishable goods and improve her grocery store in order to raise her income.

She promises to pay the loan back as scheduled and is entirely grateful for the opportunity you are providing her to make her dreams come true.<br /><p><strong>Translated from Spanish by Shanti Singh, Kiva Volunteer</strong></p>",1.0,0.0,Buy products for her grocery store,0,2009,9.049872685185186,,Food & Trade,1.0,Yes,Yes,No,No,No,Yes,Yes
344707,male,1,individual,Health,1000.0,20,167,PADECOMSM,2011-11-04T17:31:34Z,"José is single and lives with his parents.  His business is selling medicines.  He learned this trade because his parents taught him.  He works for himself and does not work fixed hours.

José needs this loan to buy medicines (for headaches, vitamins, etc.)  This will enable him to grow his business and he will have more customers to sell his range of products to.

José's dreams are to be a successful businessman, to have more customers, and to provide his family with the best.
",0.0,1.0,"to buy painkillers, antibiotics and vitamins to sell.",0,2011,2.938032407407408,,Services,1.0,Yes,Yes,No,No,No,Yes,Yes
119455,male,1,individual,Food,900.0,14,100,CJSC Bank Imon International,2009-07-07T20:28:47Z,"Raufjon K. is a successful entrepreneur, father, and dedicated husband. He has two children who give him the strength to work hard. Raufjon opened a small grocery store 8 years ago with a small amount of savings for capital. He was assisted by his wife who helps him to serve his clients. Today his clientele has grown larger and his grocery store has become more popular. He is asking for a loan of $ 900 USD so that he can expand the variety of goods that are sold in his store. Raufjon is very grateful to everyone who is helping him to achieve success in his business with this loan.      
 
<P>More about Tajikistan and IMON International</P>

Tajikistan is known for its rich history, which includes a key post along the Silk Road and the end of Alexander the Great's rule. It has also produced great thinkers, philosophers, scientists and poets, including Rudaki, Avicenna, Ferdowsi, Omar Khayyam, Jomi, and Rumi. The country is home to communities that still speak the ancient Sogdian language, epic mountain passes, and a civilization that dates back to the 4th millennium BC. And, even today, it is a complex mixture of the Islamic faith, Soviet culture, New West culture and Central Asian traditions.

But Tajikistan is also the poorest of the former Soviet republics. The civil war, which ignited soon after its independence from the U.S.S.R., further damaged the already weak economy. In addition, 93% of the country is mountainous and only 7% of the land is arable. These conditions have resulted in high levels of unemployment and have forced hundreds of thousands to seek work in other countries, mainly Russia. While the people of Tajikistan are working to improve its agricultural production and manufacturing sector, nearly two-thirds of the population still live in abject poverty.

IMON's History

Since December 2007, IMON International has worked closely with Kiva and Kiva lenders to ensure that poor and low income clients represent a viable business proposition. Funds raised through Kiva have already been distributed to thousands of IMON International's clients and will continue to provide thousands more with permanent access to the varied financial services they need. To learn more about IMON International's work, please visit: www.imon.tj

",0.0,1.0,To buy food to increase the variety in his store,0,2009,7.096319444444444,,Food & Trade,1.0,Yes,No,No,No,No,Yes,No
330233,female,1,individual,Agriculture,375.0,6,119,Asociación Arariwa,2011-08-27T21:03:58Z,"The member belongs to the “VIRGEN NATIVIDAD” Communal Bank. The bank is located in the Yucay district, in the Urubamba province, department of Cusco.

Lourdes is 30 and lives with her partner. They have 2 children ages 6 and 2 1/2. She runs her grocery store and also has a plot of land where she cultivates corn. When she harvests it she sells it. She wants to invest this loan in sowing white corn to be harvested in October. She will be able to enjoy the rich corn of Valle Sagrado, and sell it as well. She is requesting this loan to invest in the purchase of seeds for sowing and later selling corn.

She is grateful for the support that we are offering and promises to repay her quotas in a disciplined manner.",1.0,0.0,to invest in the purchase of seeds for sowing corn for later sale.,0,2011,0.0652083333333333,,Agriculture,1.0,Yes,Yes,No,No,Yes,Yes,Yes
316279,female,2,group,Clothing,800.0,13,97,FAPE,2011-08-11T10:11:39Z,"The Women of Sumpango Sacatepequez Duo is a group including Ericka, who is the leader of the group and sells assorted new clothing for women, men, and children. She has been doing this for several years already and tells us that she has many customers who put in large orders that she is unable to meet because she lacks the necessary capital. That's why she's requesting this loan to purchase assorted clothing and increase her sales and profit. The second member sells food items like empanadas and she is also requesting this loan because she needs more capital. 

",2.0,0.0,to purchase assorted clothing.,0,2011,10.132835648148149,,Food & Trade,1.0,Yes,Yes,No,No,Yes,Yes,Yes
120660,male,1,individual,Education,500.0,15,61,MAXIMA Microfinance,2009-07-07T23:45:51Z,"Mr. Tit U., 60, and his wife, Mrs. Sophy Khan, 62, live in a small village across the Mekong River about thirteen kilometers from Phnom Penh. They were married in 1980 and have five children: two sons and three daughters. Two of their children are married and live outside the family home, and the other three children have full-time employment. One daughter attends school.

Tit has been a wooden-house builder for over ten years. Mrs. Sophy is a farmer; she grows cucumbers and melons in the farmland near her house. Tit is requesting a loan of $500 to pay fees for his daughter, who is learning hairdressing skills, and to raise the land around his house.
",0.0,1.0,To pay tuition fees for his daughter and to raise the land around his house,0,2009,0.198449074074074,,Services,1.0,Yes,Yes,No,No,Yes,Yes,Yes
367272,female,1,individual,Food,500.0,14,167,PADECOMSM,2011-12-18T18:25:55Z,"Rosa lives with her husband and children.  She runs a bakery, which she opened with support from her mother and husband.  The business is located in her house.  Her schedule isn't set, but depends on demand.  She's got experience, and everyone works in the business, even the kids.  

Rosa is seeking a loan to buy bread-baking ingredients like flour, lard, eggs, sugar, and yeast.  This investment will help her improve and increase bread production, offering better service to her clientele.  She aspires to grow the business, get her own house, and provide the necessities to her family.


",1.0,0.0,"to buy flour, lard, eggs, sugar, and yeast.",0,2011,12.96917824074074,,Food & Trade,1.0,Yes,Yes,No,No,No,Yes,Yes
426420,male,1,individual,Transportation,325.0,6,119,Asociación Arariwa,2012-05-24T06:42:21Z,"Juan Carlos is 22 years old and is studying administration at a local university. He has 1.5 years left to finish his degree. To support his education, he works as a taxi driver. He would like a loan in order to buy books for his classes and also to buy new wheels for his vehicle. His dream is to open a small business in the future.

Juan Carlos is receiving an individual loan as a member of the village bank ""Amistad Cusqueña"" in Cusco, which is located in the South Andean region of Peru. The bank is in its third cycle with Asociación Arariwa.
",0.0,1.0,to buy school books and to buy new wheels for his vehicle.,0,2012,1.0010069444444445,30.0,Services,1.0,Yes,Yes,No,No,No,Yes,Yes
351440,male,1,individual,Agriculture,600.0,15,61,MAXIMA Microfinance,2011-11-10T20:57:45Z,"Tit, pictured here, is 34 years old. He lives with his wife, Saman, in a village about seventeen kilometers from Phnom Penh City. They have been married since 2000 and have two young children, a son and a daughter. Tit is a construction worker and his wife sells meat balls and sluch, a shaved ice dessert. In addition, they are also rice farmers. 

Tit is requesting a 600 USD loan to purchase seed, fertilizer, and pesticide to maintain his farm.


",0.0,1.0,"to purchase seed, fertilizer, and pesticide",0,2011,4.706724537037037,,Agriculture,1.0,Yes,Yes,No,No,Yes,Yes,Yes
369193,female,1,individual,Retail,200.0,8,167,PADECOMSM,2011-12-16T03:53:29Z,"21 year old Rosa is mother to two children of 5 and 1 years of age and she lives with her husband. She runs a business from her home were she offers her customers basic groceries. She has been doing this for 2 years and, to date, hasn't had problems with her clientele. She is currently requesting a loan to buy fresh chicken, cheese, meat, sausages, eggs, and other products that her customers buy on a daily basis. This will help her to increase her inventory and get better sales. 
Her wish is to strengthen her business and give her family a better quality of life.
",1.0,0.0,"to buy fresh chicken, cheese, meats, sausages, and eggs.",0,2011,4.134340277777778,,Food & Trade,1.0,Yes,Yes,No,No,Yes,Yes,Yes
434800,male,1,individual,Food,250.0,8,167,PADECOMSM,2012-06-16T01:51:14Z,"Willian sells cashews and lives in his own home with his wife and two children, ages 8 and 5. William has sold cashews for 5 years, and he learned from his parents, who have over 15 years of experience. 

He is requesting the loan to purchase raw cashews to process, then go out and sell. This loan will give him the resources he needs to continue with his business and maintain his customers. 

Willian’s aspiration is to grow his business and in the future be able to buy a vehicle which would improve the quality of life of his family. 
",0.0,1.0,purchase raw cashews,0,2012,2.243900462962963,30.0,Food & Trade,1.0,Yes,Yes,No,No,Yes,Yes,Yes
155454,male,1,individual,Agriculture,725.0,14,98,AFODENIC,2009-11-24T04:20:52Z,"Sr. Pedro José Hernández O. is 51 years old and lives in the area called La Borgoña, which is located in the town of Ticuantepe.  Together with his life companion, he works as a trader in the market in order to provide for the household expenses.  They have two children who are students and help with the farm work during their free time.  The plans for his family include improving their living conditions and supporting his children in their education.
<p>
Don Pedro has been farming for 26 years.  He started in this line of work because he was a beneficiary of the ATN (legislation that supports land reform) and was able to obtain his own property, which he has utilized this entire time.  Thanks to AFODENIC, Don Pedro is now on his eighth loan.  Because of the technical assistance provided to him, he was able to improve his production.  He will use the funds to purchase supplies and fertilizers. In recent months, his crops have been affected by pests.
<br /><p><strong>Translated from Spanish by Ronan Reodica, Kiva Volunteer</strong></p>",0.0,1.0,Purchase fertilizers & farming supplies,0,2009,1.278113425925926,,Agriculture,1.0,Yes,Yes,No,No,No,Yes,Yes
193162,female,1,individual,Retail,1150.0,14,97,FAPE,2010-04-17T16:07:40Z,"Mrs. Bonifacia R. is 39 years old, married, and has 4 children: 2 of whom study and the other 2 work.  Ever since she was a young girl she learned how to raise animals.  She has worked for 24 years selling dairy products and cheese in Chixoles, the village where she lives.  Her husband delivers the products on his bicycle.  They also work selling livestock.  She is known by her customers and identifies with them as she is a kind person.  She begins work very early to arrive on time to distribute her products.  She thanks God that she is already well-known and her clientele keeps increasing.  For this reason she is asking for a loan to buy a milk cow since her current cow does not produce enough to fill the orders.  She has proven herself to be a very responsible woman and she is pleased to help her children keep studying so that they have better opportunities than she has had.  She says she is happy because she and her husband strive each day to improve the life of their family.  
<br /><p><strong>Translated from Spanish by Emily Meinecke, Kiva Volunteer</strong></p>",1.0,0.0,To buy livestock,0,2010,2.1927777777777777,,Food & Trade,1.0,Yes,Yes,No,No,No,Yes,Yes
89326,female,1,individual,Retail,750.0,8,98,AFODENIC,2009-03-02T22:01:48Z,"Mrs. Armenza is married and together with her husband they are owners of a local store that offers consumer products at low prices for their clients, which allows them to run this constant and regular local market. The husband gets the merchandise very early so that the wife is in charge of selling it to the clients. Her dream is to have shelves that will allow her to display more of her business and strengthen her inventory, which is why she is requesting this loan.<br /><p><strong>Translated from Spanish by Jay Osborne, Kiva Volunteer</strong></p>",1.0,0.0,Buy merchandise for her local store,0,2009,0.8275925925925925,,Food & Trade,1.0,Yes,Yes,No,No,No,Yes,Yes
350542,female,1,individual,Agriculture,300.0,6,119,Asociación Arariwa,2011-10-24T18:57:41Z,"Octavia continues participating with Asociación Arariwa’s micro finance unit’s “San Isidro de Compone” communal bank in the city of Cusco.  Octavia still sells corn and provides transportation services.  Octavia did very well with the previous loan and this is why she wants another one because it helps her very much with her business’ capital.

On this occasion Octavia needs the loan to buy corn and to service the car.  Octavia is grateful for the opportunity provided through this means and commits to make her payments according to the payment schedule.
",1.0,0.0,to buy corn and to service the car.,0,2011,0.0191550925925925,,Agriculture,1.0,Yes,Yes,No,No,No,Yes,Yes
461566,female,1,individual,Food,775.0,8,119,Asociación Arariwa,2012-08-24T01:42:08Z,"She continues in her business making yoghurt, cheese and sweets.  She makes them and then sells them in various street markets.  She works from 8am until 6pm and has been in business five years.  Her dream is to have a locale where she can sell her dairy products.  She’s asking for a loan to buy milk and sugar that she uses to prepare the yoghurt, cheese and sweets.  She’s happy about the loan and commits to make her installment payments.",1.0,0.0,"to buy milk and sugar to make the yoghurt, cheeses and sweets.",0,2012,0.2861805555555555,30.0,Food & Trade,1.0,Yes,Yes,No,No,No,Yes,Yes
149317,male,1,individual,Agriculture,1450.0,14,100,CJSC Bank Imon International,2009-11-24T11:51:33Z,"Nuriddin is a hardworking person, and he makes an effort to give his 4 beloved children the best. He decided to stay in his homeland so that he could develop it, and now he carries out his everyday chores with a lot of love and affection as he feeds his animals. With experience gained over 8 years in the purchase and sale of cattle, he has been able to bring stability to his family. Nuriddin now would like to purchase cattle that can create more income for his large family. For this reason he requests $1,450 USD. Nuriddin thanks you very much for your love of the prodigal.   
<p>
<b>More about Tajikistan and IMON International</b><br>
<p>
Tajikistan is perhaps best known for its rich history and diverse culture, which is a complex mixture of the Islamic faith, Soviet influence, New West culture, and Central Asian traditions. It served as a key post along the Silk Road and marked the end of Alexander the Great's extensive rule. It was the birthplace of the great Persian poet Rudaki and famous Islamic philosopher Ibn Sina. And it is home to epic mountain passes, communities that still speak the ancient Sogdian language, and a civilization that dates back to the 4th millennium BC.
<p>
But Tajikistan is also the poorest of the former Soviet republics. The civil war, which ignited soon after its independence from the U.S.S.R., further damaged the already weak economy. In addition, 93% of the country is mountainous and only 7% of the land is arable. These conditions have resulted in high levels of unemployment and have forced hundreds of thousands to seek work in other countries, mainly Russia. While the people of Tajikistan are working to improve its agricultural production and manufacturing sector, nearly two-thirds of the population still live in abject poverty.
<p>
<b>IMON’s History</b>
<p>
Since December 2007, IMON International has worked closely with Kiva and Kiva lenders to ensure that poor and low-income clients represent a viable business proposition. Funds raised through Kiva have already been distributed to thousands of IMON International's clients and will continue to provide thousands more with permanent access to the varied financial services they need. To learn more about IMON International's work, please visit: www.imon.tj
",0.0,1.0,To purchase cattle to expand the business,0,2009,21.79953703703704,,Agriculture,1.0,Yes,No,No,Yes,No,No,No
405661,male,1,individual,Agriculture,325.0,14,100,CJSC Bank Imon International,2012-03-22T21:15:14Z,"Hoshimjon is a kind, active and hard-working young man. He is not married yet.  He has been fattening up small livestock for resale for more than 5 years.  He buys livestock, fattens it up for 2 to 3 months, and then resells it at a good price.  His brother helps him with his business.
Hoshimjon is requesting a loan to buy small livestock in order to expand his business.

",0.0,1.0,to buy livestock.,0,2012,2.9202662037037035,30.0,Agriculture,1.0,Yes,Yes,No,No,Yes,Yes,Yes
380024,female,1,individual,Arts,450.0,8,97,FAPE,2012-02-03T06:18:36Z,"Maria Floritcelda is 31 years old, married and has four children. She makes a living making huipiles [traditional blouses worn by Maya women]. She also has two people that help her in making the huipiles because she already has orders to deliver. 

She started making a living this way because she saw that she needed to help her husband with the household expenses because her husband is a pastor in the evangelical church. As they have four children, they want to let them study so that in the future they will have a better life. The business also gives her the opportunity to help others, to give them a job. This is why she needs another loan, to buy raw materials to continue with her business. 

She thanks FAPE and Kiva for the help they offer. ",1.0,0.0,to buy raw materials for making traditional weavings.,0,2012,0.6864930555555555,30.0,Production & Construction,1.0,Yes,Yes,No,No,No,Yes,Yes
123200,female,1,individual,Food,600.0,14,100,CJSC Bank Imon International,2009-07-22T02:48:57Z,"Munisa S. is 46 years old. She started her own business two years ago in order to support her husband with the family's expenses. She is a market vendor in Istaravshan town. 

Munisa purchases sweets from a local confectioner and sells them in the local market as a wholesale. Munisa, being very polite and talkative by nature, has a lot of customers, which allows her to sell her goods immediately. The inventory she has for sale is of very good quality and selection. 

Munisa is seeking to keep her business sustainable and has requested a loan of $600 USD to increase the inventory she has for sale. One of her plans for the future is to open a vending facility in order to expand her business. We believe this current loan will enhance the potential of her business and help Munisa reach all of her aspirations. 
 

More about Tajikistan and IMON International

Tajikistan is known for its rich history, which includes a key post along the Silk Road and the end of Alexander the Great's rule. It has also produced great thinkers, philosophers, scientists and poets, including Rudaki, Avicenna, Ferdowsi, Omar Khayyam, Jomi, and Rumi. The country is home to communities that still speak the ancient Sogdian language, epic mountain passes, and a civilization that dates back to the 4th millennium BC. And, even today, it is a complex mixture of the Islamic faith, Soviet culture, New West culture and Central Asian traditions.

But Tajikistan is also the poorest of the former Soviet republics. The civil war, which ignited soon after its independence from the U.S.S.R., further damaged the already weak economy. In addition, 93 percent of the country is mountainous and only 7 percent of the land is arable. These conditions have resulted in high levels of unemployment and have forced hundreds of thousands to seek work in other countries, mainly Russia. While the people of Tajikistan are working to improve its agricultural production and manufacturing sector, nearly two-thirds of the population still live in abject poverty.

IMON's History

Since December 2007, IMON International has worked closely with Kiva and Kiva lenders to ensure that poor and low-income clients represent a viable business proposition. Funds raised through Kiva have already been distributed to thousands of IMON International's clients and will continue to provide thousands more with permanent access to the varied financial services they need. To learn more about IMON International's work, please visit: www.imon.tj
",1.0,0.0,Enlarging the range of goods and purchasing a private store with the increased revenue,0,2009,3.3880902777777777,,Food & Trade,1.0,Yes,Yes,No,Yes,Yes,Yes,Yes
465789,female,3,group,Food,925.0,8,187,MicroStart,2012-08-26T20:25:00Z,"Ms. ABIBATA is the representative of the group MANDE 2. She is doing well. She is married and the mother of three children. The oldest is 15 years old, and the youngest is 7. They all go to school. She has three persons to support.

Ms. ABIBATA has been selling vegetables for two years. She gets her supplies from the Pissy market. Her customers include men and women. She is very happy with how nicely her past loan went. 

She wants to purchase a sack of okra, a sack of cabbage, a sack of eggplant, and other vegetables.

She saves her profits in order to expand her stall. She also has ambitions to open a warehouse for vegetables and to send her children to school. 
",3.0,0.0,"to purchase a sack of okra, a sack of cabbage, a sack of eggplant, and other vegetables",0,2012,0.0,30.0,Food & Trade,1.0,Yes,Yes,No,No,No,Yes,Yes
296604,female,1,individual,Health,1200.0,6,119,Asociación Arariwa,2011-05-09T08:17:03Z,"
The communal bank is called “PRO DESARROLLO” and is located in the town of Pisac belonging to Calca Province, Cusco Department.

Julia, 36, is the member.  She’s married and has three children who are 15, 13 and 9 years of age.  She is a retailer.  She sells emollients and school breakfasts independently.  She buys supplies and medicinal herbs and every day prepares various natural boiled herbs called “emolientes” which actually are infusions or native teas used to alleviate various health problems, everything from a cough to liver and kidney problems and others.  She needs the loan to buy supplies for her business.

She is grateful and expresses that she will meet her repayment obligations in a disciplined way.
",1.0,0.0,to buy supplies.,0,2011,0.7757175925925925,,Services,1.0,Yes,Yes,No,No,Yes,Yes,Yes
503481,female,1,individual,Agriculture,300.0,15,61,MAXIMA Microfinance,2012-12-04T12:51:05Z,"Sokhon, in the photo, is 50 years old and she and her husband Pao have been married since 1996. They have four children--two sons and two daughters--who are attending grades 3, 5, 7 and 8. The family is living in a Phnom Penh suburb. 

Sokhon and her husband are rice and lotus farmers. In addition, their business is also in fish farming. 

Sokhon is requesting her first Kiva loan in the amount of US $300 to buy seeds, fertilizer and pesticides to maintain her rice and lotus farm.
",1.0,0.0,"To buy seeds, fertilizer and pesticides to maintain her rice and lotus farm.",0,2012,0.2645486111111111,30.0,Agriculture,1.0,Yes,Yes,No,No,Yes,Yes,Yes
169005,female,1,individual,Food,550.0,8,119,Asociación Arariwa,2010-01-16T22:50:14Z,"

Sonia, 33, is a member of Asociación Arariwa's “VIRGEN ASUNTA DE RARCCHI” communal bank.  She has two sons: Fernando, 5, and Jhon Andre, 5 months.  They live in Rarcchí, which is in Urubamba province, Cusco department.  Rarcchí is 45 minutes away from Cusco.  Sonia buys vegetables like onions, corn and potatoes in Rarcchí and then takes them to Cusco where she distributes them to merchants in the ""Virgen Asunta"" market.  She also raises small farm animals like chickens, pigs, and guinea-pigs.  Sonia is a hard-working, enterprising mother who needs financing to buy more pigs.  She has been in this line of work for several years and she has done well thanks to the effort she puts into her work.   She is grateful for the opportunity given to her by this means and pledges to repay in a timely manner.

<br /><p><strong>Translated from Spanish by Michael Bujazan, Kiva Volunteer</strong></p>",1.0,0.0,To buy pigs.,0,2010,0.1180092592592592,,Food & Trade,1.0,Yes,Yes,No,No,No,Yes,Yes
306721,female,1,individual,Retail,500.0,10,110,Emprender,2011-06-19T15:01:54Z,"Sandra is from Villa Verde in Cochabamba.  She has a grocery store located at her address.  Sandra took out this loan to increase capital buying merchandise to stock her store.  Her store is large and located right on the avenue.  In time, she’d like to get her store to the point where she can stock all kinds of merchandise to satisfy her customers.  She is a hard working person who knows that with dedication, will and work she can get ahead.  She’s grateful to the institution for the support provided.",1.0,0.0,to buy stock grocery items for her store.,0,2011,5.355439814814815,,Food & Trade,1.0,Yes,Yes,No,No,No,Yes,Yes
279499,female,1,individual,Food,300.0,8,167,PADECOMSM,2011-04-01T15:19:29Z,"Doña Cándida is 54 years old and resides in the city of San Miguel with her children, David (age 28) and Carmen (age 18).  Both of her children work and help with the household expenses.
<p>
Doña Cándida sells tortillas and manages her business from her home.  She and her daughter Carmen begin selling at 10am and continue until 2pm.  They both operate the business.  Cándida is currently requesting a loan to buy corn, the main ingredient used for preparing tortillas to sell.  She plans to buy in bulk so that she can get the best price for a <i>quintal</i> of corn (1 quintal = 46kg).  This will help her save on her expenses, which will help build sufficient capital over time.
<p>
Her goals include improving her business each day and increasing her earnings.  
",1.0,0.0,To purchase corn for preparing tortillas.,0,2011,0.3467476851851852,,Food & Trade,1.0,Yes,Yes,No,No,No,Yes,Yes
401931,female,14,group,Housing,4100.0,6,119,Asociación Arariwa,2012-03-21T14:06:39Z,"The member belongs to the ""Las Palmeras"" community bank. The bank is located in the district of Huanchac, belonging to the province of Cusco and department of Cusco.

The member is Delia who appears attached to the group photo. She is 44 years old and lives with her partner. The member has two children and she is a nurse, by profession. She is a very hard-working woman and, parallel to her job in a very well known hospital, she provides special nursing and related service. The member, at this time, is requiring the loan to invest in the purchase of materials to redecorate the facade of her own house. The member wishes to be able to improve her house and, at this time, to buy materials to invest in the improvement of her house, especially the facade. The member will buy materials like cement, paint, plaster to redo the facade. 

The other members are dedicated to activities like, for example, attending a grocery shop, selling ""chicha"" (a drink), taxi service, lodging work, crafts, and selling cell phones. The member is happy for the loan and promises to make the repayments.",9.0,5.0,"to buy materials like cement, paint, plaster to redecorate the facade.",0,2012,4.080983796296296,30.0,Production & Construction,1.0,Yes,Yes,No,No,No,Yes,Yes
397109,male,1,individual,Agriculture,1275.0,10,100,CJSC Bank Imon International,2012-03-26T07:08:51Z,"Gafurjon, who is married with five children, has been in cattle business for six years. He buys cattle at the local markets, fattens the animals over a period of six months and sells them at the same market at a higher price. In addition to this business, Gafurjon grows crops, which he also uses to feed the cattle. Gafurjon is applying for a loan to purchase three heads of livestock; this would allow him to expand his business. Gafurjon hopes for your help and kindness.",0.0,1.0,To buy cattle,0,2012,24.74221064814815,30.041655092592592,Agriculture,1.0,Yes,Yes,No,No,Yes,Yes,Yes
102466,male,1,individual,Agriculture,600.0,14,100,CJSC Bank Imon International,2009-04-18T16:11:18Z,"S. Saidahmad, 31, is married with three children. He has a great passion for dairy farming and has been in this business for six years together with his wife. 
<p>
Saidahmad would like to expand his business by adding more cattle to the ones he has. This is because he recently acquired orders from outside town to supply milk. He is requesting $600. With the additional income, Saidahmad will be better able to meet his family's financial obligations, and especially to provide for the education of his children.   
<p>
More about Tajikistan and IMON International
<p>
Tajikistan is known for its rich history, which includes a key post along the Silk Road and the end of Alexander the Great's rule. It has also produced great thinkers, philosophers, scientists and poets, including Rudaki, Avicenna, Ferdowsi, Omar Khayyam, Jomi, and Rumi. The country is home to epic mountain passes, communities that still speak the ancient Sogdian language, and a civilization that dates back to the fourth millennium BC. Even today, it is a complex mixture of the Islamic faith, Soviet culture, New West culture and Central Asian traditions.
<p>
But Tajikistan is also the poorest of the former Soviet republics. The civil war, which ignited soon after its independence from the U.S.S.R., further damaged the already weak economy. In addition, 93 percent of the country is mountainous and only 7 percent of the land is arable. These conditions have resulted in high levels of unemployment and have forced hundreds of thousands to seek work in other countries, mainly Russia. While the people of Tajikistan are working to improve its agricultural production and manufacturing sector, nearly two-thirds of the population still live in abject poverty.
<p>
IMON's History
<p>
Since December 2007, IMON International has worked closely with Kiva and Kiva lenders to ensure that poor and low-income clients represent a viable business proposition. Funds raised through Kiva have already been distributed to thousands of IMON International's clients and will continue to provide thousands more with permanent access to the varied financial services they need. To learn more about IMON International's work, please visit www.imon.tj.",0.0,1.0,To buy cattle in order to expand his business.,0,2009,0.979976851851852,,Agriculture,1.0,Yes,No,Yes,No,Yes,No,No
132531,male,1,individual,Retail,1725.0,14,100,CJSC Bank Imon International,2009-09-01T03:06:42Z,"N. Iftikhor is 22 years old. He is not married yet. Iftikhor has very large family. So that, to support his parents Iftikhor has been running his own business for 2 years. He is selling the perfumery like perfume for women and men, air fresheners, tooth pastes and brushes. Today Iftikhor requests 7500 Somoni as he is planning to expand his business and increase the capital and after receiving of large income He would like to thank all supporting him and promises to pay the loan in 12 months. 

More about Tajikistan and IMON International

Tajikistan is known for its rich history, which includes a key post along the Silk Road and the end of Alexander the Great's rule. It has also produced great thinkers, philosophers, scientists and poets, including Rudaki, Avicenna, Ferdowsi, Omar Khayyam, Jomi, and Rumi. The country is home to communities that still speak the ancient Sogdian language, epic mountain passes, and a civilization that dates back to the 4th millennium BC. And, even today, it is a complex mixture of the Islamic faith, Soviet culture, New West culture and Central Asian traditions.

But Tajikistan is also the poorest of the former Soviet republics. The civil war, which ignited soon after its independence from the U.S.S.R., further damaged the already weak economy. In addition, 93% of the country is mountainous and only 7% of the land is arable. These conditions have resulted in high levels of unemployment and have forced hundreds of thousands to seek work in other countries, mainly Russia. While the people of Tajikistan are working to improve its agricultural production and manufacturing sector, nearly two-thirds of the population still live in abject poverty.

IMON's History

Since December 2007, IMON International has worked closely with Kiva and Kiva lenders to ensure that poor and low income clients represent a viable business proposition. Funds raised through Kiva have already been distributed to thousands of IMON International's clients and will continue to provide thousands more with permanent access to the varied financial services they need. To learn more about IMON International's work, please visit: www.imon.tj





",0.0,1.0,Purchasing of new goods for increasing the range of goods,0,2009,5.24761574074074,,Food & Trade,1.0,Yes,No,No,No,No,No,No
372478,female,1,individual,Clothing,3000.0,20,100,CJSC Bank Imon International,2012-01-19T16:30:51Z,"Tutiniso has worked with selling children's clothing and shoes for more than ten years. She acquires her products outside the country and tries to expand her business. She is divorced, and does not have children, but trading children's clothes and shoes brings her joy. She is happy when children leave happy, having purchased necessary clothing. Then Tutiniso switched to women's clothing trade to achive higher profit margins. 

Tutiniso wants to receive a loan in the amount of 3000 US dollars for the purchase of new inventory for the New Year's celebration. She wants to expand her inventory and supplement her product range to make profits from trade on the New Year's celebration and gift giving season. She hopes to get help and thanks for the support.",1.0,0.0,to buy merchandise supplementing the current product range of women's clothing,0,2012,18.292152777777776,,Food & Trade,1.0,Yes,Yes,No,No,No,Yes,Yes
105745,female,1,individual,Housing,1000.0,22,61,MAXIMA Microfinance,2009-05-17T11:58:16Z,"Mrs. Sovanny Y., 36, and her husband, Mr. Vannak Phom, 38, who live along National Road Number one about fifteen kilometers from Phnom Penh, were married in 1990 and have three children: one son and two daughters. All of the children are in school. 

Sovanny stays at home to take care of her children and her house. Her husband has been driving for one company in Phnom Penh for four years. The couple is in the process of building their new house but still have some of it left to finish. So Sovanny is applying for her first loan of $1,000 to finish her house.  
",1.0,0.0,To finish building her house,0,2009,16.20681712962963,,Production & Construction,1.0,No,Yes,No,No,Yes,Yes,No
181018,female,1,individual,Arts,350.0,6,119,Asociación Arariwa,2010-03-01T13:32:11Z,"Julia belongs to the Los Solidarios Communal Bank.  She is located in the Urubamba province in the Cusco department.  That is one hour from the city of Cusco.  She is 36, in a common law marriage, and has two children.  They are five and two.

She has been alternating her activities between the household and handicrafts since 1996.  She makes beautiful handmaD. decorations and clay utensils.  

She is requesting a loan to help with the construction of her own house.

She is grateful for the opportunity of the loan, and she promises to make her payments on time.
<br /><p><strong>Translated from Spanish by Ginny Kalish, Kiva Volunteer</strong></p>",1.0,0.0,Help with the construction of her own home,0,2010,0.2304976851851851,,Production & Construction,1.0,Yes,Yes,No,No,No,Yes,Yes
336281,male,1,individual,Agriculture,1500.0,14,100,CJSC Bank Imon International,2011-10-21T00:12:29Z,"Sharif is a smart and goal-oriented person.  He is involved in growing agricultural crops.  He grows wheat and corn.  Sharif owns two hectares of land for sowing and planted wheat and corn there this year.  He is also involved in fattening up livestock.  He received an income from processing apricots and made over a ton of dried apricots this year.  This is a family business, and everyone participates in the apricot drying process during summer.  Sharif used his resulting profit to buy a dairy cow.  He is requesting a loan in the sum of $1500 for the purchase of mineral fertilizers and fuel and lubricant materials.

",0.0,1.0,to buy mineral fertilizers and fuel and lubricant materials,0,2011,19.21679398148148,,Agriculture,1.0,Yes,Yes,No,No,Yes,Yes,Yes
223846,male,1,individual,Agriculture,500.0,14,61,MAXIMA Microfinance,2010-08-20T21:42:11Z,"Mr. Leng C. (in the photo), is 60 years old and his wife Mrs. Pheun Phoung, 59 years old, have been married since 1971 and have five sons and one daughter. The family lives in a small village across Mekong River about 17 Kilometers from Phnom Penh. The couple are old, but they are still strong workers.  

Leng is a plow builder and raises cows at home. His wife is a farmer. Leng is asking for his first loan in the amount of 500 USD to purchase additional cows to raise. 

",0.0,1.0,To purchase cows to raise.,0,2010,0.0,,Agriculture,1.0,No,Yes,No,Yes,Yes,Yes,No
342072,male,1,individual,Food,800.0,15,61,MAXIMA Microfinance,2011-10-11T23:09:44Z,"Man, who is pictured here, is a fisherman. His wife, Aimmeynas, sells the fish that her husband catches in their village. They have been married since 1980 and have three sons and two daughters. Two of their children are married and live outside the family home and the others are in school.

Man is applying for another loan of 800 USD to buy additional fishing nets to continue his fishing business. 
",0.0,1.0,to buy nets for his fishing business,0,2011,4.020578703703704,,Food & Trade,1.0,Yes,No,No,No,Yes,No,Yes
223284,female,1,individual,Agriculture,375.0,6,119,Asociación Arariwa,2010-08-18T19:37:59Z,"Catalina, 58, was born in Pucyura district.  Currently, Catalina lives in the city of Cusco with her husband and 5 children.  Pucyura is located 30 minutes from the city of Cusco.

Catalina sells children’s clothing.  She has a sales stand in the El Molino shopping center in Cusco.  She can be found there seven days a week from 9am until 8pm.  Catalina tells us that six years ago she was an itinerant merchant along Ejército Avenue in Cusco but now she has a stand in the shopping center.

She also raises small farm animals like sheep, guinea pigs and chickens that she buys newborn at Inquilpata farmers market to fatten up and later sell at markets in Izcuchaca and Cusco.  She has been in this business for three years now and does well thanks to the effort she puts into it.

Eugenia expects to get 1000 new soles in her next loan that she’d like to use to buy sheep.

The “Señor de Ccoyllority Cachimayo” (Lord of Ccoyllority Cachimayo) has been in operation for three and a half years; Eugenia has been a member for three years and does well.

The members of this communal bank are devoted to Taytacha Ccoyllority (Lord of the Shining Snow) and this is why they named their communal bank thus.
<br /><p><strong>Translated from Spanish by Michael Bujazan, Kiva Volunteer</strong></p>",1.0,0.0,To buy sheep.,0,2010,0.0263425925925925,,Agriculture,1.0,Yes,Yes,No,Yes,Yes,Yes,Yes
489438,female,1,individual,Agriculture,400.0,8,119,Asociación Arariwa,2012-11-06T18:09:42Z,"Timotea’s a member of the “Las Triunfadoras” (The Victorious Ones) communal bank in Andahuaylillas District in Quispicanchis Province in Cusco, Peru.  She’s continues with the business of buying and selling cattle.  She buys calves, fattens them up and then sells them.  On this occasion, Timotea needs the loan to buy two bullocks to raise to subsequently sell in her community’s market.  Timotea is very grateful to Kiva for allowing her to stay in business and by means of her work provide support for her home.",1.0,0.0,to buy two bullocks.,0,2012,2.9303125,29.95832175925926,Agriculture,1.0,Yes,Yes,No,No,Yes,Yes,Yes
246665,male,1,individual,Services,425.0,11,98,AFODENIC,2010-12-04T02:54:53Z,"Armando is a man with a strong desire to make headway with his own business, a sewing shop he started two years ago. He is married with two children, and he works tenaciously to secure a better future for them. He started out buying sewing machines with money he saved from a previous job, but he lacked the funds to invest in fabrics, so he took out a loan to cover the expenses for fabric, thread and embroidery, and started working a lot to make money. This is his second loan, and his vision is more advanced since he has been able to obtain fixed customers who will pay for his products. He plans to invest in more fabrics of different colors to make different styles of T-shirts that he can sell at a good price. ",0.0,1.0,Purchase varied fabrics to increase production of T-shirts.,0,2010,2.287962962962963,,Services,1.0,Yes,Yes,No,No,No,Yes,Yes
371203,male,18,group,Food,4600.0,8,163,HOFOKAM,2011-12-31T01:17:03Z,"Pakarasio, aged 48, is a Ugandan male and a father of 5 children living in Kagadi, Uganda. He wants a loan to buy maize and bean produce for resale. He is a produce dealer and has been in this business for four years having started with farming. He is challenged by lack of transport and fluctuating prices of his produce. His dreams are to buy a car to enable him to transport his produce to the market and to educate his five children.
He is a member of a group where by policy each member guarantees the other in accessing a loan.",4.0,14.0,To buy maize and bean produce for resale,0,2011,12.810393518518518,,Food & Trade,1.0,Yes,Yes,No,No,Yes,Yes,Yes
488825,male,1,individual,Agriculture,450.0,14,167,PADECOMSM,2012-10-23T20:11:52Z,"Moisés needs capital to invest in growing corn and beans, that's why he is requesting a new loan to buy fertilizer and herbicides, to have a better cultivation and to increase production. This will allow him to get a better harvest for sale and for feeding his family.

The previous loan helped him to buy agricultural supplies for growing corn and beans, and thus he also improved his earnings and he has been able to help his family in his home.

",0.0,1.0,to buy fertilizer and herbicides.,0,2012,0.0359953703703703,29.958344907407408,Agriculture,1.0,Yes,Yes,No,No,Yes,Yes,Yes
308973,female,1,individual,Retail,725.0,8,148,Association for Rural Development (ARD),2011-06-21T13:11:01Z,"This is a 32-year-old businesswoman.  She is single and has two children aged four and seven. In 2007, she established her drinks and provisions business. When she dropped out of school, she started up a business to help her provide livelihood for her children. Working seven days a week and 12 hours a day, she earns about Le 600,000 every month from this business. 

She would like a loan in the amount of Le 3,000,000. She requires a loan in order to purchase more drinks and provisions such as milk, mayonnaise, sugar. sardines, etc. for her business inventory. She hopes that this loan will enable her to increase her monthly profits by approximately Le 200,000. In the future she plans to educate her children to the highest level. She thanks you for your support.",1.0,0.0,"To buy more milk, mayonnaise, sugar and sardines for her business inventory.",0,2011,1.292326388888889,,Food & Trade,1.0,Yes,Yes,No,No,Yes,Yes,Yes
424409,male,1,individual,Food,200.0,8,167,PADECOMSM,2012-05-18T06:13:03Z,"Juan is requesting a loan because he wants to stock his business with fresh produce such as tomatoes, onions, chilis, potatoes and avocados, among other items that are necessary for his business and to bring in new customers.

The effect of his previous loan was positive. He increased his income and was able to keep a good flow of work that enabled him to cover his family's needs.",0.0,1.0,"to purchase tomatoes, onions, chilis, potatoes and avocados.",0,2012,0.0,29.99997685185185,Food & Trade,1.0,Yes,Yes,No,No,Yes,Yes,Yes
334888,female,1,individual,Retail,800.0,17,167,PADECOMSM,2011-10-11T04:58:08Z,"Cantalicia works in cosmetic sales. She lives with her husband and two children, who are 20 and 16 years old. She learned the cosmetics sales business through some friends, and she has been in the business for 6 years. She works from 2 pm to 5 pm.

She is applying for a loan to purchase cosmetics such as make-up, lipsticks, blush, eye shadow, and eye liner. This loan will help her improve the inventory that she offers to customers, with new styles and colors of makeup. Her only difficulty is that she sells on credit, and her customers don't pay their debts on time.

Cantalicia's intention is to work hard to raise her family, supporting her children and giving them a good opportunity to study so that they can aim ever higher.
",1.0,0.0,"to buy products to sell: make-up, lipstick, blush, eye shadow, and eye liner",0,2011,26.026446759259255,,Food & Trade,1.0,Yes,Yes,No,No,No,Yes,Yes
355478,male,1,individual,Construction,200.0,12,167,PADECOMSM,2011-11-17T16:07:32Z,"
Germán wants to buy metal sheeting and cement for his house so has decided on a new loan since the previous one helped him get farm supplies.  These investments he makes help him strengthen the business and at present to improve his house.  He wants to provide his family with better comfort and security this way.

Germán is grateful because he was late with some of the previous loan payments so he was hesitant to request again but thank God he was given another opportunity and he’s hoping this time not to have any misfortunes and to be able to pay punctually.
",0.0,1.0,to buy metal sheeting and cement.,0,2011,9.067025462962963,,Production & Construction,1.0,Yes,Yes,No,No,Yes,Yes,Yes
390167,female,1,individual,Health,200.0,6,119,Asociación Arariwa,2012-02-13T23:15:12Z,"The associate is a member of the Communal Bank “ATIPAY”. The bank is located in the district of Cusco, both part of the province and department of Cusco.

The associate is Gabriela. She is single 35-year-old. She alternates her daily activities with work. She’s a dentist and works in her office from 8am to 7pm every day. By way of this job, she’d like to get ahead. Her dream is to expand her office. The associate is requesting a loan to buy chairs for her dentist’s office. 

The associate is happy with her loan and promises to make her loan payments. 
",1.0,0.0,buy chairs for her dentist's office.,0,2012,0.114699074074074,30.041655092592592,Services,1.0,Difficult to tell,Yes,No,No,Yes,Yes,Yes
283300,male,1,individual,Manufacturing,300.0,8,167,PADECOMSM,2011-04-20T08:15:43Z,"Noé, 36 years old, lives in San Miguel.  He has an electrical shop.  He lives in his own house with his wife and one-year-old daughter.  He works in his house, where he has his shop, making balconies, railings, and doors.  Right now he needs to buy metal tubes and sheets for the development of his work.  He will buy these materials using a loan that will pay for the cost.

This investment will help him to be able to count on the resources necessary to carry out the work he takes on, improving the service and quality he provides to his customers.

His dream is to some day be able to expand the shop and create his own business in electronics.",0.0,1.0,to purchase metal tubes and sheets.,0,2011,0.0386805555555555,,Production & Construction,1.0,Yes,Yes,No,No,No,Yes,Yes
191718,female,1,individual,Transportation,1000.0,22,61,MAXIMA Microfinance,2010-04-27T19:30:13Z,"Mrs. Ya C. (in the photo), 52 and her husband, Mr. Samnang Kroes, 64, have been married since 1978 and have six children: four sons and two daughters. Two of them are married and live outside the family home, another two work for a garment factory, one is a chef, and other one is a construction worker. The family lives in a small village in the suburbs of Phnom Penh.  

Ya stays at home. The main source of income is from her children’s salaries. But, it’s very difficult for them to get to work. They must commute to work, which is very far from their home, and they have to take a motor taxi, which is very expensive. 

Therefore, Ya is asking for her first loan of $1,000 to purchase a motorcycle for her children to drive to work. 
",1.0,0.0,To purchase a motorcycle for her children to get work.,0,2010,19.083449074074075,,Services,1.0,Yes,Yes,No,No,Yes,Yes,Yes
322203,male,1,individual,Agriculture,250.0,8,163,HOFOKAM,2011-07-30T05:23:54Z,"Desman is a 26 year-old married man with three children, living in a semi permanent house in Fort Portal, Uganda.  He is solely charged with the responsibility of looking after the family and his dream is to own a permanent house.

After dropping out of school due to lack of funds, he decided to venture into farming and he is happy with the way business is growing.  Desman needs the loan to clear land for planting cow peas.  His dream is to buy a motorcycle for transportation purposes
",0.0,1.0,To clear land for planting cow peas.,0,2011,0.6068171296296296,,Agriculture,1.0,Yes,Yes,No,No,Yes,Yes,Yes
133848,female,1,individual,Transportation,1000.0,22,61,MAXIMA Microfinance,2009-09-24T17:23:38Z,"Mrs. Chamroeun H., 47, is widow with two daughters. All of them have a full-time employment. Besides of her children, she also has her nephew is living with her. Chamroeun lives in a small village along national road number two about 12 kilometers from Phnom Penh City.

Chamroeun has been a cleaner since 1998. She works for a garment factory. She travels to work by her bicycle very often. But, she now wants to purchase a motorbike; it will be more easily for her to manage to work. Hence Chamroeun is applying for a loan of $1,000 to make the purchases.
",1.0,0.0,To purchase a motorbike for commuting to drive to work.,0,2009,22.78699074074074,,Services,1.0,Difficult to tell,Yes,No,No,Yes,Yes,Yes
443335,female,15,group,Retail,5900.0,6,119,Asociación Arariwa,2012-07-16T06:01:18Z,"Part of the Santa Rosita de Lima communal bank in the district of Wanchaq in the province of Cusco, Grety is 34 and is married with one son. Alongside her daily chores she runs a business buying and selling clothes. She has spent years in this business, which is doing well thanks to the effort she puts in. She travels to Lima to buy her goods and then sells them to her customers, many of whom are family and friends. Grety is aresponsible member of the communal bank and eager to continue working for her family. She is requesting the loan to buy coats for her business.

The other members of the group are engaged in carpentry, buying and selling clothing, running a grocery store, selling furniture, and selling phone cards. 

Grety is grateful to have this access to credit and agrees to comply with the repayments.",9.0,6.0,To buy coats for her business,0,2012,19.9453125,30.0,Food & Trade,0.9333333333333332,Yes,Yes,No,No,No,Yes,Yes
158896,female,1,individual,Agriculture,700.0,15,61,MAXIMA Microfinance,2009-12-05T17:59:00Z,"Mrs. Pech P., 51, and her husband, Mr. Heng Lach, 50, are farmers. They grow many kinds of vegetables such as cauliflowers, bitter gourd and eggplant on their farmland in the village. This couple hopes to increase the volume of their products, so Pech is asking for her first loan of $700 to pay for plowing fees and to buy fertilizer and pesticide to use on her farm.
<p>
Pech and her husband (both are in the photo), live along National Road No. 1, about 17 kilometers from Phnom Penh. They were married in 1979 and have eight children: four sons and four daughters. Unfortunately, one of their sons has died. Four children are married and live outside the family home and one son assists his parents with their farming business. 




",1.0,0.0,To pay for plowing fees and to buy fertilizer and pesticides for her farm,0,2009,1.0894444444444444,,Agriculture,1.0,Yes,Yes,No,No,Yes,Yes,Yes
300221,female,2,group,Arts,400.0,8,97,FAPE,2011-06-02T16:25:52Z,"DUO AMOR D. DIOS

Mirna is single and her business is weaving products on a loom.  She also weaves belts by hand.  She needs this loan so that she can buy raw materials for making more products.  She says that she has an order right now and this is why she needs the loan.

Rosenda is married and has four children.  She also weaves products on a loom and also needs a loan to buy raw materials (threads) so that she can make her products and offer different colors and styles.",2.0,0.0,to buy raw materials for weaving products,0,2011,0.0734259259259259,,Production & Construction,1.0,Yes,Yes,No,No,No,Yes,Yes
339864,female,6,group,Retail,1175.0,12,189,VisionFund Indonesia,2011-09-27T19:31:42Z,"Pertiwi is 34 years old and married with four children. She is wearing a green shirt in the photo. Two of her children are of school age and are currently enrolled. The other two are ages one and four. She has owned a general store for five years. She will use this loan to expand her inventory in her store by purchasing more rice, oil, eggs, etc. She hopes that the expanded inventory will increase the profitability, allowing her to have more income to hopefully pay for all of her children's tuition through college.

Some of the other group members will use their loans to sell snacks and clothing on credit.",6.0,0.0,"to pay for rice, oil, eggs, and other daily-use items  to increase shop inventory.",0,2011,0.0,,Food & Trade,1.0,Yes,Yes,No,No,Yes,Yes,Yes
331789,female,8,group,Food,2275.0,7,162,Turame Community Finance,2011-08-28T16:47:07Z,"Chantal is a merchant, 26 years old, who lives in the town of Gihamagara in Gitega Province. She has been selling cassava flour and palm oil for six years. She is also a farmer. She went to school through the 6th grade. She is married to Zeduc, who also does commerce in beans. Together they have three children, of whom one is in primary school. 

The Kiva loan of 300,000 Fbu is going to enable Chantal to increase her capital to buy a lot of palm oil and cassava flour to resell in order to make a large profit. 

Chantal is a member of the community group “TWUNGUKE II”.
",6.0,2.0,to increase capital to buy a lot of palm oil and cassava flour to resell in order to make a large profit,0,2011,1.421550925925926,,Food & Trade,1.0,Yes,Yes,No,No,Yes,Yes,Yes
392775,female,10,group,Clothing,1975.0,8,163,HOFOKAM,2012-02-17T19:36:12Z,"Jane is 45 years old and operates a textile business in Kagadi, Uganda. She has run this business for 10 years now. She started as a shop attendant where she saved her monthly earnings and set up her business. Her business is affected by price fluctuations and inflation. She hopes to expand her business into new trading centers.

Jane is a member of Balikyegomba Kikonge, a village group where members guarantee each other in accessing loans. She wants the loan to buy clothes to sell.",6.0,4.0,to buy clothes to sell.,0,2012,0.0,30.04167824074074,Food & Trade,1.0,Yes,Yes,No,No,Yes,Yes,Yes
333252,female,28,group,Food,2375.0,7,162,Turame Community Finance,2011-09-15T13:59:35Z,"Matronne, age 45, is a merchant. She lives in Rutonde, Gitega Province, and she's been selling food products (avocados) for three years. She's also a cultivator. She attended elementary school up to the second year. She's divorced and the mother of four children, out of whom two attend school. 

Her share of the Kiva loan amounts to 100'000 BIF, and will enable her to bolster her working capital and buy lots of avocados, in order to turn a healthy profit. She's a member of the community group DUSABE",26.0,2.0,to buy and resell a large quantity of avocados,0,2011,7.228842592592593,,Food & Trade,0.9642857142857144,Yes,Yes,No,No,No,Yes,Yes
356540,female,1,individual,Retail,675.0,15,98,AFODENIC,2011-12-26T15:09:40Z,"Magda is a modest, enterprising woman. Her children are a student and a future professional. She has had a business selling a variety of cosmetics, since she stopped working for a private company, and up to now she has been maintaining her clientele. 

The previous loan was of great benefit to her family, as she has gradually improved their standard of living through the profits she has made.

With this loan she will buy products such as lipstick, eye shadow, eyebrow and lip pencils, as well as ladies' men's and children's perfume. She will also buy a variety of make-up and other products ordered by her customers, since they are the best gifts for the Christmas holiday season.

That is why she needs to increase her inventory and bring in new kinds of products.

She is grateful to the financial institution for supporting the development of her business, and her family's well-being, as they make a better future.",1.0,0.0,To buy merchandise.,0,2011,44.13847222222222,,Food & Trade,1.0,Yes,Yes,No,No,No,Yes,Yes
413654,male,1,individual,Agriculture,1000.0,15,110,Emprender,2012-04-26T02:04:44Z,Gerónimo is 20 years old. He is not married but he is in a relationship. The couple has a six month old baby. He is a farmer. His plot is located in Villa Esperanza. This loan is the second with the institution. Gerónimo will use this loan to purchase seeds for planting corn and to harvest corn. His reason for requesting the loan is to increase his working capital. Gerónimo will use the benefits to improve the performance of planting and harvesting products. Gerónimo is a young and hard working person who wants to move forward in order to improve the quality of life for his whole family. He feels very grateful to the institution for the opportunity offered to him. ,0.0,1.0,plant potatoes and harvest corn.,0,2012,3.0587962962962965,29.999988425925928,Agriculture,1.0,Yes,Yes,No,No,Yes,Yes,Yes
452747,male,1,individual,Transportation,775.0,6,119,Asociación Arariwa,2012-07-26T21:18:05Z,"This member's name is  Daniel. He belongs to the “Ricchary Runa” communal bank in the city of Cuzco - Perú, He is still doing his work with a moving service, work he has been doing for a long time. With it, he has been able to support his family and give his children an education. That is why, at this time, he will invest in maintenance of his work tools, which in this case is his vehicle. He will buy replacement parts, accessories, and do complete maintenance.

Daniel is very grateful to KIVA for allowing him to support himself and develop his activity and for supporting him with the financial growth and strength of his family.",0.0,1.0,to maintain his car and buy some accessories that it lacks.,0,2012,0.0,30.0,Services,1.0,Yes,Yes,No,No,No,Yes,Yes
335564,female,1,individual,Agriculture,375.0,6,119,Asociación Arariwa,2011-09-17T01:58:55Z,"This member belongs to the “SOLIDARIDAD-CACHIMAYO” communal bank, which is located in the district of Cachimayo, in the province of Urubamba and department of Cusco.

The member, Visitación, is 60 years old, married and has 7 children, all of whom are adults. She works raising young animals, like chickens, and pigs which she buys, raises and sells. She also has a pair of cows and now she wants to begin buying cattle to riase, reproduce and in the end, sell.

Visitación is a very charismatic and hardworking woman. She wants to continue doing this work, with the dream of buying cows in order to breed them and sell their offspring. She wants to leave her children with the example that old age does not prevent one’s dreams from coming true. She dreamed of having a large number of heads of cattle, which means having a minimum of 10 at her house, raising them, feeding them, breeding them and that was her dream. She is currently requesting the loan to invest in female calves.

Visitación is grateful for the support provided her and is committed to making her payments on time
",1.0,0.0,to buy female calves.,0,2011,0.0408680555555555,,Agriculture,1.0,Yes,Yes,No,No,Yes,Yes,Yes
369131,male,1,individual,Clothing,800.0,17,167,PADECOMSM,2012-01-27T14:39:38Z,"Brayan needs to invest in his business and so is again requesting a loan to buy jeans, shirts and underwear, thereby expanding the styles and colors of his merchandise.. This increases the possibility of improving his income and his family’s living conditions. He expects this investment to yield good results since sales increase in December",0.0,1.0,"to buy jeans, shirts and underwear.",0,2012,48.18717592592593,60.0,Food & Trade,1.0,Yes,Yes,No,No,No,Yes,Yes
151759,male,1,individual,Retail,1500.0,11,100,CJSC Bank Imon International,2009-12-14T04:48:21Z,"G. Bakhtier is 38 years old. He is married and has four adorable children of school age. Bakhtier’s wife is not working. She keeps house and takes care of their children. Bakhtier has a very large family. In addition to his wife and kids, he is supporting his parents and sister. To be able to do this, Bakhtier is running a business. He sells perfumery for women and men, deodorants, air fresheners, shaving cream, and more. All the goods are supplied from Almaty, Kazakhstan. Today, Bakhtier is requesting $1500 US dollars, as he is planning to expand his business and increase his capital. Bakhtier would like to thank all supporting him and promises to pay the loan in time. Your support will really help him. Be an important part of the growth of Bakhtier’s business.   
<p>
<b>More about Tajikistan and IMON International</b><br>
<p>
Tajikistan is perhaps best known for its rich history and diverse culture, which is a complex mixture of the Islamic faith, Soviet influence, New West culture, and Central Asian traditions. It served as a key post along the Silk Road and marked the end of Alexander the Great's extensive rule. It was the birthplace of the great Persian poet Rudaki and famous Islamic philosopher Ibn Sina. And it is home to epic mountain passes, communities that still speak the ancient Sogdian language, and a civilization that dates back to the 4th millennium BC.
<p>
But Tajikistan is also the poorest of the former Soviet republics. The civil war, which ignited soon after its independence from the U.S.S.R., further damaged the already weak economy. In addition, 93% of the country is mountainous and only 7% of the land is arable. These conditions have resulted in high levels of unemployment and have forced hundreds of thousands to seek work in other countries, mainly Russia. While the people of Tajikistan are working to improve its agricultural production and manufacturing sector, nearly two-thirds of the population still live in abject poverty.
<p>
<b>IMON’s History</b>
<p>
Since December 2007, IMON International has worked closely with Kiva and Kiva lenders to ensure that poor and low-income clients represent a viable business proposition. Funds raised through Kiva have already been distributed to thousands of IMON International's clients and will continue to provide thousands more with permanent access to the varied financial services they need. To learn more about IMON International's work, please visit: www.imon.tj
",0.0,1.0,Purchasing new goods for increasing his range of products,0,2009,30.137615740740745,,Food & Trade,1.0,Yes,Yes,Yes,No,Yes,Yes,Yes
173230,female,1,individual,Food,150.0,6,119,Asociación Arariwa,2010-02-02T01:55:25Z,"Guillermina is 31 years old, married, and has 3 children.  She belongs to the “Las Hijas de Maria” Communal Bank, of the Arariwa Association.  Guillermina gets up very early to do her household chores, including preparing breakfast for the children, and many other things.

She sells meals at the final bus stop of the Tupac Amaru transport enterprise.  She has dedicated herself to this business for 2 years, and things have gone well, thanks to the effort she puts into her work.

Guillermina needs a loan to pay her children's school fees, and to buy more business supplies, such as rice, vegetables and meat.  She is grateful for the opportunity offered by this means and, also, she promises to meet the corresponding payment schedule.  In the picture, she is carrying her 6-month-old daughter Ruth.<br /><p><strong>Translated from Spanish by Harold Sims, Kiva Volunteer</strong></p>",1.0,0.0,"PAYING HER CHILDREN'S SCHOOL FEES AND BUYING RICE, VEGETABLES, AND MEAT FOR HER BUSINESS",0,2010,0.0661921296296296,,Food & Trade,1.0,Yes,Yes,No,No,Yes,Yes,Yes
87159,female,1,individual,Reuse & Recycle,775.0,11,98,AFODENIC,2009-02-11T05:35:19Z,"Rosa is a real fighter.  At 41 years of age, she continues working to support her two daughters who are students, 12 and 18 years old.  What she wants more than anything is to see the young women professionally educated. She has sold second-hand clothes for 16 years, starting out with loans from a finance company.  Her husband works in a private enterprise, Traquinsa.  This is her seventh petition from Afodenic, which she has chosen to work with because of its low interest and good payment terms.  She wants to invest the money in the purchase of a bale of clothing and to buy uniforms, since it is time for class admissions.  Her plan is to be able to set up shop in a fixed premises in order to attract customers and to be able to sell more of her goods, which sell because of their low price and good quality.  Therefore, her hope is that her business will grow and that she will have her own, lovely shop.<br /><p><strong>Translated from Spanish by Heidi Petersen, Kiva Volunteer</strong></p>",1.0,0.0,To purchase a bale of clothing and uniforms,0,2009,1.3994444444444445,,Production & Construction,1.0,Yes,Yes,No,No,Difficult to tell,Yes,Yes
445306,female,1,individual,Retail,250.0,11,167,PADECOMSM,2012-07-05T01:46:25Z,"Vilma is always tending to her store. These days, she is interested in a new loan that will allow her to purchase more items to offer more variety in her store, non-perishable items such as noodles, rice, beans, and detergents, as well as bread, snacks, and cookies. Her desire is to maintain her customer base.

She says that her previous loan helped her to see a positive effect in her earnings through the purchase of merchandise which increased product availability for her customers, which in turn provided her with a better opportunity to make sales and be able to have more stability for her family.

",1.0,0.0,"to purchase noodles, rice, beans, detergents, and bread.",0,2012,4.0597916666666665,30.0,Food & Trade,1.0,Yes,Yes,No,No,No,Yes,Yes
279323,female,1,individual,Retail,1100.0,20,167,PADECOMSM,2011-03-22T22:48:45Z,"Leonila, 35, lives in San Miguel with a sister and a 17-year-old son.  She runs a boutique.  She started out as a street vendor but later got help from her mother to set up a fixed business.  This business was born three years ago.

She is asking for a loan to buy merchandise to stock the store.  It will help her strengthen it to provide customers with a wider variety of products like cosmetics and clothing.

This opportunity will give her more stability and better income for her home.  Her hopes are to set up a spacious business of her own with lots of merchandise.
",1.0,0.0,To buy cosmetics and clothes.,0,2011,15.158784722222222,,Food & Trade,1.0,Yes,Yes,No,No,No,Yes,Yes
447295,male,1,individual,Services,1100.0,26,167,PADECOMSM,2012-07-28T19:05:26Z,"
Rogelio lives in the company of his four children who re 25, 20, 18 and 17-years-old.  Everything depends economically on him.  Rogelio runs a corn mill.  He works every day from five in the morning until noon.  His advantage is that he has no competition in the zone.

He needs to repair a well and the cistern that help him generate water for the mill which is why he’s asking for the loan to be able to do the necessary repairs in the cistern and be able to continue working providing good customer service since he’s finding it difficult to work normally.  His goal is to continue providing a good service to his customers since this will allow him to continue to have income in order to improve his living condition with his children.
",0.0,1.0,to repair a well and the cistern.,0,2012,14.996805555555556,30.0,Services,1.0,Yes,Yes,No,No,No,Yes,Yes
217660,male,1,individual,Agriculture,1500.0,8,100,CJSC Bank Imon International,2010-07-26T05:52:38Z,"T. Jori is dedicated to agricultural work, which is the only income he has to support his family.  In his family he has his wife and 7 children. He has been dedicated to this business for several years and over time he has gained experience in cultivating crops. Today Jori has come to IMON International with the proposition of obtaining a loan to purchase seeds and fertilizer for planting. It is necessary to point out that in order to carry out the first planting you need to purchase the supplies and it is for this reason that Jori is confident that his loan request will be successfully granted and he will achieve his objective of having a good harvest to improve his economic situation.   


More about Tajikistan and IMON International

Tajikistan is known for its rich history, which includes a key post along the Silk Road and the end of Alexander the Great's rule. It has also produced great thinkers, philosophers, scientists and poets, including Rudaki, Avicenna, Ferdowsi, Omar Khayyam, Jomi, and Rumi. The country is home to communities that still speak the ancient Sogdian language, epic mountain passes, and a civilization that dates back to the 4th millennium BC. And, even today, it is a complex mixture of the Islamic faith, Soviet culture, New West culture and Central Asian traditions.

But Tajikistan is also the poorest of the former Soviet republics. The civil war, which ignited soon after its independence from the U.S.S.R., further damaged the already weak economy. In addition, 93% of the country is mountainous and only 7% of the land is arable. These conditions have resulted in high levels of unemployment and have forced hundreds of thousands to seek work in other countries, mainly Russia. While the people of Tajikistan are working to improve its agricultural production and manufacturing sector, nearly two-thirds of the population still live in abject poverty.

IMON's History

Since December 2007, IMON International has worked closely with Kiva and Kiva lenders to ensure that poor and low income clients represent a viable business proposition. Funds raised through Kiva have already been distributed to thousands of IMON International's clients and will continue to provide thousands more with permanent access to the varied financial services they need. To learn more about IMON International's work, please visit: www.imon.tj
",0.0,1.0,Purchasing of seeds and fertilizer,0,2010,2.6753935185185185,,Agriculture,1.0,Yes,No,No,Yes,No,Yes,No
225235,male,1,individual,Manufacturing,1050.0,14,100,CJSC Bank Imon International,2010-08-24T15:35:37Z,"N. Abdumumin is 52 years old. He is married with four children of school age. 
<p>
Abdumumin is a manufacturer. He produces wooden doors and window frames. His shop is located in his house. By working in the business for eight years, Abdumumin has become a rather experienced master. He now has students to whom he teaches the business. 
<p>
Because he produces high quality goods at acceptable prices, Abdumumin has many customers. He sells the doors and window frames from his house. There is also a trading place located in the local market. 
<p>
In general the business is very successful and generates a stable income for his family. 
<p>
Now, Abdumumin is planning to employ an additional woodworker so he can expand his business. For this reason, he requests 4,500 Somoni.  
<p>
More about Tajikistan and IMON International
<p>
Tajikistan is known for its rich history, which includes a key post along the Silk Road and the end of Alexander the Great's rule. It has also produced great thinkers, philosophers, scientists and poets, including Rudaki, Avicenna, Ferdowsi, Omar Khayyam, Jomi, and Rumi. The country is home to communities that still speak the ancient Sogdian language, epic mountain passes, and a civilization that dates back to the 4th millennium BC. And, even today, it is a complex mixture of the Islamic faith, Soviet culture, New West culture and Central Asian traditions.
<p>
But Tajikistan is also the poorest of the former Soviet republics. The civil war, which ignited soon after its independence from the U.S.S.R., further damaged the already weak economy. In addition, 93% of the country is mountainous and only 7% of the land is arable. These conditions have resulted in high levels of unemployment and have forced hundreds of thousands to seek work in other countries, mainly Russia. While the people of Tajikistan are working to improve its agricultural production and manufacturing sector, nearly two-thirds of the population still live in abject poverty.
<p>
IMON's History
<p>
Since December 2007, IMON International has worked closely with Kiva and Kiva lenders to ensure that poor and low income clients represent a viable business proposition. Funds raised through Kiva have already been distributed to thousands of IMON International's clients and will continue to provide thousands more with permanent access to the varied financial services they need. To learn more about IMON International's work, please visit: www.imon.tj",0.0,1.0,To employ another worker,0,2010,1.295474537037037,,Production & Construction,1.0,Yes,Yes,No,Yes,Yes,Yes,Yes
270264,female,15,group,Education,925.0,6,163,HOFOKAM,2011-02-03T05:34:13Z,"Dorothy is a 27-year-old married woman with three children living in her own house in Fort Portal, Uganda. She operates a nursery school and has been in service for 3 years now. It has been growing as pupils’ enrollment increases almost every term. With the money generated she has been able to buy land, and her goal is to build her own school and stop renting. Dorothy is requesting this loan to start building classrooms. She is a member of Kahuna Tweyimukye where each member guarantees each other’s loans. ",9.0,6.0,To build classrooms,0,2011,1.1347800925925926,,Services,1.0,Yes,Yes,No,No,No,Yes,Yes
260508,male,1,individual,Retail,600.0,11,110,Emprender,2010-12-26T00:22:03Z,"Wilson is dedicated to buying and selling replacement parts for vehicles, an activity he has been involved in for 3 years.  This is the means by which he supports his children and his beloved wife, who also tries to help the family financially when able by selling refreshments and other beverages.

The loan will help this family a great deal, by allowing him to expand his enterprise.  Wilson would like to buy replacement parts in bulk to supply his business.  He is a very hard-working young man, and gives thanks to the institution for the support it provides.
",0.0,1.0,Working capital to buy vehicle replacement parts.,0,2010,2.869328703703704,,Food & Trade,1.0,Yes,Yes,No,No,Yes,Yes,Yes
279325,female,1,individual,Food,550.0,17,167,PADECOMSM,2011-03-08T00:31:48Z,"Olga, 41 years old, resides in San Miguel and sells fruit and vegetables.  She lives with her husband and 8-year-old son.  

Olga conducts her business in the streets.  The necessity of helping her husband with household expenses and of looking after the needs of her son motivated her some 10 years ago to begin selling fruits and vegetables.

Olga requests a loan to buy more fruit, since she wishes to always be attentive to making purchases that help her to progress in business and grow economically, ever alert to assure her source of income.

Olga's aspirations are that her business should be strong and stable, and her son grow healthily and prepare himself professionally with her help.  

",1.0,0.0,BUYING FRUIT TO SELL AT HER STREET BUSINESS,0,2011,0.1331365740740741,,Food & Trade,1.0,Yes,Yes,No,No,No,Yes,Yes
359494,male,1,individual,Housing,425.0,14,100,CJSC Bank Imon International,2011-11-19T08:58:01Z,"Kurbonali is an energetic, talented young man. He is married and raising four children. He is very forward-looking and does everything for . At this time he is building a new home for his family. He provides taxi services in his Gazelle. He spends this revenue on construction. Winter is coming and he needs to cover the roof of his home; otherwise it might deteriorate. He is requesting a loan to buy building materials for covering his roof. He is grateful in advance for your help.
",0.0,1.0,purchase building materials to cover his roof,0,2011,0.9567708333333332,,Production & Construction,1.0,Yes,Yes,No,No,Yes,Yes,Yes
85415,female,1,individual,Services,1150.0,14,100,CJSC Bank Imon International,2009-01-24T22:17:32Z,"R. Shoira is 38 years old. She is married with two children. Shoira has a tailoring business at her home. Her business is sewing clothing for women and children. Her workmanship is very good and she has a good eye for design. She is very organized and has a good head for business. She has had this business for 8 years and this is her second loan from IMON International. With her loan, she is planning to purchase a new sewing machine. She promises to repay the loan in 12 months. Help this family improve the quality of their life by contributing to the growth of Shoira’s business. They will sincerely thank you for it.


More about Tajikistan and IMON International:

Tajikistan is perhaps best known for its rich history, which includes being a key post along the Silk Road; the end of Alexander the Great's rule; and its famous great thinkers, philosophers, scientists, and poets (including Rudaki, Ibn Sina (Avicenna), Firdousi, Omar Haiyam, Jomi, Mavlavi Rumi, and many others). The country is home to communities that still speak the ancient Sogdian language, epic mountain passes, and a civilization that dates back to the 4th millennium BC.  And, even today, it is a complex mixture of the Islamic faith, Soviet culture, New West culture, and Central Asian traditions. 

But, Tajikistan is also the poorest of the former Soviet republics.  The civil war, which ignited soon after its independence from the U.S.S.R., further damaged the already weak economy.  In addition, 93% of the country is mountainous and only 7% of the land is arable.  These conditions have resulted in high levels of unemployment and have forced hundreds of thousands to seek work in other countries, mainly Russia.  While the people of Tajikistan are working to improve its agricultural production and manufacturing sector, nearly two-thirds of the population still lives in abject poverty. 

IMON's History
Since December 2007, IMON International has worked closely with Kiva and Kiva lenders to ensure that poor and low-income clients represent a viable business proposition. Funds raised through Kiva have already been distributed to thousands of IMON International's clients and will continue to provide thousands more with permanent access to the varied financial services they need. To learn more about IMON International's work, please visit: www.imon.tj.",1.0,0.0,Purchasing a new sewing machine,0,2009,0.0,,Services,1.0,Yes,No,No,Yes,No,No,No
324364,male,1,individual,Agriculture,425.0,14,167,PADECOMSM,2011-08-25T08:28:54Z,"Adrián lives with his wife and two children.  He’s a farmer and raises livestock.  The business arose thanks to his father who has always been in the same line of work.  He does not have a fixed schedule to do the chores that farming demands.

At present, he’s requesting a loan to buy farming supplies like manure and pesticide.  Their purchase will allow him to have everything needed to work and obtain a good harvest on hand keeping the crop safe from infestations and preparing himself to offer the production to his customers.

Adrián’s objective is to grow and expand his crops, to obtain good harvests and thus guarantee food for his family.
",0.0,1.0,to buy manure and pesticide.,0,2011,13.117256944444444,,Agriculture,1.0,Yes,No,No,No,Yes,Yes,Yes
326609,female,1,individual,Housing,1000.0,15,61,MAXIMA Microfinance,2011-08-18T17:33:44Z,"Neang (pictured above), 57, is a widow without children. She is a tailor and she is hired to put together fabric swatches. She lives in the area surrounding Phnom Penh, the capital city of Cambodia.

Neang is asking for a loan of $1,000 to rebuild the kitchen where she cooks because it’s old and breaks.
",1.0,0.0,To rebuild the kitchen where she cooks because it’s old and breaks.,0,2011,0.0,,Production & Construction,1.0,Yes,Yes,No,No,Yes,Yes,Yes
369262,male,1,individual,Construction,1050.0,20,167,PADECOMSM,2012-01-01T23:14:09Z,"
Lucio lives with his wife and 20-year-old daughter.  He saws lumber.  He learned this occupation from his father and for many years he’s continued with this work.  His work schedule is flexible.

He needs the loan to buy a drill and lumber to saw and then sell at a better price thus providing his family with what they need.  Lucio’s objective is to grow in business increasing the number of customers to provide a good standard of living for his family.
",0.0,1.0,to buy a drill and lumber to saw.,0,2012,21.15547453703704,,Production & Construction,1.0,Yes,Yes,No,No,Yes,Yes,Yes
261404,female,1,individual,Retail,400.0,6,119,Asociación Arariwa,2011-01-03T11:38:00Z,"The member belongs to the ""Buena Esperanza"" Community Bank. The bank is located in the district of Cusco, belonging to the province of Cusco and the department of Cusco. The member is Mrs Justina. She is 50, married and has 3 children. She alternates her daily activities with her business. She owns a musical band named Show F.. She manages the band, arranging different engagements such as baptisms, birthdays and weddings. She wants to improve the musical band. She is requesting this loan to purchase uniforms for the musical band. She is happy to have this loan and promises to honour the payments of the quotas.",1.0,0.0,The member is requesting this loan to purchase uniforms for the musical band.,0,2011,2.1511342592592597,,Food & Trade,1.0,Yes,Yes,No,No,No,Yes,Yes
322235,male,1,individual,Retail,600.0,10,163,HOFOKAM,2011-08-25T23:37:08Z,"Joseph wants a loan to buy sugar, soap and salt. He is a Ugandan male, aged 43 years, who hails from the Kyenjojo district. He is a retailer and a father of 4 children, aged five to sixteen years old. He lives together with his wife and children. 

Joseph has been in this business, operating the retail shop, for seven years. With the proceeds of his retail sales, he has been able to pay school fees for his children. Limited capital limits his business plan and in the future he wants to start up a wholesale shop.     
",0.0,1.0,"to buy sugar, soap and salt to sell.",0,2011,26.782685185185183,,Food & Trade,1.0,Yes,Yes,No,No,Yes,Yes,Yes
144331,female,1,individual,Retail,750.0,7,98,AFODENIC,2009-10-26T16:19:42Z,"Mrs. Leslie is 46 years old.  She is single and has grown-up children who are independent. She has a law degree but is not using it fully.  She dedicates the majority of her time to manage a small store she has in her house in Cuapa Chontales. 

She is asking for her third loan to buy merchandise and invest in her store. She sells clothes, cosmetics, and other products her customers order. She is very grateful for the financing AFODENIC has provided since it's allowed her to grow her business little by little. Now she is a beneficiary of Kiva, which supports people who want to better themselves.<br /><p><strong>Translated from Spanish by Lydia Brantley, Kiva Volunteer</strong></p>",1.0,0.0,Clothing and cosmetic store,0,2009,12.31900462962963,,Food & Trade,1.0,Yes,Yes,No,No,No,Yes,Yes
199350,male,1,individual,Transportation,200.0,15,61,MAXIMA Microfinance,2010-05-07T22:18:11Z,"Mr. Ly K. and his wife, Mrs. Phanny Un (pictured), have been married for five years. They have eight children: five sons and three daughters. Five of them attend school, while the other three are still very young. The family lives in a small village off of National Road number Two, about fifteen kilometers from Phnom Penh. 

Ly has been driving a Tuk Tuk in Phnom Penh for more than four years. His wife used to sell Phak Lov (a meal cooked with pork) in front of a garment factory, but she left that business, and now runs a new business selling fish. 

Ly’s Tuk Tuk has broken down; it’s upset his business and made it difficult for him to continue earning money. Hence he is applying for a loan of US $200 to make the necessary repairs.

",0.0,1.0,To repair his Tuk Tuk,0,2010,0.0056481481481481,,Services,1.0,Yes,Yes,No,No,Yes,Yes,Yes
99868,female,1,individual,Food,325.0,6,119,Asociación Arariwa,2009-04-07T12:45:53Z,"Haydee is a member of the “Juntos de la Mano” (“Holding Hands”) Village Bank.  She is 36 years old and lives with her common-law husband and their two children, who are 12 and 6 years old.  Haydee sells chicken and fish in the market in Anta, a small town about forty minutes outside of the city of Cusco.  She has been in this business for the past eight years.  The meat is brought in on trucks from Cusco to Anta, an improvement from previous years, when Haydee had to personally travel to Cusco to buy meat.  She works seven days a week from 6am to 7pm, and sells about 800 soles’ worth of meat per day from her stand, of which 8%-10% is profit. 
<p>
Haydee is requesting a loan of 1000 soles to buy fish and seafood for Holy Week, a major holiday in predominately Catholic Peru.  She has pledged to repay her Kiva loan on time and in full.  Haydee’s dream for the future is to buy a plot of land on which to build a house for her family. 
	
",1.0,0.0,Buy fish and seafood.,0,2009,1.1567476851851852,,Food & Trade,1.0,Yes,Yes,No,No,No,No,No
408280,male,1,individual,Retail,700.0,8,148,Association for Rural Development (ARD),2012-04-19T01:22:57Z,"This is 33-year-oldld Abdul. He is married and has 2 children, aged 8 and 6 years.  He has 2 additional dependents who live with him for schooling.  

In 2006, Abdul established his business selling Top-Ups (cell phone service reloads) and all kinds of mobile  phone accessories, as well as movies, etc. He began his business because he was earning a very low salary and needed an extra source of income to support his family. Working 7 days a week and 10 hours a day, he earns about Le 900,000 from this business. 

Abdul would like a loan in the amount of Le 3,000,000 to buy different brands of mobile phones and their accessories. In the future, Abdul plans to open other centers that will be managed by his wife. He thanks you for your support",0.0,1.0,buy mobile phones and accessories,0,2012,19.87701388888889,30.0,Food & Trade,1.0,Yes,Yes,No,No,No,No,No
325377,male,1,individual,Agriculture,2100.0,12,100,CJSC Bank Imon International,2011-09-01T12:11:00Z,"Abduvali is an honest and conscientious man. He's married and the father of two children.  He has been farming for more than twelve years.  He plants potatoes every season and then sells them at local markets. He also raises cattle. He would like to expand his business and increase his working capital. He wants to use the profits so he can marry off his son and have a wedding.  Abduvali is seeking a loan for 2100USD to buy cattle and fuel.  He hopes the loans will support him.


",0.0,1.0,to buy cattle and fuel.,0,2011,22.854814814814816,,Agriculture,1.0,No,Yes,Yes,No,Yes,No,No
211943,female,1,individual,Services,725.0,5,119,Asociación Arariwa,2010-07-03T21:18:43Z,"The associate belongs to the  ""THREE MARIAS"" communal bank.  The associate lives in the district of Santiago in the province of Cusco, department of Cusco.  

The associate is Señora Veronica. She is 34 years of age and lives in a shared home.  She has 1 son.  The associate is studying tourism in the higher institute. She has worked in a travel agency for 5 years and she is learning a lot.  She wants to open her own travel and tourism agency.  The associate requests a loan to open an account to buy a computer.  

The associate very much appreciates the loan offered since this permits her to grow her business and to improve her quality of life.  She promises to make the payments according to the specified schedule.  

<br /><p><strong>Translated from Spanish by Barbara (B) Brown, Kiva Volunteer</strong></p>",1.0,0.0,To open an account to buy a computer for her work in tourism,0,2010,1.1032407407407407,,Services,1.0,No,Yes,No,No,No,No,No
441382,female,1,individual,Retail,400.0,6,119,Asociación Arariwa,2012-06-26T00:57:41Z,"This member belongs to the “RICHARY ANTEÑA” community bank which is located in Anta district, in Anta province, in Cusco department.

This member is Rosini.  She continues working in her business selling tractor (heavy machinery) parts.  She also continues selling iced treats as an itinerant vendor.  She sells the iced treats to her customers who request them.  Rosini is a determined and responsible person who has a great desire to continue making progress for the sake of her family.

Rosini is requesting this loan to buy supplies for making iced treats such as sugar, fruit and preservatives.  She is happy to be receiving her loan and pledges to make her repayments on time.",1.0,0.0,"to buy supplies for making iced treats such as sugar, fruit and preservatives",0,2012,1.0469675925925923,30.0,Food & Trade,1.0,No,No,No,No,Difficult to tell,No,No
345913,male,1,individual,Services,3000.0,14,100,CJSC Bank Imon International,2011-12-22T04:13:07Z,"Akmal is 27 years old, single.  He has a dealer center, located in the town center.  He has been involved in this business for three years and has work experience.  It is always crowded in his dealer center because there are many government offices and other sites near his center.  His work is always in demand.  Akmal wants to obtain a loan in the sum of $3000 to purchase a computer and expand his business.  Akmal relies on your support and thanks you in advance for your help.",0.0,1.0,to purchase a computer and expand his business,0,2011,50.341388888888886,,Services,1.0,No,Yes,No,No,No,No,No
473218,male,1,individual,Agriculture,500.0,9,199,CrediCampo,2012-10-17T21:16:24Z,"José, 42, is married and has four children.  He’s been doing agricultural work since he was little because he was the oldest brother and had to help his father with the work.  At the age of 19 he got married and continued working alongside his father but when his children were born he started to work for himself.  

In order to buy his farm supplies, he has to travel to the city which is 15 kilometers from home and then he has to pay transport costs to bring them home.  From home he takes them by cart to the place where he has his crops which is a kilometer from his house.

The loan he’s asking Fundación Campo for is to buy fertilizer and manure and to pay labor costs for his corn crop.  He hopes the investment will improve corn production and his standard of living and that his children are able to attend university.
",0.0,1.0,"to buy fertilizer, manure and to pay labor costs.",0,2012,16.073854166666667,30.0,Agriculture,1.0,No,No,Yes,Yes,Yes,No,No
253559,male,1,individual,Food,800.0,20,167,PADECOMSM,2010-11-30T04:35:44Z,"Edwin is a hard-working young man and a dreamer who wishes to improve himself.  He is 19 years old and lives in Arambala, in Morazán department.  He raises tilapia.  Edwin is single and lives with his parents.  He studies in the mornings and in the afternoons he works with his father raising tilapia and doing farm work.

Edwin has been doing farming and livestock work since he was a little boy and he has been raising tilapia for one year.  He also grows vegetables, corn and beans.  His father is his main support.  At the moment, Edwin would like to build a pond to increase his tilapia production area since the pond he has now is already too small.  He would like to take advantage and build another.  This loan will also help him to improve the place where he looks after his fish and will allow him to improve his income so that he can help his family.

Edwin dreams of finishing his secondary education and starting a university course so that he can continue helping his family and, in the future, be able to own his own home.",0.0,1.0,To build a pond to raise tilapia (fish),0,2010,0.2746643518518518,,Food & Trade,1.0,No,Yes,No,No,Yes,No,No
398130,female,1,individual,Housing,800.0,14,110,Emprender,2012-03-03T12:06:06Z,"Andrea's main business activity is selling spare parts, sandpaper and sheets for power saws.  She makes her sales in the busiest market in the city of El Alto on Thursdays and Sundays.  She also makes aprons for cholitas (women who wear traditional clothing).  She sells these products at the same time as she sells her other items. 

Andrea is an existing client who has a good payment record.  She will invest her loan in paying workers to build a retaining wall at her home.  She lives in Tacagua district, in her own home.  Her husband is a rural teacher and he helps her to cover their household expenses.  Andrea has one 16-year-old son in her care who is attending high school and also helps her in some of her activities.  Andrea is a very hard-working person who feels happy and grateful to the institution for the support they have provided.",1.0,0.0,to pay workmen to build a retaining wall,0,2012,3.0388657407407407,30.04167824074074,Production & Construction,1.0,No,No,No,No,No,No,No
336383,female,1,individual,Entertainment,500.0,11,110,Emprender,2011-09-19T12:22:26Z,"Sonia, 48, was born in Monteagudo-Chuquisaca. Many years ago she came from  Santa Cruz looking for new opportunities and this is where she now lives with her husband.   She has two adult daughters.

Sonia rents tables and chairs for social events and also decorates salons.  This is the only business that supports her financially.  She will use the loan to buy cloth to decorate tables and chairs.

This client is very grateful to the institution for their confidence in her.
",1.0,0.0,to buy material for decorating,0,2011,1.022488425925926,,Services,1.0,No,No,No,No,No,No,No
305936,male,1,individual,Agriculture,1000.0,22,61,MAXIMA Microfinance,2011-06-11T22:45:57Z,"Sophea, 29, is a driver. He also supplements his income with another business – buying cows and oxen and selling them to a middleman who comes to buy them at his house. His wife, Srey Oun plants small mango trees and sells them from home.  The couple lives in a village off National Road Number Two, about twenty kilometers south of Phnom Penh.   They have been married since 2008 and just had a young daughter. 

Sophea is asking for a loan of $1,000 to purchase more cows and oxen for sale.

",0.0,1.0,purchase more cows and oxen,0,2011,1.844375,,Agriculture,1.0,No,No,No,No,Yes,No,No
365375,female,1,individual,Food,375.0,8,119,Asociación Arariwa,2011-12-02T17:23:29Z,"Dolores is still working in her business: she runs a restaurant and tends to it every day. As always, she gets up very early to do so. In the future, she wants to fit out her restaurant and make it bigger so that she can buy more tables and chairs and have more customers. She now wants to invest in the purchase of kitchen utensils wholesale. She wants to buy bags of rice, sugar for the drinks, potatoes by the kilo, pasta in boxes, a large barrel of oil, condiments, and spices. She wants to make this investment in order to have more income. She is requesting this loan for the purchase of kitchen supplies.",1.0,0.0,to invest in the purchase of kitchen supplies.,0,2011,3.2592476851851853,,Food & Trade,1.0,No,No,No,No,No,No,No
277654,female,1,individual,Construction,375.0,12,98,AFODENIC,2011-04-03T16:27:17Z,"Leydi is a hard-working woman who has worked in sales for more than six years selling cosmetics and clothing.  She began with little capital but desired to help support her family.  Her husband is a mechanic and together they support their two small children.
<p>
Afodenic has helped strengthen her business with loans that it provides.  Fifty percent of her products are sold on credit and she collects from her clients every other week.  She will use this loan to begin construction of a room to have more space and she will use the money to buy construction materials.  She is happy to be able to meet her goal.",1.0,0.0,To add on a room in her home,0,2011,2.3939120370370373,,Production & Construction,1.0,No,Yes,No,No,No,No,No
427243,female,12,group,Food,2750.0,6,119,Asociación Arariwa,2012-05-27T16:31:12Z,"A group of neighbors and friends formed the community bank ""Sr. de Huanca de Coya"", in the district of Coya, Calca province, in the administrative division of Cusco. This communal bank is made up of people who are constantly looking for opportunities to succeed, and through their daily efforts they will provide a better future for their children. The bank is organized as follows - Graciela is the president, Mario is the secretary, Rosa is the treasurer and  Cristina is the attorney.

Some of the members have businesses such as selling crafts, small animal husbandry, buying and selling cattle, raising cattle and selling food, while others provide shuttle services, or work as bricklayers and civil servants.
 
Graciela is 46 years old, married, and has three children as a result of this union. Graciela is in the food business and has a small restaurant serving breakfast, lunch and various regional dishes. She has had her business for 15 years and is doing very well thanks to the effort she puts into it. This time, Graciela requires a loan for the maintenance of her premises and to repair the doors and tables.

The members appreciate the opportunity offered to them, and pledge to comply with the payment of their dues within the prescribed period.

Cusco is located in the district and province of Cusco, Cusco department, in the heart of the ancient city of the Incas. It is known as a tourist area due to its archaeological sites in the historic center, for its landscapes and for being a lovely city in the Southern Region of the country. Cusco is known for its traditional Inti Raymi festival, and it is home to one of the seven wonders of the world, ""Machupicchu"".",7.0,5.0,"to carry out maintenance of the restaurant premises, and repair the doors and tables.",0,2012,1.986828703703704,30.0,Food & Trade,0.9166666666666666,No,Yes,No,No,No,Yes,No
296596,female,1,individual,Retail,200.0,6,119,Asociación Arariwa,2011-05-09T03:11:56Z,"
The communal bank is called “PRO DESARROLLO” and is located in the town of Pisac belonging to Calca Province, Cusco Department.

Alicia, 29, is the member.  She has a spouse and two children who are 9 and 6 years of age.  She runs a restaurant with her aunt but she also alternates this activity with running a grocery store.  She is new to the communal bank; her aunt invited her to be part of this group and the other members accepted her because she’s a responsible, hard working woman.

She wants the loan to buy basic need items for her store at wholesale and also for the restaurant since they both work in partnership and have to invest half in it.  She wants the loan to invest in her businesses.

She is grateful and expresses that she will meet her repayment obligations in a disciplined way.
",1.0,0.0,to buy stock items for her store and invest in her restaurant.,0,2011,0.0777199074074074,,Food & Trade,1.0,No,No,No,No,No,No,No
200198,male,1,individual,Personal Use,800.0,21,61,MAXIMA Microfinance,2010-06-02T18:28:06Z,"Mr. Phun V., 42 and his wife, Mrs. Bunthorn Chea, 39, live along National Road Number One, about 17 kilometers from Phnom Penh. They have been married since 1992 and have three children – one son and two daughters. One of their children is a garment factory worker and the other two children study in a local school. The couple is shown in the photo. 
<br>Mr. Phun V. is a fisherman and does construction work. He is requesting a loan of $800 to purchase a motorbike for his daughter to get to work and to build a restroom for his family to use.   
",0.0,1.0,To purchase a motorbike for his daughter to get work and build a restroom for his family,0,2010,20.616701388888888,,Food & Trade,1.0,No,No,No,Yes,No,No,No
281237,female,1,individual,Retail,950.0,8,148,Association for Rural Development (ARD),2011-03-18T00:21:58Z,"This is 37-year-old Isatu. She is married and has two children aged thirteen and seven, plus one additional dependent who lives with her because she is her younger sister. In 2006, Isatu established a plastic bowl business. She began her business because she wanted to be independent. Working seven days a week and ten hours a day, she earns about 1,162,200 SLL every month from this business. She would like a loan of 4,000,000 SLL to buy more business stock. Isatu hopes that this loan will enable her to increase her monthly profits by approximately  230,000 SLL. In the future, she plans to build a house and educate her children. She thanks you for your support.

",1.0,0.0,To buy more plastic bowls for her business,0,2011,6.220532407407408,,Food & Trade,1.0,Yes,Yes,No,No,No,No,No
381448,female,5,group,Clothing,1325.0,6,187,MicroStart,2012-02-01T14:25:33Z,"Wendpagnagde Florence is the representative of the LA PAIX group. She is single and has no children. She has two people to support.

She has been selling ready-made clothing and loincloths for five years now. She gets her supplies from the big market in the city of Ouagadougou. Her customers are men, women, and children.

She wants to buy five loincloths and six dozen sets of ready-made clothes for children.

She uses her profits to increase her supply. She would like to get supplies from outside of Burkina Faso, from countries such as Togo and the Republic of Côte d'Ivoire.",5.0,0.0,to buy five loincloths and six dozen sets of ready-made clothing for children,0,2012,0.2670833333333333,30.0,Food & Trade,1.0,No,Yes,No,No,No,No,No
334810,male,1,individual,Services,3000.0,20,100,CJSC Bank Imon International,2011-10-28T17:13:09Z,"Rahimchon is a goal-oriented and conscientious person.  He is married and is a father of three children.  He tries to ensure that his children grow up to become educated and good people, and that they could work in good companies and opened their own businesses.  Rahimchon is involved in repairing and selling cars.  He buys cars first-hand and then sells them at a more profitable price.  He repairs and paints cars himself, and this allows him to reduce car repair expenses.  His brothers help him.  He started his business one year ago with small car repairs and now owns a private repair shop in the local town.  Rahimchon wants to obtain a loan in the sum of $3000 for the purchase of a car.  He thanks everyone who supports him in advance.",0.0,1.0,to purchase a car,0,2011,26.925636574074076,,Services,1.0,No,No,No,No,No,No,No
404766,male,1,individual,Agriculture,500.0,26,61,MAXIMA Microfinance,2012-04-11T21:47:28Z,"Saroeun (in the photo), age 42, purchases, raises, and sells cows. His wife, Samet, age 47, sells Cambodian sweets at home. They have been married since 1990 and they have three sons and one daughter. All of their children are in school. 

Saroeun wants to expand his business by buying additional cows to raise. Hence, he is asking for a loan of $500 to have enough capital. 
",0.0,1.0,To purchase cows for resale later on.,0,2012,8.727361111111112,30.0,Agriculture,1.0,No,No,No,No,Yes,No,No
219589,male,1,individual,Agriculture,1000.0,15,110,Emprender,2010-07-31T19:55:07Z,"Valerio was born on December 9, 1976, in Chuquisaca. He is married, and his wife, Natividad, is also from Chuquisaca. They have two school-aged children. For the past 16 years, Valerio has had fields in Pakay where he works growing yuca, corn and sweet potatoes. In his off hours, he works as a taxi driver on the Santa Rita / Pakay route. He takes all of his harvest to Torno to sell. With the funds from the loan, he will hire laborers to prepare the fields for planting, and he will also buy seeds. He is a responsible and very hard-working person, and he is very grateful to Emprender and Kiva for the confidence placed in him in granting the loan.    						
						
						
						
						
						
						
						
						
						
						
						
						
						
<br /><p><strong>Translated from Spanish by Patricia Linderman, Kiva Volunteer</strong></p>",0.0,1.0,Preparing his fields for planting,0,2010,0.9340625,,Agriculture,1.0,No,Yes,No,No,Yes,No,No
320678,female,1,individual,Housing,375.0,14,98,AFODENIC,2011-08-03T16:20:04Z,"Angela, very much a worker in a tough job, has been helping her family for 11 years. She washes and irons clothes afternoons until 4:00 when she finishes, plus weekends. What she achieves is to provide improvements in food for her family. She can count on help from her husband, who works in security services.

Angela's objective is to improve her house, which they have been repairing, thanks to financing from Afodenic during 4 loan cycles. Now, this new loan will be used to plaster walls and finish closing the room they began with the last loan and failed to finish due to lack of construction materials.

Angela will buy materials such as cement blocks, sand, cement, and sponges, and then start the construction. She is content because each day, her house is in better condition.",1.0,0.0,buy construction materials to plaster walls and finish a room in her house.,0,2011,2.388136574074074,,Production & Construction,1.0,No,No,Yes,Yes,No,No,No
277499,female,1,individual,Services,325.0,12,98,AFODENIC,2011-03-02T02:19:34Z,"Gelgi works in her house where she has worked in her tailoring business or more than sixteen years. Previously she worked part time when she was employed as a security guard.  In order to give more attention to her children she decided to dedicate one hundred percent of her time to tailoring, making casual clothing and suits. 

Afodenic has granted her loans to invest in her business. She also receives funds from her brother that works as a welder on his property. 

With this new loan she will purchase fifty yards of fabrics and embroidery to make dresses, shirts, pants, and shorts. She expects to fill the orders that have been placed.
",1.0,0.0,To purchase fabrics and embroidery to fill orders that have been placed.,0,2011,0.284375,,Services,1.0,No,Yes,No,No,No,No,No
287669,female,1,individual,Retail,550.0,8,119,Asociación Arariwa,2011-04-04T12:00:27Z,"Nelly Maritza belongs to the 'Santa Rosita de Ayllupampa' community bank which is located in Urubamba district, in Urubamba province, in Cusco department.

Nelly is 25 years old.  She lives with her partner and has 1 child.  She divides her time between her daily activities and her businesses selling candy and raising animals such as guinea pigs.  Nelly has a small cart where she sells different candy such as lollipops, cookies, soda and chewing gum.  She raises her animals in Urubamba province.  She would like to expand and improve her two small businesses.

Nelly is requesting a loan to buy candy wholesale.  She would also like to buy feed for her guinea pigs.  She is happy to be receiving this loan and pledges to make her repayments on time.",1.0,0.0,to buy candy wholesale and to buy feed for her guinea pigs,0,2011,0.0697337962962963,,Food & Trade,1.0,No,No,No,No,No,No,No
364550,female,1,individual,Food,700.0,6,119,Asociación Arariwa,2011-12-04T23:53:05Z,"Mrs. Nancy is 55 years old and has three children.  She runs a grocery store and sells essential goods such as rice, sugar, milk, oil and other products.  Her work hours are from 8:00 a.m. to 10:00 p.m.  Through this business she has been able to support her children.  She wants to expand her store and is requesting a loan to buy products wholesale, such as rice, sugar, milk and oil.

She is very grateful for the support and committed to paying back the loan on time.",1.0,0.0,"To buy products wholesale, such as rice, sugar, milk and oil for her grocery store.",0,2011,5.759004629629629,,Food & Trade,1.0,No,No,No,No,No,No,No
118810,male,1,individual,Agriculture,475.0,8,100,CJSC Bank Imon International,2009-06-26T20:40:41Z,"A. Makhsud, aged 36, is married with 4 children. He earns his living through farming, specifically planting potatoes, carrots, and onions. Makhsud seeks room for expanding the business and creating an opportunity for his market, especially during the times he is waiting to harvest. He needs an alternative that can help him save for his children's higher education. Makhsud requests a loan of 2000 Somoni that he will spend for purchasing seeds and fertilizer for his crop.   <P>

More about Tajikistan and IMON International<P>

Tajikistan is known for its rich history, which includes a key post along the Silk Road and the end of Alexander the Great's rule. It has also produced great thinkers, philosophers, scientists and poets, including Rudaki, Avicenna, Ferdowsi, Omar Khayyam, Jomi, and Rumi. The country is home to communities that still speak the ancient Sogdian language, epic mountain passes, and a civilization that dates back to the 4th millennium BC. And, even today, it is a complex mixture of the Islamic faith, Soviet culture, New West culture and Central Asian traditions.<P>

But Tajikistan is also the poorest of the former Soviet republics. The civil war, which ignited soon after its independence from the U.S.S.R., further damaged the already weak economy. In addition, 93% of the country is mountainous and only 7% of the land is arable. These conditions have resulted in high levels of unemployment and have forced hundreds of thousands to seek work in other countries, mainly Russia. While the people of Tajikistan are working to improve its agricultural production and manufacturing sector, nearly two-thirds of the population still live in abject poverty.<P>

IMON's History<P>

Since December 2007, IMON International has worked closely with Kiva and Kiva lenders to ensure that poor and low income clients represent a viable business proposition. Funds raised through Kiva have already been distributed to thousands of IMON International's clients and will continue to provide thousands more with permanent access to the varied financial services they need. To learn more about IMON International's work, please visit: www.imon.tj

",0.0,1.0,Purchasing seeds and fertilizer,0,2009,0.1045833333333333,,Agriculture,1.0,No,No,Yes,No,Yes,No,No
294075,female,1,individual,Agriculture,375.0,8,119,Asociación Arariwa,2011-05-03T04:05:28Z,"The member belongs to the community bank ""Ollantay D. Wayracpuncu"". This bank is located in the Urumbamba province and the department of Cusco.
The member is Elva. She is married and 71 years old. She has 5 children, and her children are already independent and all are married and live in their own homes. The member works in the livestock traD.. She has dairy cows and she sells her produce to the schools. She is married to Augusto, who is also a member of the bank. She has had this business for many years, but has been selling milk to the schools and to PRONA (a government program that provides milk to school children) for three years. The member wants to buy horses and she needs the money to be able to invest in buying them. She is requesting the money to buy horses.
The member is very grateful for the loan and promises to complete the repayments in a disciplined way.

",1.0,0.0,La socia solicita el préstamo para invertir en la compra de caballos.,0,2011,2.219050925925926,,Agriculture,1.0,No,Yes,No,Yes,Yes,No,No
167067,male,1,individual,Food,800.0,8,148,Association for Rural Development (ARD),2010-01-10T20:06:01Z,"Abdul K. is a father of  four children, married to a woman who is a farmer.  All of his children are in primary school.  Abdul owns a store where he sells rice and other agricultural products.  He has had several other businesses until a couple of years ago when he started selling rice.  His wife, though a farmer, usually helps Abdul in the store, and its profits are used to care for his family.  Abdul is seeking a loan get more stock for his shop, thereby expanding his capital and income. ",0.0,1.0,to buy rice for his store,0,2010,2.642939814814815,,Food & Trade,1.0,No,No,No,No,Yes,No,No
355116,female,1,individual,Food,400.0,14,167,PADECOMSM,2011-11-22T01:47:40Z,"Maria is requesting a loan to invest in her small business selling groceries, fish and shellfish.  She decided to request this financing so that she can make her business stronger and have cash available.  Maria will purchase fish, shrimp, oysters and other shellfish to offer to her customers.  Her situation has improved with these loans, and the money from the new loan will allow her to purchase fresh products to offer to her customers and increase her sales.  
",1.0,0.0,"to purchase fresh fish, as well as shrimps and oysters to sell.",0,2011,12.039583333333333,,Food & Trade,1.0,No,No,No,No,Yes,No,No
